Activity ID,Activity Date,Activity Name,Activity Type,Activity Description,Elapsed Time,Distance,Max Heart Rate,Relative Effort,Commute,Activity Private Note,Activity Gear,Filename,Athlete Weight,Bike Weight,Elapsed Time,Moving Time,Distance,Max Speed,Average Speed,Elevation Gain,Elevation Loss,Elevation Low,Elevation High,Max Grade,Average Grade,Average Positive Grade,Average Negative Grade,Max Cadence,Average Cadence,Max Heart Rate,Average Heart Rate,Max Watts,Average Watts,Calories,Max Temperature,Average Temperature,Relative Effort,Total Work,Number of Runs,Uphill Time,Downhill Time,Other Time,Perceived Exertion,Type,Start Time,Weighted Average Power,Power Count,Prefer Perceived Exertion,Perceived Relative Effort,Commute,Total Weight Lifted,From Upload,Grade Adjusted Distance,Weather Observation Time,Weather Condition,Weather Temperature,Apparent Temperature,Dewpoint,Humidity,Weather Pressure,Wind Speed,Wind Gust,Wind Bearing,Precipitation Intensity,Sunrise Time,Sunset Time,Moon Phase,Bike,Gear,Precipitation Probability,Precipitation Type,Cloud Cover,Weather Visibility,UV Index,Weather Ozone,Jump Count,Total Grit,Average Flow,Flagged,Average Elapsed Speed,Dirt Distance,Newly Explored Distance,Newly Explored Dirt Distance,Activity Count,Total Steps,Carbon Saved,Pool Length,Training Load,Intensity,Average Grade Adjusted Pace,Timer Time,Total Cycles,Recovery,With Pet,Competition,Long Run,For a Cause,With Kid,Downhill Distance,Total Sets,Total Reps,Media
19336887960,"Jul 16, 2026, 1:00:41 PM",1km Repeats,Run,"The Full Marathon Race (NYC) Plan (Week 2/17)

1.3mi warm up at a conversational pace (no faster than 8:40/mi), 90s walking rest

3 reps of:
• 0.62mi at 6:50/mi (6:35-7:05/mi), 90s walking rest

0.8mi cool down at a conversational pace (or slower!)",2352,7.43,,,false,,ASICS gel-kayano 32,activities/20455929715.fit.gz,,,2352.0,2335.0,7431.0,6.8,3.182,0.0,3.2,177.4,180.7,5.2,0.0,,,,,,,,,725.0,,,,,,,,,,,,,,0.0,,0.0,,1.0,7432.7,,,,,,,,,,,,,,,,25364390.0,,,,,,,,,,,3.159,238.3,,,,,0.0,,,,3.183,,,,,,,,,,,,media/7e50173c-da64-437b-9881-356accbf3e47.jpg
19329595122,"Jul 15, 2026, 10:15:19 PM",Afternoon Tennis,Workout,[strava://athletes/108771408/12]Nina Ferrara ,2684,1.49,182.0,8,false,,,activities/20448513160.fit.gz,,,2684.0,2078.0,1493.8,2.56,0.719,0.0,0.0,182.0,182.0,0.0,0.0,,,117.0,58.0,182.0,111.0,,,297.0,,,8.0,,,,,,,,,,,,,0.0,,1.0,,,,,,,,,,,,,,,,,,,,,,,,,,,,0.557,0.0,,,,2546.0,0.0,,,,,,2546.0,,0.0,,,,,,,,""
19326172714,"Jul 15, 2026, 4:49:43 PM",Upper Body Lift with Runna ✅,Weight Training,"The Full Marathon Race (NYC) Plan (Week 2/17)

• Press Up Position Walk Out: 20s, 20s, 20s
• Diagonal Toe Tap: 20s, 20s, 20s
• Press Up Position Diagonal Toe Tap: 20s, 20s, 20s
• Bear Crawl: 20s, 20s, 20s
• Press Up: 5 reps, 5 reps
• Shoulder-focused Press Ups: 8 reps, 8 reps
• Back Extension: 8 reps, 8 reps
• Mountain Climber: 10 reps, 10 reps
• Superman: 5 reps, 5 reps
• Burpee: 10 reps, 10 reps
• Side Plank Leg Raise: 12 reps, 12 reps
• Side Plank: 40s, 40s",2070,0,,,false,,,,,,2070.0,2070.0,0.0,,0.0,,,,,,0.0,,,,,,,,,,,,,,,,,,,,,,,,,0.0,0.0,1.0,,,,,,,,,,,,,,,,,,,,,,,,,,,,0.0,0.0,,,,,0.0,,,,,,,,,,,,,,28,116,""
19316778570,"Jul 14, 2026, 11:20:06 PM",Evening Run,Run,,4421,8.68,173.0,60,false,,On Cloudventure cloudmonster 3 hyper,activities/20435481656.fit.gz,,,4421.0,2833.0,8688.1,6.32,3.067,10.2,10.6,177.1,181.0,5.6,0.0,,,84.0,78.0,173.0,149.0,,353.0,757.0,,,60.0,1034137.0,,,,,,,,328.0,4422.0,,,0.0,,1.0,8703.2,,,,,,,,,,,,,,,,32216545.0,,,,,,,,,,,1.965,2943.4,,,,7604.0,0.0,,425.0,186.0,3.072,,,,,,,,,,,,""
19315480117,"Jul 14, 2026, 9:26:24 PM",Afternoon Tennis,Workout,Teaching [strava://athletes/23498370/13]Ignacio Jasso tennis,2412,1.24,130.0,4,false,,,activities/20434167602.fit.gz,,,2412.0,1511.0,1243.2,2.7,0.823,0.0,0.0,182.0,182.3,0.0,0.0,,,120.0,60.0,130.0,109.0,,,249.0,,,4.0,,,,,,,,,,,,,0.0,,1.0,,,,,,,,,,,,,,,,,,,,,,,,,,,,0.515,0.0,,,,2410.0,0.0,,,,,,2410.0,,0.0,,,,,,,,""
19297451921,"Jul 13, 2026, 4:45:09 PM",Lunch Weight Training,Weight Training,,1987,0,114.0,3,false,,,activities/20415882954.fit.gz,,,1987.0,1987.0,0.0,0.0,0.0,0.0,0.0,,,0.0,0.0,,,,,114.0,84.0,,,121.0,,,3.0,,,,,,,,,,,,,0.0,0.0,1.0,,,,,,,,,,,,,,,,,,,,,,,,,,,,0.0,0.0,,,,,0.0,,,,,,182.0,,,,,,,,6,91,""
19297411858,"Jul 13, 2026, 4:44:28 PM",Lower Body Strength Workout with Runna ✅,Workout,"The Full Marathon Race (NYC) Plan (Week 2/17)

2 sets of:
• Heel Walks
• Travelling Press Up Walk out
• Squat to Calf Raise
• Walking Lunge

2 sets of:
• Lateral Walk
• Double Leg Skipping

2 sets of:
• Front Leg Raised Lunge
• Hip Drop

2 sets of:
• Hamstring Walkout
• Knee Drive

2 sets of:
• Figure of 8s
• Squat Thrusts",2015,0,,,false,,,,,,2015.0,2015.0,0.0,,0.0,,,,,,0.0,,,,,,,,,,,,,,,,,,,,,,,,,0.0,,0.0,,,,,,,,,,,,,,,,,,,,,,,,,,,,0.0,0.0,,,,,0.0,,,,,,,,,,,,,,,,""
19289212590,"Jul 13, 2026, 1:31:11 AM",Evening Ride,Ride,,1299,4.89,130.0,3,false,,,activities/20407507290.fit.gz,,,1299.0,1093.0,4895.5,7.12,4.479,39.0,26.0,168.2,196.6,34.2,0.3,,,,,130.0,107.0,,85.0,147.0,,,3.0,,,,,,,,,,,,,0.0,,1.0,,,,,,,,,,,,,,,,,,,,,,,,,,,,3.769,0.0,,,,,0.0,,,,,,,,,,,,,,,,""
19288305728,"Jul 12, 2026, 10:03:43 PM",Afternoon Tennis,Workout,,3740,2.05,166.0,9,false,,,activities/20406579875.fit.gz,,,3740.0,2715.0,2056.9,2.66,0.758,0.0,0.0,177.6,178.1,5.8,0.0,,,106.0,54.0,166.0,116.0,,,438.0,,,9.0,,,,,,,,,,,,,0.0,,1.0,,,,,,,,,,,,,,,,,,,,,,,,,,,,0.55,0.0,,,,3724.0,0.0,,,,,,3724.0,,,,,,,,,,""
19283930579,"Jul 12, 2026, 3:14:39 PM",Allez cafe x Haley dough,E-Bike Ride,haven't had bacon in a while ,958,5.05,118.0,2,false,"",,activities/20402123464.fit.gz,,,958.0,906.0,5053.2,9.129,5.577,44.0,30.0,174.8,194.6,40.0,0.3,,,,,118.0,103.0,,107.0,97.0,,,2.0,,,,,,,,,,,,,0.0,,1.0,,,,,,,,,,,,,,,,,,,,,,,,,,,,5.275,40.7,,,,,0.0,,,,,,,,,,,,,,,,media/c66aade5-72ce-4794-b1dc-2f9d631e7930.jpg|media/0deb5b45-7c7b-4bda-bd9c-a5e440df990c.jpg
19273152109,"Jul 11, 2026, 3:21:04 PM",Morning Run until my watch died,Run,ye no clue how long i ran so i just told my self to run roughly 2 hours ,1662,5.38,173.0,47,false,"",ASICS gel-kayano 32,activities/20391135211.fit.gz,,,1662.0,1649.0,5381.3,4.44,3.263,35.0,62.0,173.4,203.4,19.3,-0.5,,,115.0,80.0,173.0,154.0,,370.0,399.0,,,47.0,609902.0,,,,,,,,374.0,1663.0,0.0,,0.0,,1.0,5440.9,,,,,,,,,,,,,,,,25364390.0,,,,,,,,,,,3.238,246.3,,,,4394.0,0.0,,209.0,213.0,3.3,,,,,,,,,,,,media/3a85b69d-2bcd-40e6-b809-521669bc8294.mp4|media/86018a6c-9bc7-4fb2-b09b-37184bfad30d.mp4
19250708093,"Jul 9, 2026, 10:27:32 PM",Jasso 800,Run,"",4029,12.88,185.0,183,false,,ASICS gel-kayano 32,activities/20368311845.fit.gz,,,4029.0,3970.0,12882.6,11.3,3.245,99.0,100.0,174.8,190.6,17.3,0.0,,,108.0,79.0,185.0,167.0,,371.0,1007.0,,,183.0,1476117.0,,,,,,,,375.0,4030.0,0.0,,0.0,,1.0,13163.1,,,,,,,,,,,,,,,,25364390.0,,,,,,,,,,,3.197,1013.8,,,,10432.0,0.0,,508.0,213.0,3.316,,,,,,,,,,,,""
19235959167,"Jul 8, 2026, 11:29:40 PM",Evening Run,Run,,1429,3.75,154.0,18,false,,On Cloudventure cloudmonster 3 hyper,activities/20353293184.fit.gz,,,1429.0,1381.0,3757.8,6.42,2.721,45.0,38.0,172.4,193.2,24.4,0.2,,,82.0,74.0,154.0,138.0,,292.0,278.0,,,18.0,405750.0,,,,,,,,313.0,1430.0,,,0.0,,1.0,3929.3,,,,,,,,,,,,,,,,32216545.0,,,,,,,,,,,2.63,8.2,,,,3440.0,0.0,,125.0,178.0,2.845,,,,,,,,,,,,""
19231984348,"Jul 8, 2026, 4:43:34 PM",Lunch Swim,Swim,,3106,"2,025",191.0,56,false,,,activities/20349259637.fit.gz,,,3106.0,2652.0,2025.0,1.48,0.764,0.0,0.0,,,0.0,0.0,,,,,191.0,136.0,,,518.0,,,56.0,,,,,,,,,,,,,0.0,,1.0,,,,,,,,,,,,,,,,,,,,,,,,,,,,0.652,0.0,,,,,0.0,25.0,,,,,,,,,,,,,,,""
19222172717,"Jul 7, 2026, 11:18:36 PM",Evening Run,Run,,4179,8.44,172.0,45,false,,On Cloudventure cloudmonster 3 hyper,activities/20339297705.fit.gz,,,4179.0,2850.0,8445.8,6.8,2.963,347.0,351.0,-79.0,197.6,48.5,-0.2,,,114.0,78.0,172.0,142.0,,335.0,694.0,,,45.0,970311.0,,,,,,,,317.0,4178.0,,,0.0,,1.0,8821.0,,,,,,,,,,,,,,,,32216545.0,,,,,,,,,,,2.021,2705.5,,,,7684.0,0.0,,376.0,180.0,3.095,,,,,,,,,,,,""
19217492427,"Jul 7, 2026, 4:42:43 PM",Lunch Weight Training,Weight Training,,2205,0,162.0,10,false,,,activities/20334564936.fit.gz,,,2205.0,2205.0,0.0,0.0,0.0,0.0,0.0,,,0.0,0.0,,,,,162.0,118.0,,,300.0,,,10.0,,,,,,,,,,,,,0.0,0.0,1.0,,,,,,,,,,,,,,,,,,,,,,,,,,,,0.0,0.0,,,,,0.0,,,,,,848.0,,,,,,,,12,424,""
19205978426,"Jul 6, 2026, 7:49:49 PM",Afternoon Weight Training,Weight Training,,2378,0,170.0,18,false,,,activities/20322890139.fit.gz,,,2378.0,2378.0,0.0,0.0,0.0,0.0,0.0,,,0.0,0.0,,,,,170.0,121.0,,,321.0,,,18.0,,,,,,,,,,,,,0.0,0.0,1.0,,,,,,,,,,,,,,,,,,,,,,,,,,,,0.0,0.0,,,,,0.0,,,,,,756.0,,,,,,,,11,378,""
19195497627,"Jul 5, 2026, 10:48:59 PM",Afternoon Walk,Walk,,4177,12.55,173.0,81,false,,On Cloudventure cloudmonster 3 hyper,activities/20312260219.fit.gz,,,4177.0,4021.0,12551.2,4.838,3.121,115.0,116.0,175.2,199.4,14.0,0.0,,,106.0,78.0,173.0,147.0,,,922.0,,,81.0,,,,,,,,,,,,,0.0,,1.0,,,,,,,,,,,,,,,,,32216545.0,,,,,,,,,,,3.005,0.0,,,,10102.0,0.0,,,,,,,,,,,,,,,,""
19192832008,"Jul 5, 2026, 5:36:23 PM",Lunch Tennis,Workout,Starting from 5-2 since the win from the downpour on Friday didn't count. Still come out victorious. It's going to be a while before we play again [strava://athletes/88348816/15]William Hammond 🫡. Hope you find your dawg back in Melbourne ,905,0.60,164.0,2,false,,,activities/20309540033.fit.gz,,,905.0,768.0,607.5,2.743,0.791,0.0,0.0,182.0,182.0,0.0,0.0,,,104.0,57.0,164.0,111.0,,,113.0,,,2.0,,,,,,,,,,,,,0.0,,1.0,,,,,,,,,,,,,,,,,,,,,,,,,,,,0.671,0.0,,,,878.0,0.0,,,,,,878.0,,0.0,,,,,,,,""
19178726539,"Jul 4, 2026, 3:30:58 PM",Morning Run,Run,,1933,5.99,165.0,44,false,,ASICS gel-kayano 32,activities/20295165621.fit.gz,,,1933.0,1904.0,5991.9,7.06,3.147,41.0,35.0,178.4,192.2,16.5,0.1,,,102.0,79.0,165.0,150.0,,347.0,443.0,,,44.0,662033.0,,,,,,,,348.0,1934.0,,,0.0,,1.0,6113.7,,,,,,,,,,,,,,,,25364390.0,,,,,,,,,,,3.1,0.0,,,,5002.0,0.0,,368.0,262.0,3.211,,,,,,,,,,,,""
19170418199,"Jul 4, 2026, 1:51:42 AM",Evening Tennis,Workout,Got a 6-2 win but [strava://athletes/88348816/15]William Hammond was serving through the downpour while down 2-5 so I'll give him a redemption on sun if he wants ,2619,1.68,174.0,16,false,,,activities/20286733896.fit.gz,,,2619.0,1988.0,1679.7,6.814,0.845,0.0,0.0,182.0,182.0,0.0,0.0,,,111.0,58.0,174.0,131.0,,,415.0,,,16.0,,,,,,,,,,,,,0.0,,1.0,,,,,,,,,,,,,,,,,,,,,,,,,,,,0.641,0.0,,,,2884.0,0.0,,,,,,2884.0,,0.0,,,,,,,,""
19151440772,"Jul 2, 2026, 1:51:22 PM",Morning Run,Run,,2627,8.24,186.0,116,false,,ASICS gel-kayano 32,activities/20267512289.fit.gz,,,2627.0,2509.0,8240.5,4.46,3.284,80.0,78.0,169.0,193.4,32.2,0.0,,,117.0,79.0,186.0,167.0,,386.0,654.0,,,116.0,969189.0,,,,,,,,390.0,2628.0,,,0.0,,1.0,8514.5,,,,,,,,,,,,,,,,25364390.0,,,,,,,,,,,3.137,1136.9,,,,6574.0,0.0,,627.0,293.0,3.394,,,,,,,,,,,,""
19144171530,"Jul 1, 2026, 11:28:43 PM",Evening Run,Run,,1652,4.85,179.0,67,false,,ASICS gel-kayano 32,activities/20260142101.fit.gz,,,1652.0,1559.0,4857.1,6.64,3.116,41.0,40.0,188.0,198.4,23.1,0.0,,,81.0,78.0,179.0,165.0,,332.0,387.0,,,67.0,526622.0,,,,,,,,326.0,1653.0,,,0.0,,1.0,5014.8,,,,,,,,,,,,,,,,25364390.0,,,,,,,,,,,2.94,704.6,,,,4180.0,0.0,,275.0,245.0,3.217,,,,,,,,,,,,""
19141704547,"Jul 1, 2026, 4:36:53 PM",Lunch Swim,Swim,,3211,"2,050",185.0,69,false,,,activities/20257643529.fit.gz,,,3211.0,2558.0,2050.0,1.2,0.801,0.0,0.0,,,0.0,0.0,,,,,185.0,139.0,,,529.0,,,69.0,,,,,,,,,,,,,0.0,,1.0,,,,,,,,,,,,,,,,,,,,,,,,,,,,0.638,0.0,,,,,0.0,25.0,,,,,,,,,,,,,,,""
19131227999,"Jun 30, 2026, 11:21:52 PM",Evening Run,Run,"",4505,8.45,170.0,63,false,,ASICS gel-kayano 32,activities/20247003755.fit.gz,,,4505.0,2947.0,8455.3,7.634,2.869,177.0,188.0,74.8,238.8,49.8,-0.4,,,89.0,77.0,170.0,148.0,,311.0,743.0,,,63.0,928440.0,,,,,,,,293.0,4505.0,,,0.0,,1.0,9058.0,,,,,,,,,,,,,,,,25364390.0,,,,,,,,,,,1.877,2944.9,,,,7566.0,0.0,,606.0,220.0,3.074,,,,,,,,,,,,media/8ef801f2-b88a-401a-bb29-a806eb2ae6b9.mp4
19127045868,"Jun 30, 2026, 4:57:39 PM",Lunch Ride,Ride,,3418,15.75,165.0,23,false,,,activities/20242766035.fit.gz,,,3418.0,3149.0,15755.5,7.7,5.003,133.0,131.0,175.8,198.2,41.4,0.0,,,,,165.0,129.0,,,525.0,,,23.0,,,,,,,,,,,,,0.0,,1.0,,,,,,,,,,,,,,,,,,,,,,,,,,,,4.61,1195.2,,,,,0.0,,,,,,,,,,,,,,,,""
19113094945,"Jun 29, 2026, 4:47:24 PM",Lunch Weight Training,Weight Training,,2075,0,175.0,20,false,,,activities/20228608437.fit.gz,,,2075.0,2075.0,0.0,0.0,0.0,0.0,0.0,,,0.0,0.0,,,,,175.0,128.0,,,328.0,,,20.0,,,,,,,,,,,,,0.0,0.0,1.0,,,,,,,,,,,,,,,,,,,,,,,,,,,,0.0,0.0,,,,,0.0,,,,,,678.0,,,,,,,,8,339,""
19105036400,"Jun 29, 2026, 12:52:12 AM",Evening Ride,Ride,,1027,4.02,124.0,2,false,,,activities/20220407548.fit.gz,,,1027.0,962.0,4021.8,6.24,4.181,48.0,16.0,166.4,197.4,22.4,0.8,,,,,124.0,106.0,,,109.0,,,2.0,,,,,,,,,,,,,0.0,,1.0,,,,,,,,,,,,,,,,,,,,,,,,,,,,3.916,0.0,,,,,0.0,,,,,,,,,,,,,,,,""
19104188612,"Jun 28, 2026, 9:28:48 PM",Afternoon Tennis,Workout,"Down 0-4 fairly quick in probably 10 minutes, then something in me kicked in. I proceed to win the next 4 to reach 4-4. During the tiebreaker, I was up 4-1 but eventually fell to 7-5",4274,2.23,177.0,15,false,,,activities/20219538646.fit.gz,,,4274.0,2749.0,2238.2,4.3,0.814,0.0,0.0,178.0,178.2,2.0,0.0,,,123.0,56.0,177.0,119.0,,,501.0,,,15.0,,,,,,,,,,,0.0,,0.0,,1.0,,,,,,,,,,,,,,,,,,,,,,,,,,,,0.524,0.0,,,,3612.0,0.0,,,,,,3612.0,,0.0,,,,,,,,""
19100490008,"Jun 28, 2026, 3:22:27 PM",Popup x perilla,Ride,"",1483,6.60,131.0,4,false,,,activities/20215768682.fit.gz,,,1483.0,1455.0,6599.8,10.067,4.536,46.0,56.0,169.8,188.8,10.1,-0.2,,,,,131.0,110.0,,,173.0,,,4.0,,,,,,,,,,,,,0.0,,1.0,,,,,,,,,,,,,,,,,,,,,,,,,,,,4.45,0.0,,,,,0.0,,,,,,,,,,,,,,,,media/76207a9e-df9d-4475-a858-b7595c5c2176.jpg|media/40852406-707d-4888-9db8-be028badfe48.jpg
19099790389,"Jun 28, 2026, 2:19:55 PM",Morning E-Bike Ride,E-Bike Ride,,1097,7.77,117.0,2,false,,,activities/20215054982.fit.gz,,,1097.0,1070.0,7778.9,10.117,7.27,66.0,50.0,167.8,194.6,17.9,0.2,,,,,117.0,101.0,,,104.0,,,2.0,,,,,,,,,,,,,0.0,,1.0,,,,,,,,,,,,,,,,,,,,,,,,,,,,7.091,561.4,,,,,0.0,,,,,,,,,,,,,,,,""
19087842226,"Jun 27, 2026, 2:19:35 PM",I belong to the streets,Run,"Street run might be my new favorite route. Lincoln square is so nice. 
Also the river park trail????? Potential long run route ??",5979,16.53,173.0,123,false,,ASICS gel-kayano 32,activities/20202876722.fit.gz,,,5979.0,5443.0,16529.5,10.98,3.037,206.0,209.0,171.2,208.2,46.3,0.0,,,114.0,76.0,173.0,149.0,,324.0,1233.0,,,123.0,1762437.0,,,,,,,,337.0,5979.0,0.0,,0.0,,1.0,17341.4,,,,,,,,,,,,,,,,25364390.0,,,,,,,,,,,2.765,0.0,,,,13514.0,0.0,,1064.0,253.0,3.186,,,,,,,,,,,,media/2616dbbe-cb9c-47c9-b717-ba50fedbc117.jpg|media/063ee09c-33e0-44cf-a7a2-1c355a93a5cb.jpg|media/fac4c1ac-150c-4488-85e2-693b143ccf64.jpg|media/f3c22331-c49c-48c9-9136-313f7a8d17c2.jpg|media/11495652-9674-47a2-8497-bc682e3b19cf.jpg|media/27afbea9-dfca-4ec2-a3d2-8139bd84792e.jpg
19067145271,"Jun 25, 2026, 9:18:02 PM",Afternoon Tennis,Workout,"continued from 1-4 against [strava://athletes/88348816/15]William Hammond today from our sessin last week
came all the way back 5-5. He held serve at 6-5, i tied it back. Finish off with a 7-3 win at tiebreaker.
Can't say i wasn't nervous about the potential of losing today with the way my serve was looking during warmups. Whatever couldve worked today, worked lol",3518,2.05,173.0,29,false,"",,activities/20181836308.fit.gz,,,3518.0,2459.0,2053.5,2.717,0.835,0.0,0.0,179.5,179.9,1.5,0.0,,,118.0,57.0,173.0,133.0,,,566.0,,,29.0,,,,,,,,,,,0.0,,0.0,,1.0,,,,,,,,,,,,,,,,,,,,,,,,,,,,0.584,0.0,,,,3616.0,0.0,,,,,,3616.0,,0.0,,,,,,,,""
19063667081,"Jun 25, 2026, 1:54:23 PM",Morning Run,Run,Took only 1.5 years to build this bridge 🥱,3947,12.83,185.0,195,false,,ASICS gel-kayano 32,activities/20178318427.fit.gz,,,3947.0,3890.0,12832.6,4.56,3.299,138.0,134.0,165.0,194.2,37.1,0.0,,,83.0,79.0,185.0,170.0,,,1002.0,,,195.0,,,,,,,,,,,,,0.0,,1.0,13081.9,,,,,,,,,,,,,,,,25364390.0,,,,,,,,,,,3.251,4893.1,,,,10306.0,0.0,,,,3.363,,,,,,,,,,,,media/47b35435-05c0-4fbb-a073-55afeed5c426.jpg
19055700127,"Jun 24, 2026, 11:23:37 PM",Evening Run,Run,"",1969,4.10,160.0,13,false,,ASICS gel-kayano 32,activities/20170227899.fit.gz,,,1969.0,1967.0,4107.1,5.02,2.088,87.0,100.0,178.6,220.4,36.4,-0.5,,,116.0,77.0,160.0,117.0,,259.0,327.0,,,13.0,461092.0,,,,,,,,275.0,1970.0,,,0.0,,1.0,4540.1,,,,,,,,,,,,,,,,25364390.0,,,,,,,,,,,2.086,7.8,,,,4668.0,0.0,,234.0,207.0,2.308,,,,,,,,,,,,media/8c60fa5c-d81d-41e6-a45d-f8359d844e35.mp4|media/50941a56-78c8-4d6f-918d-fb14299e2479.jpg
19054692668,"Jun 24, 2026, 4:43:40 PM",Lunch Swim,Swim,,3256,"2,050",167.0,51,false,,,activities/20169209075.fit.gz,,,3256.0,2678.0,2050.0,1.26,0.765,0.0,0.0,,,0.0,0.0,,,,,167.0,134.0,,,501.0,,,51.0,,,,,,,,,,,,,0.0,,1.0,,,,,,,,,,,,,,,,,,,,,,,,,,,,0.63,0.0,,,,,0.0,25.0,,,,,,,,,,,,,,,""
19042746474,"Jun 23, 2026, 11:37:51 PM",Evening Run,Run,,1757,4.06,134.0,6,false,,ASICS gel-kayano 32,activities/20157077083.fit.gz,,,1757.0,1757.0,4063.6,2.94,2.313,28.0,17.0,216.8,237.8,12.0,0.3,,,81.0,78.0,134.0,123.0,,257.0,257.0,,,6.0,451819.0,,,,,,,,258.0,1758.0,,,0.0,,1.0,4164.9,,,,,,,,,,,,,,,,25364390.0,,,,,,,,,,,2.313,0.0,,,,4582.0,0.0,,183.0,194.0,2.37,,,,,,,,,,,,""
19038532796,"Jun 23, 2026, 4:42:42 PM",Lunch Weight Training,Weight Training,,2577,0,157.0,8,false,,,activities/20152817534.fit.gz,,,2577.0,2577.0,0.0,0.0,0.0,0.0,0.0,0.0,0.0,0.0,0.0,,,,,157.0,108.0,,,285.0,,,8.0,,,,,,,,,,,,,0.0,0.0,1.0,,,,,,,,,,,,,,,,,,,,,,,,,,,,0.0,0.0,,,,,0.0,,,,,,688.0,,0.0,,,,,,11,344,""
19025200951,"Jun 22, 2026, 5:09:35 PM",Lunch Weight Training,Weight Training,,1979,0,176.0,16,false,,,activities/20139317004.fit.gz,,,1979.0,1979.0,0.0,0.0,0.0,0.0,0.0,0.0,0.0,0.0,0.0,,,,,176.0,128.0,,,309.0,,,16.0,,,,,,,,,,,,,0.0,0.0,1.0,,,,,,,,,,,,,,,,,,,,,,,,,,,,0.0,0.0,,,,,0.0,,,,,,722.0,,0.0,,,,,,9,361,""
19003039718,"Jun 20, 2026, 10:47:40 PM",Afternoon Tennis,Workout,,2100,1.06,168.0,5,false,,,activities/20116755666.fit.gz,,,2100.0,1377.0,1062.4,2.4,0.772,0.0,0.0,178.8,178.8,0.0,0.0,,,107.0,58.0,168.0,117.0,,,261.0,,,5.0,,,,,,,,,,,,,0.0,,1.0,,,,,,,,,,,,,,,,,,,,,,,,,,,,0.506,0.0,,,,1856.0,0.0,,,,,,1856.0,,,,,,,,,,""
19002438686,"Jun 20, 2026, 9:15:20 PM",Afternoon Ride,Ride,,2641,16.24,170.0,24,false,,,activities/20116144375.fit.gz,,,2641.0,2625.0,16240.7,9.52,6.187,118.0,97.0,161.4,193.0,19.2,0.1,,,,,170.0,134.0,,,439.0,,,24.0,,,,,,,,,,,,,0.0,,1.0,,,,,,,,,,,,,,,,,,,,,,,,,,,,6.149,538.9,,,,,0.0,,,,,,,,,,,,,,,,""
19001313490,"Jun 20, 2026, 6:58:52 PM",Afternoon E-Bike Ride,E-Bike Ride,,2129,15.96,143.0,7,false,,,activities/20114996377.fit.gz,,,2129.0,2048.0,15964.9,11.7,7.795,122.0,115.0,169.4,192.6,32.6,0.1,,,,,143.0,115.0,,,263.0,,,7.0,,,,,,,,,,,,,0.0,,1.0,,,,,,,,,,,,,,,,,,,,,,,,,,,,7.499,422.3,,,,,0.0,,,,,,,,,,,,,,,,""
18976270267,"Jun 18, 2026, 5:14:18 PM",Lunch Swim,Swim,,3475,"1,700",192.0,52,false,,,activities/20089569342.fit.gz,,,3475.0,2147.0,1700.0,1.14,0.792,0.0,0.0,0.0,0.0,0.0,0.0,,,,,192.0,129.0,,,441.0,,,52.0,,,,,,,,,,,,,0.0,,1.0,,,,,,,,,,,,,,,,,,,,,,,,,,,,0.489,0.0,,,,,0.0,25.0,,,,,,,,,,,,,,,""
18965064050,"Jun 17, 2026, 11:21:03 PM",Evening Run,Run,,1933,4.82,145.0,11,false,,ASICS gel-kayano 32,activities/20078204869.fit.gz,,,1933.0,1793.0,4827.5,6.98,2.692,42.0,38.0,169.2,193.6,18.0,0.1,,,82.0,78.0,145.0,132.0,,305.0,360.0,,,11.0,553004.0,,,,,,,,307.0,1934.0,,,0.0,,1.0,4953.0,,,,,,,,,,,,,,,,25364390.0,,,,,,,,,,,2.497,6.0,,,,4716.0,0.0,,286.0,231.0,2.762,,,,,,,,,,,,""
18951353148,"Jun 16, 2026, 11:20:05 PM",Evening Run,Run,,3528,8.05,171.0,44,false,,ASICS gel-kayano 32,activities/20064310030.fit.gz,,,3528.0,2761.0,8053.1,8.86,2.917,67.0,62.0,181.6,203.0,49.5,0.0,,,92.0,78.0,171.0,144.0,,349.0,671.0,,,44.0,977042.0,,,,,,,,333.0,3529.0,,,0.0,,1.0,8353.5,,,,,,,,,,,,,,,,25364390.0,,,,,,,,,,,2.283,2945.1,,,,7328.0,0.0,,613.0,250.0,3.026,,,,,,,,,,,,""
18946752790,"Jun 16, 2026, 4:58:56 PM",Lunch Weight Training,Weight Training,,2409,0,199.0,33,false,,,activities/20059654473.fit.gz,,,2409.0,2409.0,0.0,0.0,0.0,0.0,0.0,0.0,0.0,0.0,0.0,,,,,199.0,127.0,,,373.0,,,33.0,,,,,,,,,,,,,0.0,0.0,1.0,,,,,,,,,,,,,,,,,,,,,,,,,,,,0.0,0.0,,,,,0.0,,,,,,736.0,,0.0,,,,,,11,368,""
18935756161,"Jun 15, 2026, 10:19:14 PM",Afternoon Tennis,Workout,,2401,1.33,168.0,10,false,,,activities/20048495314.fit.gz,,,2401.0,1728.0,1338.6,2.18,0.775,0.0,0.0,182.3,182.3,0.0,0.0,,,123.0,59.0,168.0,121.0,,,331.0,,,10.0,,,,,,,,,,,,,0.0,,1.0,,,,,,,,,,,,,,,,,,,,,,,,,,,,0.558,0.0,,,,2320.0,0.0,,,,,,2320.0,,,,,,,,,,""
18932414221,"Jun 15, 2026, 4:56:27 PM",Lunch Weight Training,Weight Training,,1997,0,168.0,14,false,,,activities/20045122164.fit.gz,,,1997.0,1997.0,0.0,0.0,0.0,0.0,0.0,0.0,0.0,0.0,0.0,,,,,168.0,123.0,,,288.0,,,14.0,,,,,,,,,,,,,0.0,0.0,1.0,,,,,,,,,,,,,,,,,,,,,,,,,,,,0.0,0.0,,,,,0.0,,,,,,678.0,,0.0,,,,,,6,339,""
18922969884,"Jun 14, 2026, 9:19:49 PM",Afternoon Tennis,Workout,Played next to a court that teaches autistic kids tennis. One of the instructor is a big bootie Latina. Been wondering if should be more autistic moving forward ,2572,1.42,166.0,7,false,,,activities/20035528231.fit.gz,,,2572.0,1805.0,1423.8,1.96,0.789,0.0,0.0,182.3,182.3,0.0,0.0,,,120.0,56.0,166.0,116.0,,,301.0,,,7.0,,,,,,,,,,,0.0,,0.0,,1.0,,,,,,,,,,,,,,,,,,,,,,,,,,,,0.554,0.0,,,,2656.0,0.0,,,,,,2656.0,,0.0,,,,,,,,""
18909292269,"Jun 13, 2026, 9:14:15 PM",Afternoon Ride,Ride,Accidentally hit another dumb ass today ,2752,15.28,154.0,11,false,,,activities/20021624766.fit.gz,,,2752.0,2735.0,15285.0,9.02,5.589,105.0,96.0,170.2,192.8,24.2,0.1,,,,,154.0,121.0,,,372.0,,,11.0,,,,,,,,,,,0.0,,0.0,,1.0,,,,,,,,,,,,,,,,,,,,,,,,,,,,5.554,0.0,,,,,0.0,,,,,,,,,,,,,,,,media/92d27310-faa1-4a57-87c8-61b92d9da5c9.mp4
18908193511,"Jun 13, 2026, 6:48:40 PM",Afternoon E-Bike Ride,E-Bike Ride,Accidentally hit a dumbass today ,2113,16.24,155.0,9,false,,,activities/20020507890.fit.gz,,,2113.0,2067.0,16245.0,9.64,7.859,137.0,133.0,174.2,192.4,24.1,0.0,,,,,155.0,122.0,,,303.0,,,9.0,,,,,,,,,,,0.0,,0.0,,1.0,,,,,,,,,,,,,,,,,,,,,,,,,,,,7.688,537.7,,,,,0.0,,,,,,,,,,,,,,,,media/04629888-5554-4040-a8d5-01148e80752e.jpg
18905000675,"Jun 13, 2026, 1:27:55 PM",Fartlek,Run,"",3295,5.75,179.0,19,false,,ASICS gel-kayano 32,activities/20017269834.fit.gz,,,3295.0,2190.0,5757.6,7.86,2.629,77.0,62.0,174.6,199.8,28.9,0.3,,,100.0,73.0,179.0,131.0,,301.0,493.0,,,19.0,649868.0,,,,,,,,302.0,3296.0,,,0.0,,1.0,6032.1,,,,,,,,,,,,,,,,25364390.0,,,,,,,,,,,1.747,1475.0,,,,5402.0,0.0,,471.0,227.0,2.754,,,,,,,,,,,,""
18896051023,"Jun 12, 2026, 10:12:20 PM",Afternoon Tennis,Workout,Continue from 3-5 from wed. Come back with 7-5 ,2714,1.68,168.0,14,false,,,activities/20008162641.fit.gz,,,2714.0,2004.0,1685.0,6.7,0.841,0.0,0.0,179.3,179.6,3.6,0.0,,,118.0,63.0,168.0,127.0,,,421.0,,,14.0,,,,,,,,,,,,,0.0,,1.0,,,,,,,,,,,,,,,,,,,,,,,,,,,,0.621,0.0,,,,2662.0,0.0,,,,,,2662.0,,0.0,,,,,,,,""
18880917633,"Jun 11, 2026, 4:45:44 PM",Lunch Weight Training,Weight Training,,2317,0,165.0,15,false,,,activities/19992803830.fit.gz,,,2317.0,2317.0,0.0,0.0,0.0,0.0,0.0,0.0,0.0,0.0,0.0,,,,,165.0,118.0,,,303.0,,,15.0,,,,,,,,,,,,,0.0,0.0,1.0,,,,,,,,,,,,,,,,,,,,,,,,,,,,0.0,0.0,,,,,0.0,,,,,,728.0,,0.0,,,,,,12,364,""
18872007861,"Jun 10, 2026, 11:17:38 PM",Evening Yoga,Yoga,,3489,0,93.0,4,false,,,activities/19983779138.fit.gz,,,3489.0,3489.0,0.0,0.0,0.0,0.0,0.0,0.0,0.0,0.0,0.0,,,,,93.0,68.0,,,104.0,,,4.0,,,,,,,,,,,,,0.0,0.0,1.0,,,,,,,,,,,,,,,,,,,,,,,,,,,,0.0,0.0,,,,,0.0,,,,,,0.0,,,,,,,,1,0,""
18858367408,"Jun 9, 2026, 11:27:29 PM",Evening Run,Run,,3010,7.90,173.0,95,false,,ASICS gel-kayano 32,activities/19969900323.fit.gz,,,3010.0,2729.0,7901.6,4.96,2.895,56.0,59.0,125.2,185.0,22.2,0.0,,,83.0,79.0,173.0,161.0,,340.0,687.0,,,95.0,944805.0,,,,,,,,336.0,3011.0,,,0.0,,1.0,8095.3,,,,,,,,,,,,,,,,25364390.0,,,,,,,,,,,2.625,1909.7,,,,7356.0,0.0,,534.0,253.0,2.966,,,,,,,,,,,,""
18857087364,"Jun 9, 2026, 9:18:05 PM",Afternoon Tennis,Workout,,2553,1.39,167.0,17,false,,,activities/19968598248.fit.gz,,,2553.0,1901.0,1396.2,3.214,0.734,0.0,0.0,182.0,182.0,0.0,0.0,,,114.0,57.0,167.0,133.0,,,434.0,,,17.0,,,,,,,,,,,,,0.0,,1.0,,,,,,,,,,,,,,,,,,,,,,,,,,,,0.547,0.0,,,,2208.0,0.0,,,,,,2208.0,,,,,,,,,,""
18857077653,"Jun 9, 2026, 4:32:02 PM",Lunch Swim,Swim,,3712,"2,000",203.0,72,false,,,activities/19968588286.fit.gz,,,3712.0,2550.0,2000.0,1.8,0.784,0.0,0.0,0.0,0.0,0.0,0.0,,,,,203.0,138.0,,,515.0,,,72.0,,,,,,,,,,,,,0.0,,1.0,,,,,,,,,,,,,,,,,,,,,,,,,,,,0.539,0.0,,,,,0.0,25.0,,,,,,,,,,,,,,,""
18830624626,"Jun 7, 2026, 10:19:40 PM",Afternoon Tennis,Workout,,2520,1.41,162.0,7,false,,,activities/19941670573.fit.gz,,,2520.0,1745.0,1418.7,6.9,0.813,0.0,0.0,178.7,179.5,1.7,0.0,,,123.0,59.0,162.0,122.0,,,345.0,,,7.0,,,,,,,,,,,,,0.0,,1.0,,,,,,,,,,,,,,,,,,,,,,,,,,,,0.563,0.0,,,,2702.0,0.0,,,,,,2702.0,,,,,,,,,,""
18828031323,"Jun 7, 2026, 5:18:14 PM",Lunch Ride,Ride,,1819,7.92,147.0,13,false,,,activities/19939018568.fit.gz,,,1819.0,1617.0,7928.5,8.257,4.903,57.0,39.0,176.0,196.4,32.9,0.2,,,,,147.0,132.0,,,307.0,,,13.0,,,,,,,,,,,,,0.0,,1.0,,,,,,,,,,,,,,,,,,,,,,,,,,,,4.359,60.6,,,,,0.0,,,,,,,,,,,,,,,,""
18824731281,"Jun 7, 2026, 12:07:05 PM",F this heat,Run,Congrats to [strava://athletes/18720631/15]Harrison Powell for another successful distance series completion. [strava://athletes/103921024/15]Brooke Morrison you're next ,6271,21.39,199.0,412,false,,ASICS gel-kayano 32,activities/19935656713.fit.gz,,,6271.0,6265.0,21397.3,5.38,3.415,123.0,111.0,171.2,187.6,14.7,0.1,,,123.0,80.0,199.0,180.0,,398.0,1716.0,,,412.0,2493589.0,,,,,,,,402.0,6272.0,0.0,,0.0,,1.0,21697.2,,,,,,,,,,,,,,,,25364390.0,,,,,,,,,,,3.412,0.0,,,,16700.0,0.0,,1590.0,302.0,3.463,,,,,,,,,,,,media/c33a1561-1d56-4a90-bba5-04ac6fbe4c81.jpg|media/27090ff7-a6dd-486c-86eb-b23ea6144493.jpg|media/9a995cb7-7ad0-4607-8018-0ed8046fc9ac.jpg|media/dccda86d-e57a-4686-bc8a-f194edb5d687.jpg
18822527366,"Jun 7, 2026, 11:01:21 AM",Morning E-Bike Ride,E-Bike Ride,,1610,10.59,127.0,4,false,,,activities/19933414581.fit.gz,,,1610.0,1372.0,10594.3,10.98,7.722,55.0,38.0,166.4,186.6,13.3,0.2,,,,,127.0,110.0,,,177.0,,,4.0,,,,,,,,,,,,,0.0,,1.0,,,,,,,,,,,,,,,,,,,,,,,,,,,,6.58,0.0,,,,,0.0,,,,,,,,,,,,,,,,""
18811422183,"Jun 6, 2026, 2:10:57 PM",Morning Run,Run,,1912,4.74,166.0,37,false,,ASICS gel-kayano 32,activities/19922095613.fit.gz,,,1912.0,1700.0,4748.7,5.38,2.793,51.0,50.0,176.8,198.0,30.8,0.0,,,82.0,79.0,166.0,150.0,,317.0,421.0,,,37.0,543678.0,,,,,,,,308.0,1913.0,,,0.0,,1.0,4931.9,,,,,,,,,,,,,,,,25364390.0,,,,,,,,,,,2.484,0.0,,,,4668.0,0.0,,285.0,232.0,2.901,,,,,,,,,,,,""
18802400597,"Jun 5, 2026, 10:10:19 PM",Afternoon Ride,Ride,,2302,9.59,141.0,6,false,,,activities/19912902473.fit.gz,,,2302.0,1823.0,9598.4,9.58,5.265,52.0,52.0,301.2,317.4,44.2,0.0,,,,,141.0,115.0,,,241.0,,,6.0,,,,,,,,,,,,,0.0,,1.0,,,,,,,,,,,,,,,,,,,,,,,,,,,,4.17,581.5,,,,,0.0,,,,,,,,,,,,,,,,""
18802045335,"Jun 5, 2026, 9:18:57 PM",Afternoon Ride,Ride,,1957,9.79,161.0,16,false,,,activities/19912540170.fit.gz,,,1957.0,1895.0,9797.8,8.22,5.17,69.0,61.0,176.6,194.6,13.6,0.1,,,,,161.0,132.0,,,340.0,,,16.0,,,,,,,,,,,,,0.0,,1.0,,,,,,,,,,,,,,,,,,,,,,,,,,,,5.007,554.2,,,,,0.0,,,,,,,,,,,,,,,,""
18789237337,"Jun 4, 2026, 8:14:57 PM",Afternoon Tennis,Workout,,2607,1.68,179.0,17,false,,,activities/19899507249.fit.gz,,,2607.0,2149.0,1683.2,3.614,0.783,0.0,0.0,181.8,182.3,1.6,0.0,,,115.0,57.0,179.0,129.0,,,436.0,,,17.0,,,,,,,,,,,,,0.0,,1.0,,,,,,,,,,,,,,,,,,,,,,,,,,,,0.646,0.0,,,,2518.0,0.0,,,,,,2518.0,,,,,,,,,,""
18777949679,"Jun 4, 2026, 12:19:03 AM",Global running day somewhere,Run,"",3637,7.90,173.0,53,false,,ASICS gel-kayano 32,activities/19888000519.fit.gz,,,3637.0,2650.0,7899.8,5.96,2.981,86.0,87.0,177.0,201.4,40.9,0.0,,,112.0,79.0,173.0,148.0,,334.0,700.0,,,53.0,880650.0,,,,,,,,306.0,3638.0,0.0,,0.0,,1.0,8249.3,,,,,,,,,,,,,,,,25364390.0,,,,,,,,,,,2.172,0.0,,,,7060.0,0.0,,534.0,230.0,3.113,,,,,,,,,,,,media/54d22ff2-8ecb-48ab-b103-0a8321dac095.jpg
18777239485,"Jun 4, 2026, 12:00:50 AM",Evening Run,Run,,119,0.04,164.0,0,false,,ASICS gel-kayano 32,activities/19887277280.fit.gz,,,119.0,10.0,40.5,3.74,4.05,0.0,0.0,178.8,187.0,47.8,20.2,,,83.0,82.0,164.0,157.0,,393.0,2.0,,,0.0,4194.0,,,,,,,,89.0,12.0,,,0.0,,1.0,55.0,,,,,,,,,,,,,,,,25364390.0,,,,,,,,,,,0.34,0.0,,,,24.0,0.0,,0.0,67.0,5.5,,,,,,,,,,,,""
18777239519,"Jun 3, 2026, 11:17:25 PM",Evening Ride,Ride,"",2479,12.61,158.0,20,false,,,activities/19887277018.fit.gz,,,2479.0,2291.0,12613.7,8.5,5.506,62.0,57.0,170.8,191.0,15.4,0.0,,,,,158.0,129.0,,,378.0,,,20.0,,,,,,,,,,,0.0,,0.0,,1.0,,,,,,,,,,,,,,,,,,,,,,,,,,,,5.088,533.9,,,,,0.0,,,,,,,,,,,,,,,,media/3de9a778-d402-4c16-9eb4-1bbccd7061c9.jpg
18773172166,"Jun 3, 2026, 5:00:58 PM",Lunch Weight Training,Weight Training,,2319,0,178.0,17,false,,,activities/19883140121.fit.gz,,,2319.0,2319.0,0.0,0.0,0.0,0.0,0.0,0.0,0.0,0.0,0.0,,,,,178.0,125.0,,,352.0,,,17.0,,,,,,,,,,,,,0.0,0.0,1.0,,,,,,,,,,,,,,,,,,,,,,,,,,,,0.0,0.0,,,,,0.0,,,,,,778.0,,0.0,,,,,,12,389,""
18763531841,"Jun 2, 2026, 11:26:46 PM",Evening Run,Run,,3112,8.03,168.0,58,false,,ASICS gel-kayano 32,activities/19873326817.fit.gz,,,3112.0,2694.0,8035.4,6.355,2.983,52.0,48.0,179.8,200.6,47.1,0.0,,,121.0,79.0,168.0,149.0,,353.0,649.0,,,58.0,956276.0,,,,,,,,348.0,3113.0,,,0.0,,1.0,8245.1,,,,,,,,,,,,,,,,25364390.0,,,,,,,,,,,2.582,2942.8,,,,7160.0,0.0,,592.0,262.0,3.061,,,,,,,,,,,,""
18762159458,"Jun 2, 2026, 9:23:24 PM",Afternoon Tennis,Workout,,2526,1.72,176.0,14,false,,,activities/19871930614.fit.gz,,,2526.0,2084.0,1719.2,3.32,0.825,0.0,0.0,182.0,182.0,0.0,0.0,,,110.0,56.0,176.0,125.0,,,355.0,,,14.0,,,,,,,,,,,,,0.0,,1.0,,,,,,,,,,,,,,,,,,,,,,,,,,,,0.681,0.0,,,,3100.0,0.0,,,,,,3100.0,,,,,,,,,,""
18750732916,"Jun 2, 2026, 4:13:48 AM",Night Ride,Ride,"",648,2.56,132.0,2,false,,,activities/19860332935.fit.gz,,,648.0,580.0,2563.2,6.08,4.419,21.0,14.0,177.0,190.6,17.1,0.3,,,,,132.0,116.0,,,92.0,,,2.0,,,,,,,,,,,,,0.0,,1.0,,,,,,,,,,,,,,,,,,,,,,,,,,,,3.956,0.0,,,,,0.0,,,,,,,,,,,,,,,,media/85b56c37-2cbc-4642-aaa0-881617f8abd2.jpg|media/b9eec880-f74d-4566-8e47-fc3e3aef22f2.jpg
18747159120,"Jun 1, 2026, 8:08:48 PM",Afternoon Weight Training,Weight Training,,1743,0,171.0,21,false,,,activities/19856677304.fit.gz,,,1743.0,1743.0,0.0,0.0,0.0,0.0,0.0,0.0,0.0,0.0,0.0,,,,,171.0,135.0,,,308.0,,,21.0,,,,,,,,,,,,,0.0,0.0,1.0,,,,,,,,,,,,,,,,,,,,,,,,,,,,0.0,0.0,,,,,0.0,,,,,,614.0,,0.0,,,,,,4,307,""
18735795272,"May 31, 2026, 10:46:41 PM",Afternoon Tennis,Workout,,2678,1.27,161.0,7,false,,,activities/19845085428.fit.gz,,,2678.0,1578.0,1271.1,2.88,0.806,0.0,0.0,178.7,178.8,1.4,0.0,,,111.0,60.0,161.0,121.0,,,332.0,,,7.0,,,,,,,,,,,,,0.0,,1.0,,,,,,,,,,,,,,,,,,,,,,,,,,,,0.475,0.0,,,,2022.0,0.0,,,,,,2022.0,,,,,,,,,,""
18721571050,"May 30, 2026, 10:24:30 PM",Afternoon Ride,Ride,Wind was strong otw back ,3625,17.56,159.0,46,false,,,activities/19830594699.fit.gz,,,3625.0,3583.0,17566.0,8.427,4.903,185.0,167.0,165.0,192.6,33.3,0.1,,,,,159.0,138.0,,,618.0,,,46.0,,,,,,,,,,,,,0.0,,1.0,,,,,,,,,,,,,,,,,,,,,,,,,,,,4.846,586.4,,,,,0.0,,,,,,,,,,,,,,,,media/b9297916-cdf3-46e8-9c0e-f3d57e5ca3a4.mp4
18720334176,"May 30, 2026, 7:48:25 PM",Afternoon Ride,Ride,"",2303,16.11,167.0,44,false,,,activities/19829332076.fit.gz,,,2303.0,2266.0,16111.6,10.392,7.11,90.0,82.0,173.0,190.4,12.7,0.0,,,,,167.0,146.0,,,482.0,,,44.0,,,,,,,,,,,0.0,,0.0,,1.0,,,,,,,,,,,,,,,,,,,,,,,,,,,,6.996,644.9,,,,,0.0,,,,,,,,,,,,,,,,media/23d64d06-2c2c-4456-a4b4-a014c7d135cb.jpg|media/a86291ea-c42c-4cf4-a460-b1c7032577c9.jpg|media/c38e72da-5834-44d9-970e-00b860533c58.mp4
18708417494,"May 29, 2026, 11:04:41 PM",Evening Tennis,Workout,"First time walking off a tie against [strava://athletes/88348816/15]William Hammond 
5-5
Had my chances to win when I'm up a break but he broke right back at 4-3",3684,2.34,174.0,29,false,,,activities/19817179539.fit.gz,,,3684.0,2817.0,2345.3,4.267,0.833,0.0,0.0,182.0,182.3,1.0,0.0,,,115.0,59.0,174.0,136.0,,,624.0,,,29.0,,,,,,,,,,,0.0,,0.0,,1.0,,,,,,,,,,,,,,,,,,,,,,,,,,,,0.637,0.0,,,,3742.0,0.0,,,,,,3742.0,,0.0,,,,,,,,""
18696820346,"May 28, 2026, 11:24:03 PM",Evening Run,Run,,2162,5.73,174.0,36,false,,ASICS gel-kayano 32,activities/19805352655.fit.gz,,,2162.0,1866.0,5731.1,7.564,3.071,54.0,33.0,164.0,185.2,49.4,0.3,,,123.0,79.0,174.0,144.0,,341.0,456.0,,,36.0,637332.0,,,,,,,,344.0,2162.0,,,0.0,,1.0,5976.7,,,,,,,,,,,,,,,,25364390.0,,,,,,,,,,,2.651,0.0,,,,4818.0,0.0,,402.0,259.0,3.203,,,,,,,,,,,,""
18682902893,"May 27, 2026, 11:24:10 PM",Evening Run,Run,,4733,8.67,184.0,75,false,,ASICS gel-kayano 32,activities/19791185754.fit.gz,,,4733.0,3046.0,8670.0,9.94,2.846,92.0,57.0,158.6,203.2,35.3,0.4,,,123.0,78.0,184.0,153.0,,345.0,681.0,,,75.0,1017232.0,,,,,,,,350.0,3249.0,,,0.0,,1.0,8965.5,,,,,,,,,,,,,,,,25364390.0,,,,,,,,,,,1.832,850.1,,,,7718.0,0.0,,624.0,263.0,2.943,,,,,,,,,,,,""
18668660728,"May 26, 2026, 11:28:32 PM",Evening Run,Run,Aight maybe post-memorial weekend run wasn't that great of an idea ,2953,8.17,169.0,69,false,,ASICS gel-kayano 32,activities/19776683445.fit.gz,,,2953.0,2649.0,8175.9,7.28,3.086,45.0,59.0,177.8,201.8,41.7,-0.2,,,83.0,78.0,169.0,153.0,,354.0,661.0,,,69.0,944693.0,,,,,,,,346.0,2954.0,,,0.0,,1.0,8337.1,,,,,,,,,,,,,,,,25364390.0,,,,,,,,,,,2.769,2942.8,,,,6996.0,0.0,,555.0,260.0,3.147,,,,,,,,,,,,""
18667911554,"May 26, 2026, 10:37:10 PM",Afternoon Ride,Ride,,1426,5.50,135.0,3,false,,,activities/19775922352.fit.gz,,9.0,1426.0,1099.0,5502.7,10.98,5.007,41.0,17.0,169.8,195.6,46.7,0.4,,,,,135.0,117.0,,,185.0,,,3.0,,,,,,,,,,,,,0.0,,1.0,,,,,,,,,,,,,,,,,,,,,,,,,,,,3.859,0.0,,,,,0.0,,,,,,,,,,,,,,,,""
18655692104,"May 26, 2026, 1:20:15 AM",Evening E-Bike Ride,E-Bike Ride,,1322,3.55,111.0,1,false,,,activities/19763484712.fit.gz,,9.0,1322.0,623.0,3556.2,8.88,5.708,41.0,20.0,179.6,208.0,13.0,0.6,,,,,111.0,92.0,,,104.0,,,1.0,,,,,,,,,,,,,0.0,,1.0,,,,,,,,,,,,,,,,,,,,,,,,,,,,2.69,0.0,,,,,0.0,,,,,,,,,,,,,,,,""
18601937044,"May 21, 2026, 10:18:15 PM",Afternoon Tennis,Workout,,3030,2.00,187.0,17,false,,,activities/19708608746.fit.gz,,,3030.0,2180.0,2008.4,4.02,0.921,0.0,0.0,179.7,179.9,1.7,0.0,,,114.0,63.0,187.0,130.0,,,458.0,,,17.0,,,,,,,,,,,,,0.0,,1.0,,,,,,,,,,,,,,,,,,,,,,,,,,,,0.663,0.0,,,,3370.0,0.0,,,,,,3370.0,,,,,,,,,,""
18590917566,"May 21, 2026, 12:33:43 AM",Evening Ride,Ride,,1590,8.81,154.0,9,false,,,activities/19697396023.fit.gz,,9.0,1590.0,1536.0,8809.8,8.56,5.736,53.0,42.0,176.0,191.2,38.1,0.1,,,,,154.0,127.0,,,258.0,,,9.0,,,,,,,,,,,,,0.0,,1.0,,,,,,,,,,,,,,,,,,,,,,,,,,,,5.541,246.4,,,,,0.0,,,,,,,,,,,,,,,,""
18590917534,"May 21, 2026, 12:31:35 AM",Evening Ride,Ride,,98,0,126.0,0,false,,,activities/19697395966.fit.gz,,9.0,98.0,98.0,0.0,0.0,0.0,0.0,0.0,168.8,176.4,0.0,0.0,,,,,126.0,112.0,,,14.0,,,0.0,,,,,,,,,,,,,0.0,,1.0,,,,,,,,,,,,,,,,,,,,,,,,,,,,0.0,0.0,,,,,0.0,,,,,,,,,,,,,,,,""
18484708182,"May 12, 2026, 11:28:45 PM",Evening Run,Run,,2703,8.13,170.0,68,false,,ASICS gel-kayano 32,activities/19590031757.fit.gz,,,2703.0,2557.0,8131.3,5.1,3.18,63.0,49.0,170.8,190.2,23.8,0.2,,,108.0,79.0,170.0,153.0,,377.0,635.0,,,68.0,966921.0,,,,,,,,375.0,2704.0,,,0.0,,1.0,8381.7,,,,,,,,,,,,,,,,25364390.0,,,,,,,,,,,3.008,2950.9,,,,6736.0,0.0,,597.0,282.0,3.278,,,,,,,,,,,,""
18483865505,"May 12, 2026, 9:38:45 PM",Afternoon Ride,Ride,,2043,8.22,141.0,6,false,,,activities/19589184131.fit.gz,,9.0,2043.0,1792.0,8220.4,10.86,4.587,84.0,53.0,156.8,207.0,45.5,0.4,,,,,141.0,115.0,,,251.0,,,6.0,,,,,,,,,,,,,0.0,,1.0,,,,,,,,,,,,,,,,,,,,,,,,,,,,4.024,58.9,,,,,0.0,,,,,,,,,,,,,,,,""
18471234973,"May 12, 2026, 12:45:49 AM",Evening Ride,Ride,,1291,3.54,126.0,2,false,,,activities/19576471842.fit.gz,,9.0,1291.0,993.0,3541.7,6.217,3.567,72.0,28.0,138.6,187.8,15.7,1.0,,,,,126.0,108.0,,,142.0,,,2.0,,,,,,,,,,,,,0.0,,1.0,,,,,,,,,,,,,,,,,,,,,,,,,,,,2.743,0.0,,,,,0.0,,,,,,,,,,,,,,,,""
18447210580,"May 10, 2026, 5:51:38 AM",Night Ride,Ride,,2412,11.81,166.0,31,false,,,activities/19552191791.fit.gz,,9.0,2412.0,2331.0,11811.7,9.393,5.067,78.0,69.0,166.6,194.2,24.7,0.1,,,,,166.0,140.0,,,461.0,,,31.0,,,,,,,,,,,,,0.0,,1.0,,,,,,,,,,,,,,,,,,,,,,,,,,,,4.897,566.6,,,,,0.0,,,,,,,,,,,,,,,,""
18446032832,"May 10, 2026, 1:01:59 AM",Evening Ride,Ride,,2205,11.59,166.0,21,false,,,activities/19550986789.fit.gz,,9.0,2205.0,2048.0,11591.4,8.989,5.66,63.0,59.0,169.8,191.0,12.0,0.0,,,,,166.0,137.0,,,404.0,,,21.0,,,,,,,,,,,,,0.0,,1.0,,,,,,,,,,,,,,,,,,,,,,,,,,,,5.257,348.5,,,,,0.0,,,,,,,,,,,,,,,,""
18406690158,"May 7, 2026, 12:53:53 AM",Evening Run,Run,,1102,3.41,174.0,39,false,,ASICS gel-kayano 32,activities/19511241073.fit.gz,,,1102.0,1075.0,3415.8,8.64,3.177,30.0,11.0,167.0,190.2,19.8,0.6,,,109.0,79.0,174.0,163.0,,379.0,265.0,,,39.0,410072.0,,,,,,,,378.0,1103.0,,,0.0,,1.0,3567.3,,,,,,,,,,,,,,,,25364390.0,,,,,,,,,,,3.1,0.0,,,,2858.0,0.0,,247.0,284.0,3.318,,,,,,,,,,,,""
18406145917,"May 6, 2026, 11:32:31 PM",Evening Run,Run,,1690,4.66,174.0,36,false,,ASICS gel-kayano 32,activities/19510693965.fit.gz,,,1690.0,1649.0,4668.1,7.2,2.831,30.0,28.0,181.6,191.0,21.9,0.1,,,83.0,79.0,174.0,150.0,,311.0,366.0,,,36.0,519456.0,,,,,,,,315.0,1690.0,,,0.0,,1.0,4763.3,,,,,,,,,,,,,,,,25364390.0,,,,,,,,,,,2.762,0.0,,,,4404.0,0.0,,263.0,237.0,2.889,,,,,,,,,,,,""
18406136582,"May 6, 2026, 10:29:11 PM",Afternoon E-Bike Ride,E-Bike Ride,,2522,7.55,150.0,6,false,,,activities/19510684689.fit.gz,,9.0,2522.0,1294.0,7550.7,10.3,5.835,69.0,34.0,160.4,197.8,16.4,0.4,,,,,150.0,120.0,,,205.0,,,6.0,,,,,,,,,,,,,0.0,,1.0,,,,,,,,,,,,,,,,,,,,,,,,,,,,2.994,166.8,,,,,0.0,,,,,,,,,,,,,,,,""
18392606045,"May 5, 2026, 11:17:55 PM",Evening Ride,Ride,,1362,6.06,142.0,4,false,,,activities/19497058475.fit.gz,,9.0,1362.0,1243.0,6068.4,6.538,4.882,27.0,12.0,168.6,188.4,15.4,0.1,,,,,142.0,115.0,,,178.0,,,4.0,,,,,,,,,,,,,0.0,,1.0,,,,,,,,,,,,,,,,,,,,,,,,,,,,4.456,557.2,,,,,0.0,,,,,,,,,,,,,,,,""
18392083575,"May 5, 2026, 10:24:58 PM",Afternoon Ride,Ride,,1813,8.06,138.0,5,false,,,activities/19496534291.fit.gz,,9.0,1813.0,1666.0,8066.4,9.56,4.842,81.0,55.0,178.0,208.6,43.8,0.4,,,,,138.0,115.0,,,228.0,,,5.0,,,,,,,,,,,,,0.0,,1.0,,,,,,,,,,,,,,,,,,,,,,,,,,,,4.449,135.0,,,,,0.0,,,,,,,,,,,,,,,,""
18380211694,"May 5, 2026, 2:26:10 AM",Night Weight Training,Weight Training,,2511,0,160.0,8,false,,,activities/19484574283.fit.gz,,,2511.0,2511.0,0.0,0.0,0.0,0.0,0.0,0.0,0.0,0.0,0.0,,,,,160.0,108.0,,,280.0,,,8.0,,,,,,,,,,,,,0.0,0.0,1.0,,,,,,,,,,,,,,,,,,,,,,,,,,,,0.0,0.0,,,,,0.0,,,,,,738.0,0.0,0.0,,,,0.0,,11,369,""
18378283119,"May 4, 2026, 10:34:21 PM",Afternoon Ride,Ride,,1526,6.85,139.0,4,false,,,activities/19482636253.fit.gz,,9.0,1526.0,1465.0,6858.9,15.317,4.682,26.0,20.0,181.8,194.4,11.0,0.1,,,,,139.0,108.0,,,170.0,,,4.0,,,,,,,,,,,,,0.0,,1.0,,,,,,,,,,,,,,,,,,,,,,,,,,,,4.495,73.0,,,,,0.0,,,,,,,,,,,,,,,,""
18366082317,"May 3, 2026, 9:35:00 PM",Afternoon Tennis,Workout,"0-6
No backhand. Right shoulder blade felt weird today. The worst thing is William isn't feeling his best either. 
 ",5807,2.79,180.0,17,false,,,activities/19470322607.fit.gz,,,5807.0,3304.0,2792.5,2.833,0.845,0.0,0.0,178.6,178.8,4.0,0.0,,,114.0,59.0,180.0,116.0,,,631.0,,,17.0,,,,,,,,,,,,,0.0,,1.0,,,,,,,,,,,,,,,,,,,,,,,,,,,,0.481,0.0,,,,4892.0,0.0,,,,,,4892.0,0.0,0.0,,,,0.0,,,,media/ae52a7c0-57d3-4872-b9f2-639609620ed7.jpg
18352564884,"May 2, 2026, 10:59:20 PM",Basic divvy seat hurts my balls,Ride,"After like 6 miles
",2948,16.47,149.0,14,false,,,activities/19456596438.fit.gz,,9.0,2948.0,2914.0,16470.6,9.033,5.652,118.0,82.0,144.0,192.6,29.3,0.2,,,,,149.0,125.0,,,427.0,,,14.0,,,,,,,,,,,0.0,,0.0,,1.0,,,,,,,,,,,,,,,,,,,,,,,,,,,,5.587,0.0,,,,,0.0,,,,,,,0.0,0.0,,,,0.0,,,,media/8999b578-afd2-43ac-9928-0d41167d5835.jpg
18351559677,"May 2, 2026, 8:40:26 PM",Afternoon Ride,Ride,,2384,9.55,155.0,20,false,,,activities/19455576397.fit.gz,,9.0,2384.0,2025.0,9552.3,8.217,4.717,131.0,95.0,124.6,178.6,48.0,0.4,,,,,155.0,132.0,,,399.0,,,20.0,,,,,,,,,,,,,0.0,,1.0,,,,,,,,,,,,,,,,,,,,,,,,,,,,4.007,0.0,,,,,0.0,,,,,,,,,,,,,,,,""
18326479946,"Apr 30, 2026, 11:04:57 PM",600s,Run,"",3141,10.08,185.0,110,false,,ASICS gel-kayano 32,activities/19430173246.fit.gz,,,3141.0,3120.0,10082.9,4.94,3.232,105.0,78.0,158.0,201.0,37.1,0.3,,,86.0,80.0,185.0,160.0,,389.0,777.0,,,110.0,1215337.0,,,,,,,,402.0,3142.0,0.0,,0.0,,1.0,10399.4,,,,,,,,,,,,,,,,25364390.0,,,,,,,,,,,3.21,459.9,,,,8274.0,0.0,,796.0,302.0,3.333,,,0.0,0.0,,,,0.0,,,,""
18314342259,"Apr 30, 2026, 2:32:35 AM",Night Weight Training,Weight Training,,1967,0,171.0,21,false,,,activities/19417938573.fit.gz,,,1967.0,1967.0,0.0,0.0,0.0,0.0,0.0,0.0,0.0,0.0,0.0,,,,,171.0,130.0,,,316.0,,,21.0,,,,,,,,,,,,,0.0,0.0,1.0,,,,,,,,,,,,,,,,,,,,,,,,,,,,0.0,0.0,,,,,0.0,,,,,,714.0,0.0,0.0,,,,0.0,,8,357,""
18312586722,"Apr 29, 2026, 10:21:43 PM",Afternoon Ride,Ride,,1964,8.25,141.0,5,false,,,activities/19416173699.fit.gz,,9.0,1964.0,1760.0,8250.0,15.083,4.688,34.0,23.0,175.2,191.6,48.1,0.2,,,,,141.0,111.0,,,228.0,,,5.0,,,,,,,,,,,,,0.0,,1.0,,,,,,,,,,,,,,,,,,,,,,,,,,,,4.201,0.0,,,,,0.0,,,,,,,,,,,,,,,,""
18299968395,"Apr 28, 2026, 11:22:17 PM",Evening Run,Run,kept my pace as fast as Michael until he gave up on his own speed,3103,8.37,164.0,47,false,"",ASICS gel-kayano 32,activities/19403453075.fit.gz,,,3103.0,2698.0,8373.8,11.52,3.104,59.0,71.0,173.6,204.0,34.6,-0.1,,,88.0,77.0,164.0,144.0,,354.0,624.0,,,47.0,957605.0,,,,,,,,352.0,3104.0,,,0.0,,1.0,8595.9,,,,,,,,,,,,,,,,25364390.0,,,,,,,,,,,2.699,2939.2,,,,7102.0,0.0,,604.0,265.0,3.186,,,0.0,0.0,,,,0.0,,,,""
18298551634,"Apr 28, 2026, 9:45:36 PM",Afternoon Ride,Ride,,1948,8.22,142.0,6,false,,,activities/19402033193.fit.gz,,9.0,1948.0,1857.0,8228.8,12.585,4.431,53.0,43.0,187.4,215.2,33.3,0.1,,,,,142.0,113.0,,,231.0,,,6.0,,,,,,,,,,,,,0.0,,1.0,,,,,,,,,,,,,,,,,,,,,,,,,,,,4.224,133.2,,,,,0.0,,,,,,,,,,,,,,,,""
18285072057,"Apr 27, 2026, 10:32:10 PM",Afternoon Ride,Ride,,1899,8.11,142.0,5,false,,,activities/19388462456.fit.gz,,9.0,1899.0,1816.0,8112.5,9.04,4.467,57.0,31.0,167.0,195.2,44.9,0.3,,,,,142.0,109.0,,,206.0,,,5.0,,,,,,,,,,,,,0.0,,1.0,,,,,,,,,,,,,,,,,,,,,,,,,,,,4.272,128.3,,,,,0.0,,,,,,,,,,,,,,,,""
18272381124,"Apr 26, 2026, 9:39:55 PM",Afternoon Tennis,Workout,,2931,1.47,170.0,20,false,,,activities/19375680097.fit.gz,,,2931.0,2055.0,1472.7,3.933,0.717,0.0,0.0,177.6,178.3,5.7,0.0,,,123.0,61.0,170.0,132.0,,,482.0,,,20.0,,,,,,,,,,,,,0.0,,1.0,,,,,,,,,,,,,,,,,,,,,,,,,,,,0.502,0.0,,,,2860.0,0.0,,,,,,2860.0,,,,,,,,,,""
18254890664,"Apr 25, 2026, 2:10:24 PM",Morning Run,Run,"",8247,21.91,175.0,187,false,,ASICS gel-kayano 32,activities/19357962013.fit.gz,,,8247.0,7615.0,21918.9,6.04,2.878,207.0,213.0,158.2,212.4,46.2,0.0,,,87.0,80.0,175.0,151.0,,340.0,1748.0,,,187.0,2591337.0,,,,,,,,336.0,8247.0,,,0.0,,1.0,22529.2,,,,,,,,,,,,,,,,25364390.0,,,,,,,,,,,2.658,7394.3,,,,20450.0,0.0,,1464.0,253.0,2.959,,,0.0,0.0,,,,0.0,,,,media/c3eea6a0-f772-44aa-a56a-380467e292c2.jpg|media/791dd15f-60c4-45d9-84a6-ad9ea30c7711.jpg
18234312128,"Apr 24, 2026, 3:16:06 AM",Night Ride,Ride,,1649,5.95,131.0,4,false,,,activities/19337175199.fit.gz,,9.0,1649.0,1438.0,5957.1,7.2,4.143,31.0,17.0,176.0,192.2,47.1,0.2,,,,,131.0,108.0,,,171.0,,,4.0,,,,,,,,,,,,,0.0,,1.0,,,,,,,,,,,,,,,,,,,,,,,,,,,,3.613,0.0,,,,,0.0,,,,,,,,,,,,,,,,""
18232829651,"Apr 23, 2026, 11:31:07 PM",Evening E-Bike Ride,E-Bike Ride,,1044,6.26,135.0,3,false,,,activities/19335677279.fit.gz,,9.0,1044.0,978.0,6261.5,10.08,6.402,29.0,33.0,179.4,189.2,12.8,-0.1,,,,,135.0,109.0,,,121.0,,,3.0,,,,,,,,,,,,,0.0,,1.0,,,,,,,,,,,,,,,,,,,,,,,,,,,,5.998,0.0,,,,,0.0,,,,,,,,,,,,,,,,""
18218033646,"Apr 22, 2026, 9:17:25 PM",Afternoon Ride,Ride,,1846,8.10,141.0,7,false,,,activities/19320778677.fit.gz,,9.0,1846.0,1728.0,8105.2,9.46,4.691,65.0,30.0,160.8,199.2,43.2,0.4,,,,,141.0,123.0,,,270.0,,,7.0,,,,,,,,,,,,,0.0,,1.0,,,,,,,,,,,,,,,,,,,,,,,,,,,,4.391,112.5,,,,,0.0,,,,,,,,,,,,,,,,""
18205739675,"Apr 21, 2026, 11:25:55 PM",Evening Run,Run,,2915,8.15,175.0,74,false,,ASICS gel-kayano 32,activities/19308411374.fit.gz,,,2915.0,2591.0,8154.6,7.58,3.147,48.0,49.0,174.6,188.0,32.0,0.0,,,113.0,79.0,175.0,156.0,,358.0,663.0,,,74.0,934146.0,,,,,,,,347.0,2916.0,,,0.0,,1.0,8368.5,,,,,,,,,,,,,,,,25364390.0,,,,,,,,,,,2.797,2953.0,,,,6896.0,0.0,,551.0,261.0,3.23,,,,,,,,,,,,""
18204958111,"Apr 21, 2026, 10:27:33 PM",Afternoon Ride,Ride,,2036,8.59,138.0,6,false,,,activities/19307627381.fit.gz,,9.0,2036.0,1858.0,8597.7,11.933,4.627,62.0,52.0,178.6,208.4,12.3,0.1,,,,,138.0,114.0,,,246.0,,,6.0,,,,,,,,,,,,,0.0,,1.0,,,,,,,,,,,,,,,,,,,,,,,,,,,,4.223,45.1,,,,,0.0,,,,,,,,,,,,,,,,""
18190716301,"Apr 20, 2026, 10:26:29 PM",Afternoon Ride,Ride,,2228,8.65,130.0,4,false,,,activities/19293305116.fit.gz,,9.0,2228.0,1938.0,8655.7,8.02,4.466,37.0,26.0,175.8,208.0,42.9,0.2,,,,,130.0,98.0,,,184.0,,,4.0,,,,,,,,,,,,,0.0,,1.0,,,,,,,,,,,,,,,,,,,,,,,,,,,,3.885,58.2,,,,,0.0,,,,,,,,,,,,,,,,""
18163209285,"Apr 18, 2026, 4:52:30 PM",Lunch Swim,Swim,,4045,"1,975",215.0,95,false,,,activities/19265504032.fit.gz,,,4045.0,2385.0,1975.0,1.8,0.828,0.0,0.0,0.0,0.0,0.0,0.0,,,,,215.0,139.0,,,652.0,,,95.0,,,,,,,,,,,,,0.0,,1.0,,,,,,,,,,,,,,,,,,,,,,,,,,,,0.488,0.0,,,,,0.0,25.0,,,,,,0.0,0.0,,,,0.0,,,,""
18155395402,"Apr 17, 2026, 10:23:51 PM",Afternoon Ride,Ride,,1702,7.19,136.0,4,false,,,activities/19257607657.fit.gz,,9.0,1702.0,1589.0,7191.6,9.36,4.526,48.0,36.0,177.8,195.2,50.0,0.2,,,,,136.0,110.0,,,194.0,,,4.0,,,,,,,,,,,,,0.0,,1.0,,,,,,,,,,,,,,,,,,,,,,,,,,,,4.225,113.5,,,,,0.0,,,,,,,,,,,,,,,,""
18126704749,"Apr 15, 2026, 11:36:06 PM",Tempo interval,Run,"WU/CD 1 mi @ 9 min pace
4 sets of 2k @ 7:45 then 400 m @ 9:00",3987,12.84,193.0,236,false,,ASICS gel-kayano 32,activities/19228674951.fit.gz,,,3987.0,3919.0,12839.7,5.94,3.276,127.0,112.0,169.2,195.0,38.4,0.1,,,114.0,78.0,193.0,178.0,,391.0,1062.0,,,236.0,1532096.0,,,,,,,,394.0,3988.0,,,0.0,,1.0,13293.5,,,,,,,,,,,,,,,,25364390.0,,,,,,,,,,,3.22,638.7,,,,10290.0,0.0,,971.0,296.0,3.392,,,0.0,0.0,,,,0.0,,,,""
18125142364,"Apr 15, 2026, 10:37:22 PM",Ride home,Ride,"",1691,7.15,146.0,5,false,,,activities/19227104009.fit.gz,,9.0,1691.0,1629.0,7158.6,12.625,4.394,52.0,47.0,182.6,198.2,30.1,0.1,,,,,146.0,116.0,,,217.0,,,5.0,,,,,,,,,,,0.0,,0.0,,1.0,,,,,,,,,,,,,,,,,,,,,,,,,,,,4.233,54.0,,,,,0.0,,,,,,,0.0,0.0,,,,0.0,,,,""
18112372696,"Apr 14, 2026, 11:20:14 PM",Evening lake jump Run,Run,More like polar plunge. Pretty sure my heart skipped a beat when I entered the water ,3894,7.49,168.0,53,false,,ASICS gel-kayano 32,activities/19214236431.fit.gz,,,3894.0,2634.0,7495.8,8.86,2.846,60.0,74.0,136.2,582.2,48.5,-0.2,,,87.0,76.0,168.0,146.0,,317.0,657.0,,,53.0,851844.0,,,,,,,,301.0,3894.0,,,0.0,,1.0,7781.9,,,,,,,,,,,,,,,,25364390.0,,,,,,,,,,,1.925,2501.0,,,,6870.0,0.0,,553.0,226.0,2.954,,,0.0,0.0,,,,0.0,,,,""
18111477289,"Apr 14, 2026, 10:29:01 PM",Afternoon Ride,Ride,,1844,7.81,124.0,4,false,,,activities/19213337452.fit.gz,,9.0,1844.0,1652.0,7811.3,15.769,4.728,77.0,59.0,177.0,200.8,42.1,0.2,,,,,124.0,102.0,,,175.0,,,4.0,,,,,,,,,,,,,0.0,,1.0,,,,,,,,,,,,,,,,,,,,,,,,,,,,4.236,88.4,,,,,0.0,,,,,,,,,,,,,,,,""
18097522585,"Apr 13, 2026, 10:30:10 PM",Afternoon Ride,Ride,,1859,8.51,132.0,5,false,,,activities/19199304444.fit.gz,,9.0,1859.0,1705.0,8515.7,12.0,4.995,59.0,50.0,174.0,192.6,12.9,0.1,,,,,132.0,108.0,,,199.0,,,5.0,,,,,,,,,,,,,0.0,,1.0,,,,,,,,,,,,,,,,,,,,,,,,,,,,4.581,52.5,,,,,0.0,,,,,,,,,,,,,,,,""
18071811345,"Apr 11, 2026, 4:20:11 PM",Slopes - A day skiing at Copper Mountain Resort,Alpine Ski,"",19818,16.96,,,false,,,activities/19173313942.fit.gz,,,19818.0,5140.0,16963.7,12.9,3.3,137.9,2728.6,2964.6,3681.7,31.5,0.0,,,,,,,,,,,,,,10,,,,,,,,,0.0,,0.0,,1.0,,,,,,,,,,,,,,,,,,,,,,,,,,,,0.856,0.0,,,,,0.0,,,,,,,0.0,0.0,,,,0.0,,,,media/f6587801-87ec-422c-936b-7358b8ff02a0.jpg|media/89806c18-783a-40c7-96f6-1933b5c3ac57.jpg|media/1bc616c0-c80f-45bf-8cc7-47f96b89be34.jpg|media/4b36ab16-7d83-44a3-aa67-d31adfb6f715.mp4
18059020016,"Apr 10, 2026, 6:30:31 PM",Slopes - A day skiing at Copper Mountain Resort,Alpine Ski,Snow condition was ass all day until after it closes 💀. Also got wiped out on the first blue run and my back hurts 😭,16320,16.42,,,false,,,activities/19160374067.fit.gz,,,16320.0,3879.0,16420.7,14.54,4.233,8.7,2641.8,2972.8,3561.9,24.8,-2.7,,,,,,,,,,,,,,6,,,,,,,,,0.0,,0.0,,1.0,,,,,,,,,,,,,,,,,,,,,,,,,,,,1.006,2161.3,,,,,0.0,,,,,,,0.0,0.0,,,,0.0,,,,media/a47870e0-1f20-4753-bd3f-a7602b193fe1.mp4|media/61ec0b12-403a-43c7-aa8f-662a32b63701.mp4|media/eb3651a0-1200-4c45-8808-59e983c0ffd8.jpg|media/bc1b23a2-f0a0-4c51-83f2-8f8628066af4.jpg|media/96124d6b-17da-4c27-8223-533bd1abfc51.mp4|media/cc5fbfac-ab1f-4f6c-91a6-79aa89a6112f.jpg|media/822ab7a8-e4b5-4226-9da4-a098e2354d37.jpg
18034557460,"Apr 8, 2026, 11:17:40 PM",Evening Tennis,Workout,6-2 against [strava://athletes/88348816/15]William Hammond. He has 48 hours to respond. ,1852,1.13,175.0,17,false,"",,activities/19135710198.fit.gz,,,1852.0,1423.0,1137.1,2.56,0.799,0.0,0.0,181.9,181.9,0.0,0.0,,,114.0,59.0,175.0,136.0,,,354.0,,,17.0,,,,,,,,,,,0.0,,0.0,,1.0,,,,,,,,,,,,,,,,,,,,,,,,,,,,0.614,0.0,,,,1878.0,0.0,,,,,,1878.0,0.0,0.0,,,,0.0,,,,media/7b6d88cd-b5bf-4762-992b-8c0d381706ea.jpg
18033975390,"Apr 8, 2026, 10:19:29 PM",Afternoon Ride,Ride,,2126,8.25,139.0,6,false,,,activities/19135124753.fit.gz,,9.0,2126.0,1779.0,8252.5,12.1,4.639,85.0,70.0,176.0,216.4,45.2,0.1,,,,,139.0,117.0,,,258.0,,,6.0,,,,,,,,,,,,,0.0,,1.0,,,,,,,,,,,,,,,,,,,,,,,,,,,,3.882,61.4,,,,,0.0,,,,,,,,,,,,,,,,""
18020673658,"Apr 7, 2026, 11:25:22 PM",Evening Run,Run,,2751,7.17,163.0,33,false,,ASICS gel-kayano 32,activities/19121591899.fit.gz,,,2751.0,2449.0,7174.6,6.98,2.93,81.0,66.0,171.6,207.0,28.6,0.2,,,111.0,79.0,163.0,142.0,,342.0,560.0,,,33.0,844584.0,,,,,,,,336.0,2752.0,,,0.0,,1.0,7431.4,,,,,,,,,,,,,,,,25364390.0,,,,,,,,,,,2.608,2485.5,,,,6532.0,0.0,,488.0,253.0,3.034,,,,,,,,,,,,""
18020097166,"Apr 7, 2026, 10:37:23 PM",Afternoon Ride,Ride,,1964,8.14,133.0,6,false,,,activities/19121011540.fit.gz,,9.0,1964.0,1905.0,8142.8,10.556,4.274,62.0,26.0,156.8,201.0,41.4,0.5,,,,,133.0,113.0,,,232.0,,,6.0,,,,,,,,,,,,,0.0,,1.0,,,,,,,,,,,,,,,,,,,,,,,,,,,,4.146,49.5,,,,,0.0,,,,,,,,,,,,,,,,""
18006360932,"Apr 6, 2026, 10:07:16 PM",Afternoon Ride,Ride,,1812,7.87,145.0,5,false,,,activities/19107056610.fit.gz,,9.0,1812.0,1727.0,7877.1,8.64,4.561,85.0,48.0,146.8,196.2,43.2,0.5,,,,,145.0,109.0,,,202.0,,,5.0,,,,,,,,,,,,,0.0,,1.0,,,,,,,,,,,,,,,,,,,,,,,,,,,,4.347,93.7,,,,,0.0,,,,,,,,,,,,,,,,""
17993088039,"Apr 5, 2026, 9:21:15 PM",Afternoon Tennis,Workout,"3-6 4-6
Probably the closest ive ever gotten to beating William. Forehand got cleaner. Backhand still needs more reaction time. Serve was a lot more consistent now but still choke in crunch time. ",7160,4.04,177.0,33,false,"",,activities/19093657683.fit.gz,,,7160.0,5311.0,4046.8,2.6,0.762,0.0,0.0,178.7,179.3,0.0,0.0,,,123.0,58.0,177.0,126.0,,,883.0,,,33.0,,,,,,,,,,,,,0.0,,1.0,,,,,,,,,,,,,,,,,,,,,,,,,,,,0.565,0.0,,,,7406.0,0.0,,,,,,7406.0,0.0,0.0,,,,0.0,,,,""
17980525101,"Apr 4, 2026, 9:47:29 PM",Afternoon Weight Training,Weight Training,,1888,0,168.0,20,false,,,activities/19080934893.fit.gz,,,1888.0,1888.0,0.0,0.0,0.0,0.0,0.0,0.0,0.0,0.0,0.0,,,,,168.0,130.0,,,317.0,,,20.0,,,,,,,,,,,,,0.0,0.0,1.0,,,,,,,,,,,,,,,,,,,,,,,,,,,,0.0,0.0,,,,,0.0,,,,,,710.0,,,,,,,,7,355,""
17943920239,"Apr 1, 2026, 10:31:27 PM",Afternoon Ride,Ride,,1896,8.13,153.0,7,false,,,activities/19044020673.fit.gz,,9.0,1896.0,1775.0,8133.0,8.331,4.582,54.0,30.0,162.4,191.4,41.9,0.3,,,,,153.0,119.0,,,262.0,,,7.0,,,,,,,,,,,,,0.0,,1.0,,,,,,,,,,,,,,,,,,,,,,,,,,,,4.29,51.9,,,,,0.0,,,,,,,,,,,,,,,,""
17931955748,"Mar 31, 2026, 11:22:37 PM",Evening Run,Run,,2801,7.06,159.0,38,false,,ASICS gel-kayano 32,activities/19031981807.fit.gz,,,2801.0,2477.0,7066.6,6.36,2.853,63.0,46.0,168.0,200.4,49.5,0.3,,,118.0,79.0,159.0,143.0,,343.0,562.0,,,38.0,850220.0,,,,,,,,335.0,2802.0,,,0.0,,1.0,7310.1,,,,,,,,,,,,,,,,25364390.0,,,,,,,,,,,2.523,2484.2,,,,6576.0,0.0,,494.0,252.0,2.951,,,,,,,,,,,,""
17930893103,"Mar 31, 2026, 9:30:50 PM",Afternoon Ride,Ride,,2038,8.12,136.0,5,false,,,activities/19030919304.fit.gz,,9.0,2038.0,1847.0,8123.5,14.04,4.398,82.0,53.0,164.2,204.8,37.5,0.4,,,,,136.0,111.0,,,237.0,,,5.0,,,,,,,,,,,,,0.0,,1.0,,,,,,,,,,,,,,,,,,,,,,,,,,,,3.986,0.0,,,,,0.0,,,,,,,,,,,,,,,,""
17917764296,"Mar 30, 2026, 9:29:58 PM",Afternoon Ride,Ride,,1893,8.21,137.0,5,false,,,activities/19017698896.fit.gz,,9.0,1893.0,1765.0,8211.7,10.329,4.653,75.0,78.0,184.2,207.0,44.8,0.0,,,,,137.0,112.0,,,227.0,,,5.0,,,,,,,,,,,,,0.0,,1.0,,,,,,,,,,,,,,,,,,,,,,,,,,,,4.338,31.4,,,,,0.0,,,,,,,,,,,,,,,,""
17907297547,"Mar 29, 2026, 10:29:16 PM",Chained tennis courts can't stop us,Workout,Found a hole ,3334,1.32,179.0,8,false,,,activities/19007131664.fit.gz,,,3334.0,1634.0,1323.6,2.28,0.81,0.0,0.0,181.9,182.0,1.4,0.0,,,111.0,58.0,179.0,117.0,,,382.0,,,8.0,,,,,,,,,,,0.0,,0.0,,1.0,,,,,,,,,,,,,,,,,,,,,,,,,,,,0.397,0.0,,,,2788.0,0.0,,,,,,2788.0,0.0,0.0,,,,0.0,,,,media/d2b1a4e8-a036-4c40-ba7b-27b4a55ab258.mp4
17895225552,"Mar 29, 2026, 12:58:08 AM",Evening Ride,Ride,,1090,4.94,144.0,6,false,,,activities/18994886290.fit.gz,,9.0,1090.0,1031.0,4948.4,8.3,4.8,12.0,14.0,181.4,191.2,27.5,0.0,,,,,144.0,130.0,,,191.0,,,6.0,,,,,,,,,,,,,0.0,,1.0,,,,,,,,,,,,,,,,,,,,,,,,,,,,4.54,0.0,,,,,0.0,,,,,,,,,,,,,,,,""
17890244486,"Mar 28, 2026, 2:08:54 PM",Morning Run,Run,"Went to bed at 4am, somehow woke up at 7:48 and can't sleep so here I am doing a chill 9 mile social run ",5159,14.65,177.0,135,false,,ASICS gel-kayano 32,activities/18989870317.fit.gz,,,5159.0,5150.0,14657.8,5.72,2.846,119.0,115.0,176.2,203.8,45.2,0.0,,,84.0,81.0,177.0,153.0,,333.0,1156.0,,,135.0,1714053.0,,,,,,,,334.0,5159.0,0.0,,0.0,,1.0,14924.4,,,,,,,,,,,,,,,,25364390.0,,,,,,,,,,,2.841,0.0,,,,13952.0,0.0,,903.0,251.0,2.898,,,0.0,0.0,,,,0.0,,,,media/a9f28544-fb02-43ce-8386-b3c57fa8d67e.mp4
17860107160,"Mar 25, 2026, 11:27:24 PM",Last on run club prize event,Run,Finish second for the second week in a row :(,1896,4.84,186.0,26,false,"",ASICS gel-kayano 32,activities/18959618283.fit.gz,,,1896.0,1713.0,4845.7,6.44,2.829,33.0,17.0,170.8,187.4,17.2,0.3,,,87.0,79.0,186.0,143.0,,311.0,375.0,,,26.0,531560.0,,,,,,,,313.0,1897.0,0.0,,0.0,,1.0,4994.0,,,,,,,,,,,,,,,,25364390.0,,,,,,,,,,,2.556,11.0,,,,4502.0,0.0,,291.0,235.0,2.915,,,0.0,0.0,,,,0.0,,,,media/75fd0e40-4570-4d0c-9635-69dd9d713e5f.mp4
17859215255,"Mar 25, 2026, 10:14:08 PM",Afternoon E-Bike Ride,E-Bike Ride,,1622,8.15,115.0,2,false,,,activities/18958720426.fit.gz,,9.0,1622.0,1354.0,8155.5,15.54,6.023,95.0,77.0,176.6,199.8,38.9,0.2,,,,,115.0,92.0,,,120.0,,,2.0,,,,,,,,,,,,,0.0,,1.0,,,,,,,,,,,,,,,,,,,,,,,,,,,,5.028,138.8,,,,,0.0,,,,,,,,,,,,,,,,""
17847801152,"Mar 24, 2026, 11:21:02 PM",Evening Run,Run,,3068,7.12,177.0,43,false,,ASICS gel-kayano 32,activities/18947260232.fit.gz,,,3068.0,2482.0,7126.3,6.28,2.871,66.0,44.0,163.0,202.2,22.4,0.3,,,107.0,80.0,177.0,145.0,,338.0,572.0,,,43.0,839094.0,,,,,,,,330.0,3069.0,,,0.0,,1.0,7369.8,,,,,,,,,,,,,,,,25364390.0,,,,,,,,,,,2.323,2504.5,,,,6714.0,0.0,,524.0,248.0,2.969,,,,,,,,,,,,""
17846923280,"Mar 24, 2026, 10:18:27 PM",Afternoon E-Bike Ride,E-Bike Ride,,1428,8.26,106.0,2,false,,,activities/18946382279.fit.gz,,9.0,1428.0,1324.0,8263.4,14.0,6.241,72.0,34.0,159.2,207.4,41.7,0.5,,,,,106.0,87.0,,,97.0,,,2.0,,,,,,,,,,,,,0.0,,1.0,,,,,,,,,,,,,,,,,,,,,,,,,,,,5.787,67.6,,,,,0.0,,,,,,,,,,,,,,,,""
17835447092,"Mar 24, 2026, 1:55:46 AM",Evening Ride,Ride,,1449,6.36,133.0,4,false,,,activities/18934862165.fit.gz,,9.0,1449.0,1449.0,6368.6,7.017,4.395,19.0,13.0,176.0,187.0,12.7,0.1,,,,,133.0,110.0,,,169.0,,,4.0,,,,,,,,,,,,,0.0,,1.0,,,,,,,,,,,,,,,,,,,,,,,,,,,,4.395,0.0,,,,,0.0,,,,,,,,,,,,,,,,""
17834727741,"Mar 24, 2026, 12:12:59 AM",Evening Ride,Ride,,1179,6.00,150.0,9,false,,,activities/18934142029.fit.gz,,9.0,1179.0,1179.0,5999.7,7.686,5.089,16.0,6.0,175.4,188.0,36.1,0.2,,,,,150.0,129.0,,,210.0,,,9.0,,,,,,,,,,,,,0.0,,1.0,,,,,,,,,,,,,,,,,,,,,,,,,,,,5.089,573.0,,,,,0.0,,,,,,,,,,,,,,,,""
17834129086,"Mar 23, 2026, 10:44:58 PM",Afternoon Ride,Ride,,2066,8.14,136.0,5,false,,,activities/18933543720.fit.gz,,9.0,2066.0,1947.0,8141.2,9.192,4.181,38.0,18.0,168.8,194.0,31.6,0.2,,,,,136.0,103.0,,,202.0,,,5.0,,,,,,,,,,,,,0.0,,1.0,,,,,,,,,,,,,,,,,,,,,,,,,,,,3.941,62.8,,,,,0.0,,,,,,,,,,,,,,,,""
17822913388,"Mar 23, 2026, 12:16:43 AM",Evening E-Bike Ride,E-Bike Ride,,763,5.60,127.0,2,false,,,activities/18922291102.fit.gz,,9.0,763.0,721.0,5603.7,10.583,7.772,117.0,67.0,143.0,196.8,44.6,0.9,,,,,127.0,115.0,,,105.0,,,2.0,,,,,,,,,,,,,0.0,,1.0,,,,,,,,,,,,,,,,,,,,,,,,,,,,7.344,0.0,,,,,0.0,,,,,,,,,,,,,,,,""
17809193124,"Mar 21, 2026, 10:22:16 PM",Afternoon Tennis,Workout,,4163,2.41,175.0,21,false,,,activities/18908401741.fit.gz,,,4163.0,2950.0,2417.8,3.74,0.82,0.0,0.0,178.1,178.3,16.7,0.0,,,123.0,58.0,175.0,129.0,,,574.0,,,21.0,,,,,,,,,,,,,0.0,,1.0,,,,,,,,,,,,,,,,,,,,,,,,,,,,0.581,0.0,,,,4642.0,0.0,,,,,,4642.0,,,,,,,,,,""
17808463780,"Mar 21, 2026, 8:13:32 PM",Afternoon Tennis,Workout,,4911,2.41,175.0,15,false,,,activities/18907659323.fit.gz,,,4911.0,3027.0,2410.6,3.56,0.796,0.0,0.0,182.7,183.4,1.8,0.0,,,123.0,60.0,175.0,122.0,,,600.0,,,15.0,,,,,,,,,,,,,0.0,,1.0,,,,,,,,,,,,,,,,,,,,,,,,,,,,0.491,0.0,,,,4840.0,0.0,,,,,,4840.0,,,,,,,,,,""
17807688828,"Mar 21, 2026, 7:27:37 PM",Afternoon E-Bike Ride,E-Bike Ride,,1241,8.41,155.0,10,false,,,activities/18906871951.fit.gz,,9.0,1241.0,1151.0,8409.4,10.207,7.306,86.0,66.0,154.8,184.4,32.4,0.3,,,,,155.0,134.0,,,232.0,,,10.0,,,,,,,,,,,,,0.0,,1.0,,,,,,,,,,,,,,,,,,,,,,,,,,,,6.776,0.0,,,,,0.0,,,,,,,,,,,,,,,,""
17786859965,"Mar 20, 2026, 2:45:21 AM",Night Weight Training,Weight Training,,2345,0,166.0,16,false,,,activities/18885849487.fit.gz,,,2345.0,2345.0,0.0,0.0,0.0,0.0,0.0,0.0,0.0,0.0,0.0,,,,,166.0,123.0,,,334.0,,,16.0,,,,,,,,,,,,,0.0,,1.0,,,,,,,,,,,,,,,,,,,,,,,,,,,,0.0,0.0,,,,,0.0,,,,,,742.0,,,,,,,,,,""
17773538765,"Mar 18, 2026, 11:30:14 PM",Evening Run,Run,,2111,4.85,174.0,19,false,,ASICS gel-kayano 32,activities/18872454424.fit.gz,,,2111.0,1787.0,4854.4,8.44,2.717,55.0,27.0,161.6,193.0,14.6,0.5,,,83.0,80.0,174.0,140.0,,299.0,384.0,,,19.0,538512.0,,,,,,,,288.0,2112.0,,,0.0,,1.0,5038.4,,,,,,,,,,,,,,,,25364390.0,,,,,,,,,,,2.3,0.0,,,,4848.0,0.0,,275.0,217.0,2.819,,,,,,,,,,,,""
17772930027,"Mar 18, 2026, 10:14:34 PM",Afternoon Ride,Ride,,2004,7.96,115.0,3,false,,,activities/18871844651.fit.gz,,9.0,2004.0,1710.0,7968.7,19.18,4.66,69.0,57.0,185.4,225.6,48.6,0.2,,,,,115.0,87.0,,,132.0,,,3.0,,,,,,,,,,,,,0.0,,1.0,,,,,,,,,,,,,,,,,,,,,,,,,,,,3.976,40.0,,,,,0.0,,,,,,,,,,,,,,,,""
17760766993,"Mar 17, 2026, 10:32:20 PM",Afternoon Ride,Ride,,2053,8.27,146.0,9,false,,,activities/18859633652.fit.gz,,9.0,2053.0,1962.0,8277.0,9.62,4.219,44.0,27.0,168.8,195.2,9.9,0.2,,,,,146.0,126.0,,,325.0,,,9.0,,,,,,,,,,,,,0.0,,1.0,,,,,,,,,,,,,,,,,,,,,,,,,,,,4.032,89.7,,,,,0.0,,,,,,,,,,,,,,,,""
17749402314,"Mar 17, 2026, 2:31:10 AM",Night Weight Training,Weight Training,"",1868,0,168.0,17,false,,,activities/18848240130.fit.gz,,,1868.0,1868.0,0.0,0.0,0.0,0.0,0.0,0.0,0.0,0.0,0.0,,,,,168.0,131.0,,,315.0,,,17.0,,,,,,,,,,,0.0,,0.0,,1.0,,,,,,,,,,,,,,,,,,,,,,,,,,,,0.0,0.0,,,,,0.0,,,,,,610.0,0.0,0.0,,,,0.0,,,,media/46eeb699-ab88-457c-b9e5-09ab4542dec1.jpg
17747816017,"Mar 16, 2026, 10:18:05 PM",Afternoon E-Bike Ride,E-Bike Ride,,2069,8.76,126.0,5,false,,,activities/18846653871.fit.gz,,9.0,2069.0,1856.0,8762.0,9.967,4.721,87.0,57.0,158.0,193.6,24.1,0.4,,,,,126.0,103.0,,,202.0,,,5.0,,,,,,,,,,,,,0.0,,1.0,,,,,,,,,,,,,,,,,,,,,,,,,,,,4.235,122.0,,,,,0.0,,,,,,,,,,,,,,,,""
17703413512,"Mar 12, 2026, 11:36:16 PM",heartbreak,Run,first time training at the zoo lot since i left FF in 2023. Glad the workout wasn't as hard since im still a little crippled ,4844,10.15,172.0,59,false,"",ASICS gel-kayano 32,activities/18801910032.fit.gz,,,4844.0,4412.0,10150.2,7.22,2.301,105.0,101.0,170.6,197.4,48.7,0.1,,,117.0,81.0,172.0,146.0,,360.0,834.0,,,59.0,1159104.0,,,,,,,,347.0,4580.0,,,0.0,,1.0,10702.6,,,,,,,,,,,,,,,,25364390.0,,,,,,,,,,,2.095,0.0,,,,8852.0,0.0,,866.0,261.0,2.426,,,0.0,0.0,,,,0.0,,,,""
17692638004,"Mar 12, 2026, 2:39:13 AM",Night Weight Training,Weight Training,,1903,0,167.0,18,false,,,activities/18791087517.fit.gz,,,1903.0,1903.0,0.0,0.0,0.0,0.0,0.0,0.0,0.0,0.0,0.0,,,,,167.0,132.0,,,331.0,,,18.0,,,,,,,,,,,,,0.0,,1.0,,,,,,,,,,,,,,,,,,,,,,,,,,,,0.0,0.0,,,,,0.0,,,,,,716.0,,,,,,,,,,""
17691371701,"Mar 11, 2026, 10:41:18 PM",Afternoon Ride,Ride,,1942,7.82,154.0,7,false,,,activities/18789818069.fit.gz,,9.0,1942.0,1781.0,7823.7,13.893,4.393,47.0,40.0,180.0,196.4,33.3,0.1,,,,,154.0,119.0,,,270.0,,,7.0,,,,,,,,,,,,,0.0,,1.0,,,,,,,,,,,,,,,,,,,,,,,,,,,,4.029,0.0,,,,,0.0,,,,,,,,,,,,,,,,""
17679258922,"Mar 10, 2026, 11:24:18 PM",Evening Run,Run,,282,0.60,159.0,1,false,,ASICS gel-kayano 32,activities/18777661731.fit.gz,,,282.0,208.0,600.5,5.54,2.887,45.0,4.0,180.2,225.8,44.4,6.6,,,87.0,78.0,159.0,124.0,,454.0,47.0,,,1.0,96501.0,,,,,,,,414.0,283.0,,,0.0,,1.0,854.8,,,,,,,,,,,,,,,,25364390.0,,,,,,,,,,,2.129,0.0,,,,552.0,0.0,,76.0,311.0,4.11,,,,,,,,,,,,""
17679073918,"Mar 10, 2026, 10:39:12 PM",Afternoon E-Bike Ride,E-Bike Ride,,1378,7.56,128.0,3,false,,,activities/18777476546.fit.gz,,9.0,1378.0,1271.0,7565.1,15.083,5.952,57.0,31.0,167.6,200.2,20.5,0.4,,,,,128.0,102.0,,,136.0,,,3.0,,,,,,,,,,,,,0.0,,1.0,,,,,,,,,,,,,,,,,,,,,,,,,,,,5.49,0.0,,,,,0.0,,,,,,,,,,,,,,,,""
17666398407,"Mar 9, 2026, 10:04:11 PM",Afternoon Ride,Ride,,5193,16.40,138.0,9,false,,,activities/18764744160.fit.gz,,9.0,5193.0,3606.0,16404.6,9.917,4.549,160.0,152.0,181.0,201.6,35.8,0.1,,,,,138.0,102.0,,,368.0,,,9.0,,,,,,,,,,,,,0.0,,1.0,,,,,,,,,,,,,,,,,,,,,,,,,,,,3.159,0.0,,,,,0.0,,,,,,,,,,,,,,,,""
17654647856,"Mar 8, 2026, 9:12:14 PM",Afternoon Tennis,Workout,"lost my ski gloves before my last ski trip rip
welcome [strava://athletes/163399981/11]Med Frezghi ",4118,3.00,173.0,9,false,"",,activities/18752924983.fit.gz,,,4118.0,2175.0,3000.8,11.56,1.38,0.0,0.0,180.3,182.2,1.1,-0.1,,,123.0,57.0,173.0,114.0,,,446.0,,,9.0,,,,,,,,,,,,,0.0,,1.0,,,,,,,,,,,,,,,,,,,,,,,,,,,,0.729,0.0,,,,2618.0,0.0,,,,,,2618.0,0.0,0.0,,,,0.0,,,,""
17642404371,"Mar 7, 2026, 11:30:25 PM",Afternoon Swim,Swim,,4192,"2,000",199.0,95,false,,,activities/18740546620.fit.gz,,,4192.0,2423.0,2000.0,2.28,0.825,0.0,0.0,0.0,0.0,0.0,0.0,,,,,199.0,139.0,,,625.0,,,95.0,,,,,,,,,,,,,0.0,,1.0,,,,,,,,,,,,,,,,,,,,,,,,,,,,0.477,0.0,,,,,0.0,25.0,,,,,,,,,,,,,,,""
17630316026,"Mar 7, 2026, 12:18:13 AM",Evening E-Bike Ride,E-Bike Ride,,1103,7.82,156.0,10,false,,,activities/18728321170.fit.gz,,9.0,1103.0,1063.0,7819.7,10.88,7.356,51.0,31.0,165.0,194.2,22.9,0.3,,,,,156.0,134.0,,,210.0,,,10.0,,,,,,,,,,,,,0.0,,1.0,,,,,,,,,,,,,,,,,,,,,,,,,,,,7.089,1399.5,,,,,0.0,,,,,,,,,,,,,,,,""
17620762189,"Mar 6, 2026, 3:49:49 AM",Night Weight Training,Weight Training,,2441,0,172.0,14,false,,,activities/18718698156.fit.gz,,,2441.0,2441.0,0.0,0.0,0.0,0.0,0.0,0.0,0.0,0.0,0.0,,,,,172.0,122.0,,,340.0,,,14.0,,,,,,,,,,,,,0.0,,1.0,,,,,,,,,,,,,,,,,,,,,,,,,,,,0.0,0.0,,,,,0.0,,,,,,802.0,,,,,,,,,,""
17607989653,"Mar 5, 2026, 12:25:48 AM",Evening Run,Run,,1999,4.76,151.0,17,false,,ASICS gel-kayano 32,activities/18705872232.fit.gz,,,1999.0,1765.0,4759.6,5.88,2.697,68.0,35.0,145.6,191.2,48.7,0.7,,,98.0,79.0,151.0,137.0,,310.0,387.0,,,17.0,548141.0,,,,,,,,303.0,2000.0,,,0.0,,1.0,4991.3,,,,,,,,,,,,,,,,25364390.0,,,,,,,,,,,2.381,10.0,,,,4684.0,0.0,,288.0,228.0,2.828,,,,,,,,,,,,""
17607309021,"Mar 4, 2026, 11:07:37 PM",Afternoon E-Bike Ride,E-Bike Ride,,1260,7.75,119.0,3,false,,,activities/18705187742.fit.gz,,9.0,1260.0,1224.0,7753.2,16.3,6.334,42.0,19.0,168.4,194.4,10.9,0.3,,,,,119.0,102.0,,,124.0,,,3.0,,,,,,,,,,,,,0.0,,1.0,,,,,,,,,,,,,,,,,,,,,,,,,,,,6.153,0.0,,,,,0.0,,,,,,,,,,,,,,,,""
17595485193,"Mar 4, 2026, 12:26:47 AM",Evening Run,Run,,2752,6.98,149.0,26,false,,ASICS gel-kayano 32,activities/18693387250.fit.gz,,,2752.0,2600.0,6981.3,4.98,2.685,81.0,45.0,149.4,191.0,49.1,0.6,,,82.0,79.0,149.0,139.0,,323.0,553.0,,,26.0,847644.0,,,,,,,,328.0,2753.0,,,0.0,,1.0,7278.4,,,,,,,,,,,,,,,,25364390.0,,,,,,,,,,,2.537,2473.1,,,,6910.0,0.0,,465.0,247.0,2.799,,,,,,,,,,,,""
17582999881,"Mar 3, 2026, 1:12:41 AM",Evening Ride,Ride,,2192,8.10,127.0,5,false,,,activities/18680857336.fit.gz,,9.0,2192.0,2090.0,8105.9,12.18,3.878,41.0,20.0,177.4,206.8,43.8,0.3,,,,,127.0,103.0,,,210.0,,,5.0,,,,,,,,,,,,,0.0,,1.0,,,,,,,,,,,,,,,,,,,,,,,,,,,,3.698,46.6,,,,,0.0,,,,,,,,,,,,,,,,""
17536890400,"Feb 27, 2026, 12:29:06 AM",Evening Run,Run,,1918,6.35,180.0,77,false,,ASICS gel-kayano 32,activities/18634381001.fit.gz,,,1918.0,1909.0,6352.5,10.96,3.328,61.0,42.0,157.0,196.8,20.0,0.3,,,86.0,79.0,180.0,163.0,,390.0,485.0,,,77.0,744484.0,,,,,,,,398.0,1919.0,,,0.0,,1.0,6563.4,,,,,,,,,,,,,,,,25364390.0,,,,,,,,,,,3.312,456.2,,,,4980.0,0.0,,476.0,299.0,3.438,,,,,,,,,,,,""
17525494001,"Feb 26, 2026, 1:00:52 AM",Evening Tennis,Workout,,3510,2.24,175.0,16,false,,,activities/18622945309.fit.gz,,,3510.0,2577.0,2242.1,3.7,0.87,0.0,0.0,178.4,178.9,4.1,0.0,,,123.0,61.0,175.0,125.0,,,542.0,,,16.0,,,,,,,,,,,,,0.0,,1.0,,,,,,,,,,,,,,,,,,,,,,,,,,,,0.639,0.0,,,,4198.0,0.0,,,,,,4198.0,,,,,,,,,,""
17524649721,"Feb 25, 2026, 11:08:59 PM",Afternoon Ride,Ride,,2146,8.28,141.0,7,false,,,activities/18622097197.fit.gz,,9.0,2146.0,1978.0,8285.5,10.88,4.189,50.0,29.0,178.4,207.8,47.7,0.2,,,,,141.0,118.0,,,286.0,,,7.0,,,,,,,,,,,,,0.0,,1.0,,,,,,,,,,,,,,,,,,,,,,,,,,,,3.861,673.7,,,,,0.0,,,,,,,,,,,,,,,,""
17512427749,"Feb 24, 2026, 11:32:38 PM",Afternoon E-Bike Ride,E-Bike Ride,,1366,7.90,114.0,2,false,,,activities/18609831415.fit.gz,,9.0,1366.0,1194.0,7907.9,14.367,6.623,60.0,30.0,177.2,220.0,26.7,0.5,,,,,114.0,90.0,,,103.0,,,2.0,,,,,,,,,,,,,0.0,,1.0,,,,,,,,,,,,,,,,,,,,,,,,,,,,5.789,0.0,,,,,0.0,,,,,,,,,,,,,,,,""
17501548417,"Feb 24, 2026, 4:00:54 AM",Night Weight Training,Weight Training,,2056,0,168.0,18,false,,,activities/18598915471.fit.gz,,,2056.0,2056.0,0.0,0.0,0.0,0.0,0.0,0.0,0.0,0.0,0.0,,,,,168.0,130.0,,,334.0,,,18.0,,,,,,,,,,,,,0.0,,1.0,,,,,,,,,,,,,,,,,,,,,,,,,,,,0.0,0.0,,,,,0.0,,,,,,798.0,,,,,,,,,,""
17500372843,"Feb 23, 2026, 11:21:59 PM",Afternoon Ride,Ride,,2020,7.67,119.0,4,false,,,activities/18597738999.fit.gz,,9.0,2020.0,1839.0,7678.5,12.933,4.175,50.0,24.0,166.2,192.6,18.9,0.3,,,,,119.0,98.0,,,174.0,,,4.0,,,,,,,,,,,,,0.0,,1.0,,,,,,,,,,,,,,,,,,,,,,,,,,,,3.801,843.6,,,,,0.0,,,,,,,,,,,,,,,,""
17489511313,"Feb 22, 2026, 10:42:36 PM",The sport house,Workout,"",2985,0.32,174.0,10,false,,,activities/18586849426.fit.gz,,,2985.0,2985.0,327.2,1.56,0.11,0.0,0.0,0.0,0.0,0.0,0.0,,,85.0,55.0,174.0,112.0,,,346.0,,,10.0,,,,,,,,,,,,,0.0,,1.0,,,,,,,,,,,,,,,,,,,,,,,,,,,,0.11,0.0,,,,2574.0,0.0,,,,,,2574.0,0.0,0.0,,,,0.0,,,,""
17467184282,"Feb 21, 2026, 2:16:29 AM",Evening Ride,Ride,,1235,3.50,158.0,3,false,,,activities/18564361215.fit.gz,,9.0,1235.0,999.0,3506.9,11.433,3.51,16.0,23.0,209.2,232.8,8.6,-0.3,,,,,158.0,120.0,,,176.0,,,3.0,,,,,,,,,,,,,0.0,,1.0,,,,,,,,,,,,,,,,,,,,,,,,,,,,2.84,0.0,,,,,0.0,,,,,,,,,,,,,,,,""
17445280665,"Feb 18, 2026, 11:35:58 PM",Afternoon Ride,Ride,,2010,8.31,144.0,9,false,,,activities/18542388658.fit.gz,,9.0,2010.0,1792.0,8315.9,13.333,4.641,72.0,36.0,157.8,196.4,38.5,0.4,,,,,144.0,126.0,,,321.0,,,9.0,,,,,,,,,,,,,0.0,,1.0,,,,,,,,,,,,,,,,,,,,,,,,,,,,4.137,770.5,,,,,0.0,,,,,,,,,,,,,,,,""
17434615302,"Feb 18, 2026, 12:24:48 AM",Evening Run,Run,,2889,7.09,165.0,37,false,,ASICS gel-kayano 32,activities/18531700214.fit.gz,,,2889.0,2618.0,7096.0,7.08,2.71,79.0,72.0,166.0,202.8,37.0,0.1,,,80.0,78.0,165.0,142.0,,322.0,579.0,,,37.0,843122.0,,,,,,,,322.0,2890.0,,,0.0,,1.0,7375.4,,,,,,,,,,,,,,,,25364390.0,,,,,,,,,,,2.456,2479.4,,,,6816.0,0.0,,470.0,242.0,2.817,,,,,,,,,,,,""
17433924675,"Feb 17, 2026, 11:41:50 PM",Afternoon E-Bike Ride,E-Bike Ride,,1401,8.29,121.0,2,false,,,activities/18531010782.fit.gz,,9.0,1401.0,1305.0,8289.3,19.48,6.352,44.0,25.0,166.6,193.6,9.6,0.2,,,,,121.0,88.0,,,100.0,,,2.0,,,,,,,,,,,,,0.0,,1.0,,,,,,,,,,,,,,,,,,,,,,,,,,,,5.917,412.3,,,,,0.0,,,,,,,,,,,,,,,,""
17423389624,"Feb 17, 2026, 3:40:23 AM",Night Weight Training,Weight Training,,1831,0,173.0,22,false,,,activities/18520428920.fit.gz,,,1831.0,1831.0,0.0,0.0,0.0,0.0,0.0,0.0,0.0,0.0,0.0,,,,,173.0,132.0,,,315.0,,,22.0,,,,,,,,,,,,,0.0,,1.0,,,,,,,,,,,,,,,,,,,,,,,,,,,,0.0,0.0,,,,,0.0,,,,,,622.0,,,,,,,,,,""
17422638099,"Feb 16, 2026, 11:54:29 PM",Afternoon E-Bike Ride,E-Bike Ride,,3386,12.66,139.0,6,false,,,activities/18519672676.fit.gz,,9.0,3386.0,2193.0,12662.3,10.54,5.774,113.0,82.0,160.8,194.0,46.8,0.2,,,,,139.0,105.0,,,285.0,,,6.0,,,,,,,,,,,,,0.0,,1.0,,,,,,,,,,,,,,,,,,,,,,,,,,,,3.74,0.0,,,,,0.0,,,,,,,,,,,,,,,,""
17411384868,"Feb 15, 2026, 10:20:53 PM",Afternoon Tennis,Workout,,4570,2.70,177.0,19,false,,,activities/18508376967.fit.gz,,,4570.0,3267.0,2699.0,2.3,0.826,0.0,0.0,179.7,179.9,1.9,0.0,,,111.0,57.0,177.0,124.0,,,608.0,,,19.0,,,,,,,,,,,,,0.0,,1.0,,,,,,,,,,,,,,,,,,,,,,,,,,,,0.591,2699.0,,,,4856.0,0.0,,,,,,4856.0,,,,,,,,,,""
17397947951,"Feb 14, 2026, 5:29:35 PM",Lunch Swim,Swim,,3076,"1,925",211.0,97,false,,,activities/18494838304.fit.gz,,,3076.0,2531.0,1925.0,1.1,0.761,0.0,0.0,0.0,0.0,0.0,0.0,,,,,211.0,152.0,,,590.0,,,97.0,,,,,,,,,,,,,0.0,,1.0,,,,,,,,,,,,,,,,,,,,,,,,,,,,0.626,0.0,,,,,0.0,25.0,,,,,,,,,,,,,,,""
17380540687,"Feb 13, 2026, 3:37:19 AM",Night Weight Training,Weight Training,,2505,0,167.0,10,false,,,activities/18477329152.fit.gz,,,2505.0,2505.0,0.0,0.0,0.0,0.0,0.0,0.0,0.0,0.0,0.0,,,,,167.0,117.0,,,333.0,,,10.0,,,,,,,,,,,,,0.0,,1.0,,,,,,,,,,,,,,,,,,,,,,,,,,,,0.0,0.0,,,,,0.0,,,,,,784.0,,,,,,,,,,""
17379510572,"Feb 12, 2026, 11:53:24 PM",Yooyee part II,Ride,"",2959,6.59,147.0,10,false,,,activities/18476292470.fit.gz,,9.0,2959.0,1236.0,6593.4,8.12,5.334,72.0,99.0,93.2,212.8,34.3,-1.6,,,,,147.0,133.0,,,232.0,,,10.0,,,,,,,,,,,0.0,,0.0,,1.0,,,,,,,,,,,,,,,,,,,,,,,,,,,,2.228,1005.5,,,,,0.0,,,,,,,0.0,0.0,,,,0.0,,,,media/99639b8e-dfd8-4a79-a7ad-ebc005a7463b.jpg
17368553020,"Feb 11, 2026, 11:22:33 PM",Afternoon Ride,Ride,,1879,8.51,133.0,6,false,,,activities/18465337413.fit.gz,,9.0,1879.0,1767.0,8515.9,13.517,4.819,75.0,75.0,190.4,219.6,47.1,0.0,,,,,133.0,117.0,,,250.0,,,6.0,,,,,,,,,,,,,0.0,,1.0,,,,,,,,,,,,,,,,,,,,,,,,,,,,4.532,52.7,,,,,0.0,,,,,,,,,,,,,,,,""
17357715457,"Feb 11, 2026, 12:25:14 AM",Evening Run,Run,🫡[strava://athletes/20397813/11]Brad Swiney ,3226,8.20,166.0,31,false,,ASICS gel-kayano 32,activities/18454444250.fit.gz,,,3226.0,2959.0,8199.7,5.36,2.771,141.0,123.0,166.6,241.8,48.1,0.3,,,117.0,78.0,166.0,140.0,,345.0,636.0,,,31.0,1021446.0,,,,,,,,355.0,3227.0,0.0,,0.0,,1.0,8846.0,,,,,,,,,,,,,,,,25364390.0,,,,,,,,,,,2.542,2948.8,,,,7752.0,0.0,,638.0,267.0,2.99,,,0.0,0.0,,,,0.0,,,,""
17357150611,"Feb 10, 2026, 11:36:43 PM",Afternoon Ride,Ride,,1795,7.62,144.0,6,false,,,activities/18453881451.fit.gz,,9.0,1795.0,1502.0,7628.1,7.95,5.079,206.0,109.0,86.0,204.6,49.6,1.3,,,,,144.0,120.0,,,247.0,,,6.0,,,,,,,,,,,,,0.0,,1.0,,,,,,,,,,,,,,,,,,,,,,,,,,,,4.25,28.0,,,,,0.0,,,,,,,,,,,,,,,,""
17346592821,"Feb 10, 2026, 3:38:17 AM",Night Weight Training,Weight Training,,1983,0,171.0,16,false,,,activities/18443287537.fit.gz,,,1983.0,1983.0,0.0,0.0,0.0,0.0,0.0,0.0,0.0,0.0,0.0,,,,,171.0,121.0,,,283.0,,,16.0,,,,,,,,,,,,,0.0,,1.0,,,,,,,,,,,,,,,,,,,,,,,,,,,,0.0,0.0,,,,,0.0,,,,,,662.0,,,,,,,,,,""
17345369559,"Feb 9, 2026, 11:33:08 PM",Afternoon Ride,Ride,,3022,7.64,122.0,4,false,,,activities/18442063828.fit.gz,,9.0,3022.0,1716.0,7643.4,9.087,4.454,89.0,48.0,147.4,201.4,37.5,0.4,,,,,122.0,105.0,,,204.0,,,4.0,,,,,,,,,,,,,0.0,,1.0,,,,,,,,,,,,,,,,,,,,,,,,,,,,2.529,0.0,,,,,0.0,,,,,,,,,,,,,,,,""
17323803353,"Feb 8, 2026, 2:11:37 AM",Evening Ride,Ride,,607,2.09,118.0,0,false,,,activities/18420277996.fit.gz,,9.0,607.0,484.0,2091.3,7.28,4.321,31.0,10.0,168.8,192.0,7.8,1.0,,,,,118.0,87.0,,,50.0,,,0.0,,,,,,,,,,,,,0.0,,1.0,,,,,,,,,,,,,,,,,,,,,,,,,,,,3.445,42.7,,,,,0.0,,,,,,,,,,,,,,,,""
17301349964,"Feb 5, 2026, 11:53:03 PM",Afternoon E-Bike Ride,E-Bike Ride,,1180,6.92,140.0,2,false,,,activities/18397586365.fit.gz,,9.0,1180.0,1074.0,6922.5,12.622,6.446,93.0,41.0,158.4,224.6,35.7,0.8,,,,,140.0,95.0,,,101.0,,,2.0,,,,,,,,,,,,,0.0,,1.0,,,,,,,,,,,,,,,,,,,,,,,,,,,,5.867,74.0,,,,,0.0,,,,,,,,,,,,,,,,""
17291493535,"Feb 5, 2026, 3:49:11 AM",Night Weight Training,Weight Training,,2429,0,162.0,11,false,,,activities/18387649674.fit.gz,,,2429.0,2429.0,0.0,0.0,0.0,0.0,0.0,0.0,0.0,0.0,0.0,,,,,162.0,117.0,,,321.0,,,11.0,,,,,,,,,,,,,0.0,,1.0,,,,,,,,,,,,,,,,,,,,,,,,,,,,0.0,0.0,,,,,0.0,,,,,,764.0,,,,,,,,,,""
17290331906,"Feb 4, 2026, 11:33:01 PM",Afternoon Ride,Ride,,2223,8.12,138.0,6,false,,,activities/18386475403.fit.gz,,9.0,2223.0,1987.0,8122.3,12.686,4.088,94.0,33.0,139.0,215.0,49.0,0.8,,,,,138.0,113.0,,,266.0,,,6.0,,,,,,,,,,,,,0.0,,1.0,,,,,,,,,,,,,,,,,,,,,,,,,,,,3.654,59.1,,,,,0.0,,,,,,,,,,,,,,,,""
17278791063,"Feb 4, 2026, 12:24:38 AM",Evening Run,Run,,3345,8.21,160.0,28,false,,ASICS gel-kayano 32,activities/18374867330.fit.gz,,,3345.0,3089.0,8209.0,4.88,2.657,285.0,229.0,145.0,248.0,49.0,0.7,,,82.0,78.0,160.0,138.0,,351.0,646.0,,,28.0,1086285.0,,,,,,,,394.0,3346.0,,,0.0,,1.0,9584.6,,,,,,,,,,,,,,,,25364390.0,,,,,,,,,,,2.454,2947.8,,,,7990.0,0.0,,815.0,296.0,3.103,,,,,,,,,,,,""
17278188267,"Feb 3, 2026, 11:29:35 PM",Afternoon Ride,Ride,,2121,8.00,143.0,7,false,,,activities/18374264683.fit.gz,,9.0,2121.0,1874.0,8005.8,8.483,4.272,144.0,82.0,147.4,220.8,44.2,0.8,,,,,143.0,116.0,,,275.0,,,7.0,,,,,,,,,,,,,0.0,,1.0,,,,,,,,,,,,,,,,,,,,,,,,,,,,3.775,69.3,,,,,0.0,,,,,,,,,,,,,,,,""
17267664347,"Feb 3, 2026, 3:24:30 AM",Night Weight Training,Weight Training,,1893,0,163.0,10,false,,,activities/18363683151.fit.gz,,,1893.0,1893.0,0.0,0.0,0.0,0.0,0.0,0.0,0.0,0.0,0.0,,,,,163.0,121.0,,,277.0,,,10.0,,,,,,,,,,,,,0.0,,1.0,,,,,,,,,,,,,,,,,,,,,,,,,,,,0.0,0.0,,,,,0.0,,,,,,684.0,,,,,,,,,,""
17266358778,"Feb 2, 2026, 11:36:16 PM",Afternoon Ride,Ride,,1862,7.60,132.0,5,false,,,activities/18362362167.fit.gz,,9.0,1862.0,1669.0,7602.3,12.573,4.555,113.0,71.0,145.6,195.6,44.0,0.6,,,,,132.0,114.0,,,233.0,,,5.0,,,,,,,,,,,,,0.0,,1.0,,,,,,,,,,,,,,,,,,,,,,,,,,,,4.083,57.7,,,,,0.0,,,,,,,,,,,,,,,,""
17254535514,"Feb 1, 2026, 8:25:24 PM",Afternoon Tennis,Workout,Played at XS today. Very legit facility. ,2408,0.24,149.0,10,false,,,activities/18350457656.fit.gz,,,2408.0,2408.0,244.7,1.323,0.102,0.0,0.0,0.0,0.0,0.0,0.0,,,116.0,58.0,149.0,126.0,,,367.0,,,10.0,,,,,,,,,,,0.0,,0.0,,1.0,,,,,,,,,,,,,,,,,,,,,,,,,,,,0.102,0.0,,,,1562.0,0.0,,,,,,1562.0,0.0,0.0,,,,0.0,,,,media/1d005741-23c2-4901-9274-a006887387f7.jpg
17246095918,"Jan 31, 2026, 10:19:50 PM",The sport house,Workout,Lights are a bit dim and the net is a bit low. Only for our courts but like why ,3490,0.54,173.0,30,false,,,activities/18341922149.fit.gz,,,3490.0,3490.0,546.5,3.267,0.157,0.0,0.0,0.0,0.0,0.0,0.0,,,108.0,57.0,173.0,133.0,,,580.0,,,30.0,,,,,,,,,,,0.0,,0.0,,1.0,,,,,,,,,,,,,,,,,,,,,,,,,,,,0.157,0.0,,,,3842.0,0.0,,,,,,3842.0,0.0,0.0,,,,0.0,,,,""
17212958403,"Jan 29, 2026, 3:42:28 AM",Night Weight Training,Weight Training,,2501,0,206.0,40,false,,,activities/18308495762.fit.gz,,,2501.0,2501.0,0.0,0.0,0.0,0.0,0.0,0.0,0.0,0.0,0.0,,,,,206.0,145.0,,,515.0,,,40.0,,,,,,,,,,,,,0.0,,1.0,,,,,,,,,,,,,,,,,,,,,,,,,,,,0.0,0.0,,,,,0.0,,,,,,766.0,,,,,,,,,,""
17211393552,"Jan 28, 2026, 10:31:47 PM",Afternoon Ride,Ride,,2085,7.82,152.0,10,false,,,activities/18306932619.fit.gz,,9.0,2085.0,1886.0,7828.0,12.184,4.151,57.0,29.0,161.0,198.4,31.7,0.4,,,,,152.0,123.0,,,315.0,,,10.0,,,,,,,,,,,,,0.0,,1.0,,,,,,,,,,,,,,,,,,,,,,,,,,,,3.754,0.0,,,,,0.0,,,,,,,,,,,,,,,,""
17200787285,"Jan 28, 2026, 12:29:25 AM",Evening Run,Run,,2766,8.21,180.0,76,false,,ASICS gel-kayano 32,activities/18296269017.fit.gz,,,2766.0,2704.0,8211.6,4.18,3.037,133.0,71.0,130.8,195.4,41.4,0.7,,,84.0,79.0,180.0,156.0,,355.0,654.0,,,76.0,959956.0,,,,,,,,354.0,2767.0,,,0.0,,1.0,8668.0,,,,,,,,,,,,,,,,25364390.0,,,,,,,,,,,2.969,5770.0,,,,7094.0,0.0,,544.0,266.0,3.206,,,,,,,,,,,,""
17189810966,"Jan 27, 2026, 3:43:08 AM",Night Weight Training,Weight Training,,1922,0,168.0,13,false,,,activities/18285231521.fit.gz,,,1922.0,1922.0,0.0,0.0,0.0,0.0,0.0,0.0,0.0,0.0,0.0,,,,,168.0,125.0,,,300.0,,,13.0,,,,,,,,,,,,,0.0,,1.0,,,,,,,,,,,,,,,,,,,,,,,,,,,,0.0,0.0,,,,,0.0,,,,,,792.0,,,,,,,,,,""
17188505216,"Jan 26, 2026, 11:28:19 PM",Afternoon E-Bike Ride,E-Bike Ride,,1896,7.12,103.0,2,false,,,activities/18283925639.fit.gz,,9.0,1896.0,1616.0,7122.9,14.4,4.408,92.0,41.0,137.4,191.2,10.0,0.7,,,,,103.0,74.0,,,84.0,,,2.0,,,,,,,,,,,,,0.0,,1.0,,,,,,,,,,,,,,,,,,,,,,,,,,,,3.757,124.6,,,,,0.0,,,,,,,,,,,,,,,,""
17165956796,"Jan 24, 2026, 5:52:23 PM",Slopes - A day skiing at Big Sky Resort,Alpine Ski,Getting peer pressured by [strava://athletes/88348816/15]William Hammond  into doing my first black diamond ,18190,32.72,,,false,,,activities/18261132028.fit.gz,,,18190.0,7246.0,32719.2,15.76,4.515,21.2,5220.5,2190.0,2979.6,27.1,-0.8,,,,,,,,,,,,,,13,,,,,,,,,0.0,,0.0,,1.0,,,,,,,,,,,,,,,,,,,,,,,,,,,,1.799,753.6,,,,,0.0,,,,,,,0.0,0.0,,,,,,,,media/6f4e4def-1c5d-456e-ab35-a9a3a92307ee.mp4|media/531fc5a7-3455-42c2-97d6-8206bafc4244.mp4|media/fc945477-84de-4613-ae35-5d40bc994cad.jpg|media/cff99e99-8a42-4ef7-8dff-d468ec85f129.jpg|media/5a57b4eb-cadf-4e73-8c3f-244265dc1c37.mp4|media/2c507edf-97cd-4de5-a8c5-39ac15d9103c.jpg
17155139845,"Jan 23, 2026, 5:10:07 PM",Slopes - A day snowboarding at Big Sky Resort,Snowboard,"",23944,26.30,,,false,,,activities/18250224283.fit.gz,,,23944.0,10811.0,26308.6,9.98,2.434,81.6,3387.8,2189.9,2804.6,24.4,-0.8,,,,,,,,,,,,,,11,,,,,,,,,0.0,,0.0,,1.0,,,,,,,,,,,,,,,,,,,,,,,,,,,,1.099,2994.2,,,,,0.0,,,,,,,0.0,0.0,,,,,,,,media/9c18c8b3-7c86-44da-9b6e-08b79b77a30f.jpg|media/f1811d56-5982-4f89-8900-cce74580bcd7.jpg|media/ba9a9540-ab86-47f3-b004-f317d7c0abdb.jpg|media/a0b9c94c-3507-49b9-8a9d-b2ca6ce849f7.jpg|media/2880d17a-b5ca-4476-8bd2-629091548a9d.jpg|media/8919edfc-2426-4dec-9bb2-c41a3d5fa57e.jpg
17144535201,"Jan 22, 2026, 5:56:01 PM",Morning Snowboard,Snowboard,,19251,26.51,170.0,43,false,,,activities/18239565548.fit.gz,,,19251.0,9511.0,26514.9,10.58,2.788,95.8,3642.0,2188.0,2762.2,49.1,-0.4,,,,,170.0,118.0,,,1944.0,,,43.0,,11,,,,,,,,,,,0.0,,1.0,,,,,,,,,,,,,,,,,,,,,,,,,,,,1.377,1076.9,,,,,0.0,,,,,,,,,,,,,,,,""
17144510882,"Jan 22, 2026, 4:58:48 PM",Slopes - A day snowboarding at Big Sky Resort,Snowboard,"",22687,25.07,,,false,,,activities/18239541430.fit.gz,,,22687.0,9003.0,25073.3,10.7,2.785,16.7,3456.8,2188.2,2756.2,45.0,-0.5,,,,,,,,,,,,,,9,,,,,,,,,0.0,,0.0,,1.0,,,,,,,,,,,,,,,,,,,,,,,,,,,,1.105,1126.3,,,,,0.0,,,,,,,0.0,0.0,,,,,,,,media/350df01c-22b4-4fb4-ac4f-3fc410076404.jpg|media/f291183a-e0fe-4d15-a390-142082addfb5.jpg|media/dce9eafc-6822-4003-b110-e9b6a0eca4d1.jpg|media/3302b3fe-b75d-45d5-9bc6-6e5db8d58ba5.jpg|media/eadd8f52-2332-409e-aaf3-0268f46e3ea6.jpg|media/d3b68274-36f5-45b4-a073-98fa6e9a73c3.mp4
17122882253,"Jan 21, 2026, 1:26:43 AM",Restaurant name gone wild,Run,Gl to anyone who works there ,2842,6.69,159.0,22,false,,ASICS gel-kayano 32,activities/18217753150.fit.gz,,,2842.0,2189.0,6697.2,5.16,3.059,100.0,51.0,-12.0,67.6,43.1,0.7,,,118.0,77.0,159.0,136.0,,368.0,521.0,,,22.0,808460.0,,,,,,,,349.0,2843.0,0.0,,0.0,,1.0,7254.9,,,,,,,,,,,,,,,,25364390.0,,,,,,,,,,,2.357,278.6,,,,5700.0,0.0,,542.0,262.0,3.314,,,0.0,0.0,,,,,,,,media/ddedacdd-31ff-453e-98bd-a7f8732418c0.jpg|media/e5e57c70-9e82-492c-9b92-980afcb8bcbe.jpg|media/f6ddf63c-b9f4-4655-90e3-83a0d822cde2.jpg
17122490530,"Jan 21, 2026, 12:46:44 AM",Afternoon Weight Training,Weight Training,,1617,0,132.0,2,false,,,activities/18217363204.fit.gz,,,1617.0,1617.0,0.0,0.0,0.0,0.0,0.0,0.0,0.0,0.0,0.0,,,,,132.0,83.0,,,108.0,,,2.0,,,,,,,,,,,,,0.0,,1.0,,,,,,,,,,,,,,,,,,,,,,,,,,,,0.0,0.0,,,,,0.0,,,,,,294.0,,,,,,,,,,""
17106362753,"Jan 19, 2026, 5:37:02 PM",Morning Weight Training,Weight Training,,1399,0,112.0,2,false,,,activities/18201153126.fit.gz,,,1399.0,1399.0,0.0,0.0,0.0,0.0,0.0,0.0,0.0,0.0,0.0,,,,,112.0,83.0,,,86.0,,,2.0,,,,,,,,,,,,,0.0,,1.0,,,,,,,,,,,,,,,,,,,,,,,,,,,,0.0,0.0,,,,,0.0,,,,,,244.0,,,,,,,,,,""
17076031210,"Jan 17, 2026, 2:15:11 AM",Evening E-Bike Ride,E-Bike Ride,,1322,7.68,116.0,3,false,,,activities/18170446799.fit.gz,,9.0,1322.0,1235.0,7687.6,10.02,6.225,63.0,50.0,179.4,199.8,21.7,0.2,,,,,116.0,100.0,,,125.0,,,3.0,,,,,,,,,,,,,0.0,,1.0,,,,,,,,,,,,,,,,,,,,,,,,,,,,5.815,0.0,,,,,0.0,,,,,,,,,,,,,,,,""
17064520678,"Jan 15, 2026, 11:42:55 PM",Afternoon Run,Run,,1806,5.35,178.0,67,false,,ASICS gel-kayano 32,activities/18158827025.fit.gz,,,1806.0,1756.0,5351.6,4.28,3.048,61.0,78.0,179.4,212.0,47.6,-0.3,,,118.0,79.0,178.0,161.0,,380.0,436.0,,,67.0,669013.0,,,,,,,,380.0,1807.0,,,0.0,,1.0,5565.0,,,,,,,,,,,,,,,,25364390.0,,,,,,,,,,,2.963,1151.0,,,,4606.0,0.0,,410.0,286.0,3.169,,,,,,,,,,,,""
17041988630,"Jan 14, 2026, 12:44:04 AM",Evening Run,Run,,2440,8.15,182.0,107,false,,ASICS gel-kayano 32,activities/18136127352.fit.gz,,,2440.0,2428.0,8157.2,6.92,3.36,66.0,43.0,157.2,190.6,21.4,0.3,,,109.0,80.0,182.0,166.0,,392.0,623.0,,,107.0,952543.0,,,,,,,,394.0,2441.0,,,0.0,,1.0,8419.9,,,,,,,,,,,,,,,,25364390.0,,,,,,,,,,,3.343,2945.7,,,,6532.0,0.0,,594.0,296.0,3.468,,,,,,,,,,,,""
17041190388,"Jan 13, 2026, 11:36:44 PM",Free Michilen star burrito,Ride,Managed to be the first 50 people in line. Thanks [strava://athletes/139177665/12]Jeffrey Tran for the info. Too bad you bailed ,1179,4.94,142.0,3,false,,,activities/18135327399.fit.gz,,9.0,1179.0,976.0,4939.0,7.88,5.06,44.0,32.0,166.2,185.6,32.9,0.4,,,,,142.0,111.0,,,147.0,,,3.0,,,,,,,,,,,0.0,,0.0,,1.0,,,,,,,,,,,,,,,,,,,,,,,,,,,,4.189,115.2,,,,,0.0,,,,,,,0.0,0.0,,,,,,,,media/d274d1fb-0019-41ac-82e3-3039fc9c3ef8.jpg|media/b799ddf0-e431-49a8-9f58-1b917c61b1c0.mp4
17030336373,"Jan 13, 2026, 3:18:56 AM",Night Weight Training,Weight Training,,2051,0,170.0,10,false,,,activities/18124390267.fit.gz,,,2051.0,2051.0,0.0,0.0,0.0,0.0,0.0,0.0,0.0,0.0,0.0,,,,,170.0,119.0,,,292.0,,,10.0,,,,,,,,,,,,,0.0,,1.0,,,,,,,,,,,,,,,,,,,,,,,,,,,,0.0,0.0,,,,,0.0,,,,,,732.0,,,,,,,,,,""
17029546480,"Jan 13, 2026, 12:54:06 AM",Evening Ride,Ride,,943,4.03,114.0,2,false,,,activities/18123591566.fit.gz,,9.0,943.0,943.0,4031.1,7.0,4.275,17.0,8.0,173.4,186.8,17.0,0.3,,,,,114.0,97.0,,,86.0,,,2.0,,,,,,,,,,,,,0.0,,1.0,,,,,,,,,,,,,,,,,,,,,,,,,,,,4.275,0.0,,,,,0.0,,,,,,,,,,,,,,,,""
17029214635,"Jan 12, 2026, 11:30:53 PM",Afternoon Ride,Ride,,1521,5.98,141.0,4,false,,,activities/18123258765.fit.gz,,9.0,1521.0,1148.0,5981.4,8.55,5.21,33.0,23.0,166.2,187.8,42.7,0.3,,,,,141.0,111.0,,,185.0,,,4.0,,,,,,,,,,,,,0.0,,1.0,,,,,,,,,,,,,,,,,,,,,,,,,,,,3.933,0.0,,,,,0.0,,,,,,,,,,,,,,,,""
17003797684,"Jan 10, 2026, 5:20:52 PM",Lunch Swim,Swim,,2820,"2,025",192.0,98,false,,,activities/18097587825.fit.gz,,,2820.0,2440.0,2025.0,1.58,0.83,0.0,0.0,0.0,0.0,0.0,0.0,,,,,192.0,151.0,,,587.0,,,98.0,,,,,,,,,,,,,0.0,,1.0,,,,,,,,,,,,,,,,,,,,,,,,,,,,0.718,0.0,,,,,0.0,25.0,,,,,,,,,,,,,,,""
16975316720,"Jan 8, 2026, 2:56:47 AM",First Evening Tennis of 2026,Workout,Come back fell short. Lost 4-6 to [strava://athletes/88348816/15]William Hammond ,3067,1.92,176.0,21,false,,,activities/18068827132.fit.gz,,,3067.0,2357.0,1925.3,2.883,0.817,0.0,0.0,181.9,182.0,1.4,0.0,,,112.0,59.0,176.0,130.0,,,490.0,,,21.0,,,,,,,,,,,,,0.0,,1.0,,,,,,,,,,,,,,,,,,,,,,,,,,,,0.628,0.0,,,,3372.0,0.0,,,,,,3372.0,0.0,0.0,,,,,,,,""
16973894524,"Jan 7, 2026, 11:13:37 PM",Afternoon Ride,Ride,,1758,8.03,137.0,4,false,,,activities/18067399119.fit.gz,,9.0,1758.0,1584.0,8037.6,9.16,5.074,53.0,32.0,163.8,186.8,29.6,0.3,,,,,137.0,107.0,,,198.0,,,4.0,,,,,,,,,,,,,0.0,,1.0,,,,,,,,,,,,,,,,,,,,,,,,,,,,4.572,46.6,,,,,0.0,,,,,,,,,,,,,,,,""
16963271083,"Jan 7, 2026, 12:24:34 AM",Evening Run,Run,Almost got run over by a car ,3197,8.13,156.0,29,false,,ASICS gel-kayano 32,activities/18056698124.fit.gz,,,3197.0,2880.0,8132.1,6.54,2.824,57.0,45.0,167.4,197.2,25.7,0.2,,,83.0,79.0,156.0,139.0,,337.0,631.0,,,29.0,973600.0,,,,,,,,330.0,3198.0,0.0,,0.0,,1.0,8350.4,,,,,,,,,,,,,,,,25364390.0,,,,,,,,,,,2.544,2947.5,,,,7654.0,0.0,,546.0,248.0,2.899,,,0.0,0.0,,,,,,,,""
16962636144,"Jan 6, 2026, 11:34:23 PM",Afternoon E-Bike Ride,E-Bike Ride,,1561,7.99,135.0,4,false,,,activities/18056058229.fit.gz,,9.0,1561.0,1440.0,7997.9,14.917,5.554,49.0,34.0,165.0,186.4,16.7,0.2,,,,,135.0,107.0,,,170.0,,,4.0,,,,,,,,,,,,,0.0,,1.0,,,,,,,,,,,,,,,,,,,,,,,,,,,,5.124,45.0,,,,,0.0,,,,,,,,,,,,,,,,""
16952158885,"Jan 6, 2026, 3:08:53 AM",Night Weight Training,Weight Training,,1956,0,146.0,6,false,,,activities/18045474774.fit.gz,,,1956.0,1956.0,0.0,0.0,0.0,0.0,0.0,0.0,0.0,0.0,0.0,,,,,146.0,110.0,,,234.0,,,6.0,,,,,,,,,,,,,0.0,,1.0,,,,,,,,,,,,,,,,,,,,,,,,,,,,0.0,0.0,,,,,0.0,,,,,,654.0,,,,,,,,,,""
16951002351,"Jan 5, 2026, 11:27:12 PM",Afternoon E-Bike Ride,E-Bike Ride,,1814,8.84,133.0,3,false,,,activities/18044312755.fit.gz,,9.0,1814.0,1643.0,8844.0,10.46,5.383,44.0,35.0,178.2,209.2,26.7,0.1,,,,,133.0,96.0,,,154.0,,,3.0,,,,,,,,,,,,,0.0,,1.0,,,,,,,,,,,,,,,,,,,,,,,,,,,,4.875,142.5,,,,,0.0,,,,,,,,,,,,,,,,""
16906357957,"Jan 1, 2026, 7:33:20 PM",Afternoon Run,Run,,2887,8.49,183.0,118,false,,ASICS gel-kayano 32,activities/17999143023.fit.gz,,,2887.0,2880.0,8494.6,5.7,2.95,80.0,52.0,166.2,206.0,29.7,0.3,,,120.0,78.0,183.0,165.0,,355.0,699.0,,,118.0,1025970.0,,,,,,,,361.0,2888.0,,,0.0,,1.0,8763.7,,,,,,,,,,,,,,,,25364390.0,,,,,,,,,,,2.942,1485.2,,,,7496.0,0.0,,590.0,271.0,3.043,,,,,,,,,,,,""
16889531735,"Dec 31, 2025, 12:27:53 AM",Evening Run,Run,,2528,7.00,159.0,36,false,,ASICS gel-kayano 32,activities/17981990138.fit.gz,,,2528.0,2435.0,7005.0,6.56,2.877,77.0,40.0,145.8,191.4,48.4,0.6,,,114.0,80.0,159.0,144.0,,341.0,542.0,,,36.0,832102.0,,,,,,,,339.0,2529.0,,,0.0,,1.0,7309.2,,,,,,,,,,,,,,,,25364390.0,,,,,,,,,,,2.771,2475.5,,,,6534.0,0.0,,456.0,255.0,3.002,,,,,,,,,,,,""
16880110954,"Dec 30, 2025, 3:22:40 AM",Night Weight Training,Weight Training,,2272,0,170.0,12,false,,,activities/17972447619.fit.gz,,,2272.0,2272.0,0.0,0.0,0.0,0.0,0.0,0.0,0.0,0.0,0.0,,,,,170.0,121.0,,,323.0,,,12.0,,,,,,,,,,,,,0.0,,1.0,,,,,,,,,,,,,,,,,,,,,,,,,,,,0.0,0.0,,,,,0.0,,,,,,748.0,,,,,,,,,,""
16857205942,"Dec 27, 2025, 5:43:29 PM",Lunch Swim,Swim,,2798,"1,875",200.0,97,false,,,activities/17949145311.fit.gz,,,2798.0,2297.0,1875.0,1.8,0.816,0.0,0.0,0.0,0.0,0.0,0.0,,,,,200.0,151.0,,,595.0,,,97.0,,,,,,,,,,,,,0.0,,1.0,,,,,,,,,,,,,,,,,,,,,,,,,,,,0.67,0.0,,,,,0.0,25.0,,,,,,,,,,,,,,,""
16840741909,"Dec 26, 2025, 12:29:45 AM",Evening Run,Run,"",2639,9.04,184.0,99,false,,ASICS gel-kayano 32,activities/17932392188.fit.gz,,,2639.0,2623.0,9047.5,7.86,3.449,81.0,49.0,152.8,193.4,26.3,0.4,,,87.0,80.0,184.0,162.0,,405.0,673.0,,,99.0,1063352.0,,,,,,,,413.0,2640.0,,,0.0,,1.0,9343.8,,,,,,,,,,,,,,,,25364390.0,,,,,,,,,,,3.428,461.8,,,,6946.0,0.0,,708.0,311.0,3.562,,,0.0,,,,,,,,,media/6b751afa-03ef-41d8-8f27-3e8d6d25bb47.mp4
16840490106,"Dec 25, 2025, 11:54:22 PM",Afternoon Ride,Ride,,818,4.02,124.0,2,false,,,activities/17932130713.fit.gz,,9.0,818.0,818.0,4026.1,6.72,4.922,9.0,5.0,173.4,181.4,7.7,0.2,,,,,124.0,115.0,,,113.0,,,2.0,,,,,,,,,,,,,0.0,,1.0,,,,,,,,,,,,,,,,,,,,,,,,,,,,4.922,572.2,,,,,0.0,,,,,,,,,,,,,,,,""
16840387464,"Dec 25, 2025, 11:27:05 PM",Afternoon Ride,Ride,"",1168,4.79,144.0,4,false,,,activities/17932025364.fit.gz,,9.0,1168.0,1089.0,4793.9,6.8,4.402,14.0,20.0,186.2,200.0,41.4,-0.1,,,,,144.0,119.0,,,172.0,,,4.0,,,,,,,,,,,0.0,,0.0,,1.0,,,,,,,,,,,,,,,,,,,,,,,,,,,,4.104,0.0,,,,,0.0,,,,,,,0.0,,,,,,,,,media/43755254-bec2-4a87-bbc7-04fd568e53e3.jpg
16840088148,"Dec 25, 2025, 10:20:17 PM",Afternoon Ride,Ride,,1007,3.75,137.0,2,false,,,activities/17931717801.fit.gz,,9.0,1007.0,884.0,3757.6,6.067,4.251,26.0,6.0,172.2,196.4,46.7,0.5,,,,,137.0,113.0,,,128.0,,,2.0,,,,,,,,,,,,,0.0,,1.0,,,,,,,,,,,,,,,,,,,,,,,,,,,,3.731,0.0,,,,,0.0,,,,,,,,,,,,,,,,""
16825159420,"Dec 24, 2025, 12:27:15 AM",Evening Run,Run,,2744,6.94,152.0,21,false,,ASICS gel-kayano 32,activities/17916505407.fit.gz,,,2744.0,2571.0,6945.0,4.14,2.701,68.0,38.0,147.2,183.8,40.0,0.4,,,84.0,78.0,152.0,137.0,,318.0,547.0,,,21.0,812980.0,,,,,,,,313.0,2745.0,,,0.0,,1.0,7259.1,,,,,,,,,,,,,,,,25364390.0,,,,,,,,,,,2.531,2469.5,,,,6646.0,0.0,,421.0,235.0,2.823,,,,,,,,,,,,""
16805935838,"Dec 21, 2025, 4:32:12 PM",Lunch Alpine Ski,Alpine Ski,,13316,22.07,137.0,10,false,,,activities/17897074378.fit.gz,,,13316.0,5261.0,22072.6,12.7,4.196,90.0,3195.0,114.4,494.2,49.1,-1.4,,,,,137.0,89.0,,,781.0,,,10.0,,10,,,,,,,,,,,0.0,,1.0,,,,,,,,,,,,,,,,,,,,,,,,,,,,1.658,5624.6,,,,,0.0,,,,,,,,,,,,,,,,""
16797779713,"Dec 20, 2025, 9:36:32 PM",Afternoon Snowboard,Snowboard,,6857,7.38,144.0,11,false,,,activities/17888790345.fit.gz,,,6857.0,3966.0,7386.5,6.88,1.862,61.0,903.0,409.8,642.6,49.4,-2.7,,,,,144.0,107.0,,,640.0,,,11.0,,4,,,,,,,,,,,0.0,,1.0,,,,,,,,,,,,,,,,,,,,,,,,,,,,1.077,0.0,,,,,0.0,,,,,,,,,,,,,,,,""
16790214277,"Dec 20, 2025, 7:05:15 AM",Night Walk,Walk,,997,0.98,132.0,1,false,,,activities/17881125531.fit.gz,,,997.0,582.0,982.9,3.25,1.689,14.0,24.0,-6.6,9.8,39.2,-1.3,,,102.0,59.0,132.0,110.0,,,93.0,,,1.0,,,,,,,,,,,,,0.0,,1.0,,,,,,,,,,,,,,,,,,,,,,,,,,,,0.986,0.0,,,,1168.0,0.0,,,,,,,,,,,,,,,,""
16772292415,"Dec 17, 2025, 11:30:27 PM",Afternoon Ride,Ride,,2067,8.11,132.0,5,false,,,activities/17862911903.fit.gz,,9.0,2067.0,1880.0,8117.0,8.121,4.318,42.0,28.0,175.4,203.6,30.6,0.2,,,,,132.0,108.0,,,223.0,,,5.0,,,,,,,,,,,,,0.0,,1.0,,,,,,,,,,,,,,,,,,,,,,,,,,,,3.927,118.3,,,,,0.0,,,,,,,,,,,,,,,,""
16763527652,"Dec 17, 2025, 12:25:42 AM",Evening Run,Run,,2663,7.07,154.0,34,false,,ASICS gel-kayano 32,activities/17854055625.fit.gz,,,2663.0,2517.0,7074.9,5.58,2.811,90.0,75.0,162.4,196.0,45.5,0.2,,,114.0,79.0,154.0,142.0,,331.0,552.0,,,34.0,834124.0,,,,,,,,330.0,2664.0,,,0.0,,1.0,7407.1,,,,,,,,,,,,,,,,25364390.0,,,,,,,,,,,2.657,2485.1,,,,6584.0,0.0,,455.0,248.0,2.943,,,,,,,,,,,,""
16763090315,"Dec 16, 2025, 11:38:44 PM",Afternoon E-Bike Ride,E-Bike Ride,,1690,7.98,124.0,4,false,,,activities/17853618382.fit.gz,,9.0,1690.0,1570.0,7986.1,13.1,5.087,62.0,24.0,173.4,221.0,40.8,0.5,,,,,124.0,104.0,,,170.0,,,4.0,,,,,,,,,,,,,0.0,,1.0,,,,,,,,,,,,,,,,,,,,,,,,,,,,4.726,135.9,,,,,0.0,,,,,,,,,,,,,,,,""
16754447592,"Dec 16, 2025, 2:55:16 AM",Evening Weight Training,Weight Training,,2065,0,165.0,7,false,,,activities/17844915582.fit.gz,,,2065.0,2065.0,0.0,0.0,0.0,0.0,0.0,0.0,0.0,0.0,0.0,,,,,165.0,112.0,,,265.0,,,7.0,,,,,,,,,,,,,0.0,,1.0,,,,,,,,,,,,,,,,,,,,,,,,,,,,0.0,0.0,,,,,0.0,,,,,,634.0,,,,,,,,,,""
16753494974,"Dec 15, 2025, 11:22:31 PM",Afternoon Ride,Ride,,1911,7.68,149.0,6,false,,,activities/17843956920.fit.gz,,9.0,1911.0,1824.0,7684.0,14.082,4.213,36.0,19.0,166.2,187.4,23.5,0.2,,,,,149.0,113.0,,,237.0,,,6.0,,,,,,,,,,,,,0.0,,1.0,,,,,,,,,,,,,,,,,,,,,,,,,,,,4.021,14.2,,,,,0.0,,,,,,,,,,,,,,,,""
16732430151,"Dec 13, 2025, 3:28:28 PM",Morning Swim,Swim,,2085,350,152.0,8,false,,,activities/17822619857.fit.gz,,,2085.0,1495.0,350.0,2.1,0.234,0.0,0.0,0.0,0.0,0.0,0.0,,,,,152.0,115.0,,,199.0,,,8.0,,,,,,,,,,,,,0.0,,1.0,,,,,,,,,,,,,,,,,,,,,,,,,,,,0.168,0.0,,,,,0.0,25.0,,,,,,,,,,,,,,,""
16709641835,"Dec 11, 2025, 2:57:30 AM",Evening Weight Training,Weight Training,,2313,0,168.0,13,false,,,activities/17799512144.fit.gz,,,2313.0,2313.0,0.0,0.0,0.0,0.0,0.0,0.0,0.0,0.0,0.0,,,,,168.0,123.0,,,352.0,,,13.0,,,,,,,,,,,,,0.0,,1.0,,,,,,,,,,,,,,,,,,,,,,,,,,,,0.0,0.0,,,,,0.0,,,,,,738.0,,,,,,,,,,""
16708560661,"Dec 10, 2025, 11:14:50 PM",Afternoon Ride,Ride,,2013,8.09,166.0,15,false,,,activities/17798419225.fit.gz,,9.0,2013.0,1761.0,8089.4,7.96,4.594,99.0,56.0,176.6,230.4,24.4,0.6,,,,,166.0,128.0,,,338.0,,,15.0,,,,,,,,,,,,,0.0,,1.0,,,,,,,,,,,,,,,,,,,,,,,,,,,,4.019,403.8,,,,,0.0,,,,,,,,,,,,,,,,""
16699447837,"Dec 10, 2025, 12:25:51 AM",Evening Run,Run,,2782,8.22,169.0,61,false,,ASICS gel-kayano 32,activities/17789206311.fit.gz,,,2782.0,2642.0,8226.8,5.56,3.114,102.0,59.0,147.4,192.2,47.9,0.5,,,85.0,78.0,169.0,151.0,,373.0,640.0,,,61.0,984460.0,,,,,,,,373.0,2783.0,,,0.0,,1.0,8574.4,,,,,,,,,,,,,,,,25364390.0,,,,,,,,,,,2.957,2949.3,,,,6872.0,0.0,,607.0,280.0,3.245,,,,,,,,,,,,""
16699118451,"Dec 9, 2025, 11:42:32 PM",Afternoon Ride,Ride,,1810,8.16,142.0,6,false,,,activities/17788876296.fit.gz,,9.0,1810.0,1737.0,8166.7,9.28,4.702,46.0,18.0,156.2,189.8,23.9,0.3,,,,,142.0,116.0,,,245.0,,,6.0,,,,,,,,,,,,,0.0,,1.0,,,,,,,,,,,,,,,,,,,,,,,,,,,,4.512,0.0,,,,,0.0,,,,,,,,,,,,,,,,""
16689427428,"Dec 8, 2025, 11:39:54 PM",Afternoon Ride,Ride,,2425,8.06,137.0,5,false,,,activities/17779066877.fit.gz,,9.0,2425.0,1951.0,8065.8,8.0,4.134,50.0,22.0,177.6,207.0,26.3,0.3,,,,,137.0,107.0,,,225.0,,,5.0,,,,,,,,,,,,,0.0,,1.0,,,,,,,,,,,,,,,,,,,,,,,,,,,,3.326,0.0,,,,,0.0,,,,,,,,,,,,,,,,""
16653117229,"Dec 5, 2025, 12:21:58 AM",Evening Run,Run,,2222,6.49,176.0,55,false,,ASICS gel-kayano 32,activities/17742147833.fit.gz,,,2222.0,2186.0,6497.5,5.88,2.972,70.0,29.0,145.8,193.0,41.0,0.7,,,85.0,80.0,176.0,152.0,,358.0,514.0,,,55.0,782452.0,,,,,,,,359.0,2222.0,,,0.0,,1.0,6798.2,,,,,,,,,,,,,,,,25364390.0,,,,,,,,,,,2.924,432.7,,,,5856.0,0.0,,449.0,270.0,3.11,,,,,,,,,,,,""
16644138370,"Dec 4, 2025, 12:53:27 AM",Evening Ride,Ride,,669,3.12,154.0,5,false,,,activities/17733023414.fit.gz,,9.0,669.0,641.0,3120.0,7.18,4.867,4.0,3.0,177.6,182.8,13.0,0.0,,,,,154.0,132.0,,,128.0,,,5.0,,,,,,,,,,,,,0.0,,1.0,,,,,,,,,,,,,,,,,,,,,,,,,,,,4.664,0.0,,,,,0.0,,,,,,,,,,,,,,,,""
16643736133,"Dec 3, 2025, 11:32:30 PM",Afternoon Ride,Ride,,2104,8.19,157.0,14,false,,,activities/17732617897.fit.gz,,9.0,2104.0,1952.0,8193.1,10.4,4.197,86.0,77.0,181.2,227.2,26.9,0.1,,,,,157.0,128.0,,,358.0,,,14.0,,,,,,,,,,,,,0.0,,1.0,,,,,,,,,,,,,,,,,,,,,,,,,,,,3.894,0.0,,,,,0.0,,,,,,,,,,,,,,,,""
16634365070,"Dec 3, 2025, 12:33:51 AM",Evening Run,Run,,2695,8.11,184.0,119,false,,ASICS gel-kayano 32,activities/17723140547.fit.gz,,,2695.0,2611.0,8113.5,9.34,3.107,119.0,97.0,159.4,206.4,45.8,0.2,,,108.0,79.0,184.0,167.0,,375.0,677.0,,,119.0,979508.0,,,,,,,,373.0,2696.0,,,0.0,,1.0,8468.4,,,,,,,,,,,,,,,,25364390.0,,,,,,,,,,,3.011,2945.9,,,,6848.0,0.0,,588.0,280.0,3.243,,,,,,,,,,,,""
16634023357,"Dec 2, 2025, 11:39:12 PM",Afternoon Ride,Ride,,2336,8.19,145.0,8,false,,,activities/17722792286.fit.gz,,9.0,2336.0,2191.0,8189.1,7.0,3.738,42.0,30.0,182.8,209.4,41.3,0.2,,,,,145.0,118.0,,,324.0,,,8.0,,,,,,,,,,,,,0.0,,1.0,,,,,,,,,,,,,,,,,,,,,,,,,,,,3.506,58.0,,,,,0.0,,,,,,,,,,,,,,,,""
16624868682,"Dec 2, 2025, 3:45:26 AM",Night Weight Training,Weight Training,,1409,0,174.0,11,false,,,activities/17713508158.fit.gz,,,1409.0,1409.0,0.0,0.0,0.0,0.0,0.0,0.0,0.0,0.0,0.0,,,,,174.0,127.0,,,231.0,,,11.0,,,,,,,,,,,,,0.0,,1.0,,,,,,,,,,,,,,,,,,,,,,,,,,,,0.0,0.0,,,,,0.0,,,,,,622.0,,,,,,,,,,""
16623829002,"Dec 1, 2025, 11:49:37 PM",Afternoon Icy 🥶 Ride,Ride,"",1809,7.25,129.0,5,false,,,activities/17712449121.fit.gz,,9.0,1809.0,1659.0,7257.0,19.04,4.374,46.0,24.0,162.6,204.0,47.8,0.3,,,,,129.0,114.0,,,228.0,,,5.0,,,,,,,,,,,,,0.0,,1.0,,,,,,,,,,,,,,,,,,,,,,,,,,,,4.012,76.6,,,,,0.0,,,,,,,0.0,,,,,,,,,""
16603139106,"Nov 29, 2025, 6:19:14 PM",Lunch Weight Training,Weight Training,,2241,0,171.0,12,false,,,activities/17691392942.fit.gz,,,2241.0,2241.0,0.0,0.0,0.0,0.0,0.0,0.0,0.0,0.0,0.0,,,,,171.0,122.0,,,338.0,,,12.0,,,,,,,,,,,,,0.0,,1.0,,,,,,,,,,,,,,,,,,,,,,,,,,,,0.0,0.0,,,,,0.0,,,,,,758.0,,,,,,,,,,""
16595087807,"Nov 28, 2025, 10:12:36 PM",Afternoon Tennis with bro,Workout,Jeff has a faster serve than I do ,1661,1.03,168.0,5,false,,,activities/17683175287.fit.gz,,,1661.0,1139.0,1031.5,2.917,0.906,0.0,0.0,182.2,182.2,0.0,0.0,,,123.0,64.0,168.0,124.0,,,253.0,,,5.0,,,,,,,,,,,,,0.0,,1.0,,,,,,,,,,,,,,,,,,,,,,,,,,,,0.621,0.0,,,,2120.0,0.0,,,,,,2120.0,1.0,,,,,,,,,""
16586650978,"Nov 27, 2025, 9:28:04 PM",Afternoon Run,Run,,2126,6.43,171.0,46,false,,ASICS gel-kayano 32,activities/17674576396.fit.gz,,,2126.0,2106.0,6432.4,11.067,3.054,80.0,49.0,156.6,199.0,42.1,0.5,,,81.0,78.0,171.0,149.0,,368.0,495.0,,,46.0,775242.0,,,,,,,,373.0,2127.0,,,0.0,,1.0,6743.9,,,,,,,,,,,,,,,,25364390.0,,,,,,,,,,,3.026,457.0,,,,5488.0,0.0,,463.0,280.0,3.202,,,,,,,,,,,,""
16577891378,"Nov 26, 2025, 11:32:19 PM",Afternoon Ride,Ride,,2007,8.22,162.0,17,false,,,activities/17665677491.fit.gz,,9.0,2007.0,1860.0,8228.2,11.36,4.424,90.0,78.0,175.8,209.4,28.6,0.2,,,,,162.0,133.0,,,370.0,,,17.0,,,,,,,,,,,,,0.0,,1.0,,,,,,,,,,,,,,,,,,,,,,,,,,,,4.1,82.9,,,,,0.0,,,,,,,,,,,,,,,,""
16567960063,"Nov 26, 2025, 12:24:01 AM",Evening Run,Run,,2968,7.12,150.0,12,false,,ASICS gel-kayano 32,activities/17655561363.fit.gz,,,2968.0,2551.0,7125.5,5.2,2.793,54.0,51.0,177.6,202.6,49.6,0.1,,,114.0,76.0,150.0,129.0,,327.0,550.0,,,12.0,833813.0,,,,,,,,314.0,2969.0,,,0.0,,1.0,7352.0,,,,,,,,,,,,,,,,25364390.0,,,,,,,,,,,2.401,2484.9,,,,6498.0,0.0,,459.0,236.0,2.882,,,,,,,,,,,,""
16567565994,"Nov 25, 2025, 11:37:32 PM",Afternoon Ride,Ride,,2036,7.96,132.0,5,false,,,activities/17655166274.fit.gz,,9.0,2036.0,1538.0,7967.0,12.914,5.18,68.0,51.0,178.4,212.0,43.2,0.2,,,,,132.0,114.0,,,227.0,,,5.0,,,,,,,,,,,,,0.0,,1.0,,,,,,,,,,,,,,,,,,,,,,,,,,,,3.913,132.3,,,,,0.0,,,,,,,,,,,,,,,,""
16547386793,"Nov 23, 2025, 7:40:24 PM",Afternoon Tennis,Workout,Sun was too much for me and [strava://athletes/88348816/15]William Hammond ,3970,2.01,173.0,18,false,,,activities/17634699502.fit.gz,,,3970.0,2520.0,2014.7,3.111,0.799,0.0,0.0,181.8,181.9,1.3,0.0,,,123.0,62.0,173.0,128.0,,,557.0,,,18.0,,,,,,,,,,,,,0.0,,1.0,,,,,,,,,,,,,,,,,,,,,,,,,,,,0.507,0.0,,,,3476.0,0.0,,,,,,3476.0,0.0,,,,,,,,,""
16529678191,"Nov 21, 2025, 4:27:42 PM",Morning Walk,Walk,"",5728,3.96,120.0,6,false,,,activities/17616737592.fit.gz,,,5728.0,3315.0,3959.5,4.583,1.194,70.0,97.0,2241.4,2302.6,45.1,-0.9,,,96.0,54.0,120.0,85.0,,,325.0,,,6.0,,,,,,,,,,,,,0.0,,1.0,,,,,,,,,,,,,,,,,,,,,,,,,,,,0.691,96.5,,,,4654.0,0.0,,,,,,,0.0,,,,,,,,,media/ab04ba32-dbc9-47e5-b1d8-03dacf7571c6.jpg|media/43739cea-3485-4299-9698-0da743da01f0.jpg|media/7a8f384f-c84e-4a78-bdd3-06664c879998.jpg|media/83214fe7-a05d-4865-b362-24ce663a92e0.jpg|media/cb6ffc84-7013-4dc0-8740-7448967c5fd3.jpg|media/a0f5849e-6d5c-46bd-96c8-879bdd786a8c.jpg|media/4e44b3c1-8159-40ed-bf94-cc7d6d8efcd7.jpg|media/442b8c74-8807-44b6-b023-7a56554ed407.jpg
16518649952,"Nov 20, 2025, 4:19:29 PM",Too many steps to climb,Walk,"",4323,3.04,138.0,6,false,,,activities/17605565065.fit.gz,,,4323.0,2612.0,3042.6,2.614,1.165,109.0,114.0,2291.2,2336.6,47.8,0.1,,,79.0,52.0,138.0,101.0,,,374.0,,,6.0,,,,,,,,,,,0.0,,0.0,,1.0,,,,,,,,,,,,,,,,,,,,,,,,,,,,0.704,0.0,,,,4344.0,0.0,,,,,,,0.0,,,,,,,,,media/52be1c54-90f9-4fc3-b1b3-82fe53054c88.jpg|media/87f846db-165e-4037-bb4e-b2f04d55136e.jpg|media/1c4553b8-0e23-4a52-b523-37a68df096db.jpg|media/090ff6cf-5c88-479a-97e7-1d41ba557d38.jpg|media/b192afb3-18e1-45b5-b791-79aff96a61fb.jpg
16510940994,"Nov 19, 2025, 5:32:58 PM",Walking tour,Walk,"",7601,2.85,118.0,5,false,,,activities/17597764806.fit.gz,,,7601.0,2908.0,2856.2,3.1,0.982,80.0,60.0,2216.6,2248.8,48.9,1.0,,,80.0,48.0,118.0,83.0,,,412.0,,,5.0,,,,,,,,,,,,,0.0,,1.0,,,,,,,,,,,,,,,,,,,,,,,,,,,,0.376,0.0,,,,3062.0,0.0,,,,,,,0.0,,,,,,,,,media/abca5ac8-8ed0-47a8-97ce-5e060e31af27.jpg|media/aa3a7c8f-933a-4438-88e0-0b6fb8dc061a.jpg|media/c0d97add-21e1-4876-b256-729ac398178d.jpg|media/acdab52f-e9ca-4cb6-92f8-4dc28176108e.jpg|media/919500dc-bb85-4da2-a431-44f657802e08.jpg|media/5376370a-d34a-4cf1-b7f0-6b259345703e.jpg|media/e4639f33-8d27-4744-a469-9c3e606b69f4.jpg|media/17f56a26-80e9-4ff0-95f2-cd0e5faca1fb.jpg|media/081e5f99-43ed-4e22-b466-ae302844e5a7.jpg|media/0c5a8b87-f48e-4e67-8967-d978dca3180c.jpg
16491051464,"Nov 18, 2025, 3:26:06 AM",Night Weight Training,Weight Training,,1970,0,167.0,8,false,,,activities/17577749434.fit.gz,,,1970.0,1970.0,0.0,0.0,0.0,0.0,0.0,0.0,0.0,0.0,0.0,,,,,167.0,111.0,,,242.0,,,8.0,,,,,,,,,,,,,0.0,,1.0,,,,,,,,,,,,,,,,,,,,,,,,,,,,0.0,0.0,,,,,0.0,,,,,,680.0,,,,,,,,,,""
16491050296,"Nov 17, 2025, 11:18:14 PM",Afternoon Ride,Ride,,1966,7.80,132.0,4,false,,,activities/17577748205.fit.gz,,9.0,1966.0,1766.0,7800.6,9.86,4.417,39.0,25.0,162.8,193.2,15.7,0.3,,,,,132.0,100.0,,,184.0,,,4.0,,,,,,,,,,,,,0.0,,1.0,,,,,,,,,,,,,,,,,,,,,,,,,,,,3.968,52.2,,,,,0.0,,,,,,,,,,,,,,,,""
16479891506,"Nov 16, 2025, 8:59:37 PM",Afternoon Ride,Ride,,822,3.97,151.0,4,false,,,activities/17566519377.fit.gz,,9.0,822.0,734.0,3977.5,7.355,5.419,49.0,36.0,170.8,183.8,22.2,0.3,,,,,151.0,129.0,,,147.0,,,4.0,,,,,,,,,,,,,0.0,,1.0,,,,,,,,,,,,,,,,,,,,,,,,,,,,4.839,0.0,,,,,0.0,,,,,,,,,,,,,,,,""
16478434756,"Nov 16, 2025, 5:32:41 PM",Lunch Ride,Ride,,1292,6.00,154.0,9,false,,,activities/17565053054.fit.gz,,9.0,1292.0,1199.0,6003.6,6.34,5.007,63.0,42.0,162.4,190.6,18.1,0.3,,,,,154.0,128.0,,,217.0,,,9.0,,,,,,,,,,,,,0.0,,1.0,,,,,,,,,,,,,,,,,,,,,,,,,,,,4.647,1147.4,,,,,0.0,,,,,,,,,,,,,,,,""
16452768215,"Nov 14, 2025, 12:08:43 AM",Fartlek,Run,Couldn't keep up with the pace I set for myself a year ago 💀,2542,8.44,183.0,86,false,,ASICS gel-kayano 32,activities/17539108759.fit.gz,,,2542.0,2531.0,8448.0,4.84,3.338,62.0,34.0,156.8,189.2,21.1,0.3,,,100.0,78.0,183.0,160.0,,390.0,643.0,,,86.0,987897.0,,,,,,,,395.0,2543.0,,,0.0,,1.0,8676.3,,,,,,,,,,,,,,,,25364390.0,,,,,,,,,,,3.323,2632.3,,,,6568.0,0.0,,623.0,297.0,3.428,,,0.0,,,,,,,,,""
16431712007,"Nov 12, 2025, 3:34:01 AM",Night Weight Training,Weight Training,,2501,0,165.0,10,false,,,activities/17517923039.fit.gz,,,2501.0,2501.0,0.0,0.0,0.0,0.0,0.0,0.0,0.0,0.0,0.0,,,,,165.0,109.0,,,296.0,,,10.0,,,,,,,,,,,,,0.0,,1.0,,,,,,,,,,,,,,,,,,,,,,,,,,,,0.0,0.0,,,,,0.0,,,,,,734.0,,,,,,,,,,""
16419517260,"Nov 10, 2025, 11:55:19 PM",Edc orlando day 4/flight back cancelled,Run,Channeled my inner [strava://athletes/48131721/15]Stephen Horvath for this late night run. Me bringing running shoes originally was meant to run with [strava://athletes/88348816/15]William Hammond but ended up being for myself 💀,2680,7.24,151.0,20,false,,ASICS gel-kayano 32,activities/17505645770.fit.gz,,,2680.0,2527.0,7239.5,5.36,2.865,37.0,41.0,23.0,38.8,39.6,-0.1,,,90.0,77.0,151.0,135.0,,348.0,532.0,,,20.0,843148.0,,,,,,,,341.0,2681.0,,,0.0,,1.0,7396.3,,,,,,,,,,,,,,,,25364390.0,,,,,,,,,,,2.701,0.0,,,,6180.0,0.0,,488.0,256.0,2.927,,,0.0,,,,,,,,,""
16386841855,"Nov 7, 2025, 7:05:54 PM",Afternoon Tennis,Workout,Lost 1-6 to [strava://athletes/88348816/15]William Hammond. Couldnt hold my serve to save my life ,2132,1.32,175.0,14,false,,,activities/17472654777.fit.gz,,,2132.0,1610.0,1321.6,6.1,0.821,0.0,0.0,24.0,24.1,2.0,0.0,,,114.0,59.0,175.0,133.0,,,367.0,,,14.0,,,,,,,,,,,0.0,,0.0,,1.0,,,,,,,,,,,,,,,,,,,,,,,,,,,,0.62,0.0,,,,2366.0,0.0,,,,,,2366.0,0.0,,,,,,,,,""
16382842738,"Nov 7, 2025, 11:23:43 AM",Anything for $800 American airline credit,E-Bike Ride,Turns out a lot of people really want to get to Orlando for EDC last night. I'm also going but I just don't care if I get there last night as long as you can bribe me ig🤷,1164,6.26,140.0,3,false,,,activities/17468632324.fit.gz,,9.0,1164.0,840.0,6268.7,9.557,7.463,56.0,40.0,163.6,186.4,35.6,-0.1,,,,,140.0,124.0,,,176.0,,,3.0,,,,,,,,,,,0.0,,0.0,,1.0,,,,,,,,,,,,,,,,,,,,,,,,,,,,5.385,0.0,,,,,0.0,,,,,,,0.0,,,,,,,,,""
16380364191,"Nov 7, 2025, 3:40:39 AM",Night Weight Training,Weight Training,,2099,0,150.0,8,false,,,activities/17466119494.fit.gz,,,2099.0,2099.0,0.0,0.0,0.0,0.0,0.0,0.0,0.0,0.0,0.0,,,,,150.0,120.0,,,302.0,,,8.0,,,,,,,,,,,,,0.0,,1.0,,,,,,,,,,,,,,,,,,,,,,,,,,,,0.0,0.0,,,,,0.0,,,,,,780.0,,,,,,,,,,""
16380175757,"Nov 7, 2025, 2:49:56 AM",Evening E-Bike Ride,E-Bike Ride,,952,6.28,129.0,2,false,,,activities/17465928032.fit.gz,,9.0,952.0,931.0,6288.7,9.64,6.755,66.0,46.0,162.0,185.6,19.3,0.3,,,,,129.0,109.0,,,116.0,,,2.0,,,,,,,,,,,,,0.0,,1.0,,,,,,,,,,,,,,,,,,,,,,,,,,,,6.606,0.0,,,,,0.0,,,,,,,,,,,,,,,,""
16368957431,"Nov 5, 2025, 11:31:41 PM",Afternoon Ride,Ride,,1768,8.08,131.0,4,false,,,activities/17454647913.fit.gz,,9.0,1768.0,1670.0,8082.9,10.3,4.84,42.0,26.0,169.4,188.8,31.4,0.2,,,,,131.0,108.0,,,206.0,,,4.0,,,,,,,,,,,,,0.0,,1.0,,,,,,,,,,,,,,,,,,,,,,,,,,,,4.572,0.0,,,,,0.0,,,,,,,,,,,,,,,,""
16358689684,"Nov 5, 2025, 12:25:23 AM",Evening Run,Run,,3008,8.15,177.0,55,false,,ASICS gel-kayano 32,activities/17444313019.fit.gz,,,3008.0,2708.0,8151.7,9.9,3.01,49.0,41.0,171.6,193.8,48.9,0.1,,,113.0,78.0,177.0,149.0,,347.0,642.0,,,55.0,948475.0,,,,,,,,341.0,3009.0,,,0.0,,1.0,8336.4,,,,,,,,,,,,,,,,25364390.0,,,,,,,,,,,2.71,2945.7,,,,7128.0,0.0,,548.0,256.0,3.078,,,,,,,,,,,,""
16358217960,"Nov 4, 2025, 11:36:16 PM",Afternoon Ride,Ride,,1737,8.10,134.0,5,false,,,activities/17443839558.fit.gz,,9.0,1737.0,1594.0,8108.5,10.371,5.087,36.0,11.0,162.8,188.0,19.4,0.3,,,,,134.0,111.0,,,211.0,,,5.0,,,,,,,,,,,,,0.0,,1.0,,,,,,,,,,,,,,,,,,,,,,,,,,,,4.668,167.9,,,,,0.0,,,,,,,,,,,,,,,,""
16347406829,"Nov 4, 2025, 12:10:34 AM",whos the captain now,Workout,triumph against [strava://athletes/88348816/15]William Hammond 6-3 for the first time under chicago night lights ,3230,1.74,166.0,7,false,"",,activities/17432974575.fit.gz,,,3230.0,2151.0,1747.4,3.2,0.812,0.0,0.0,181.9,181.9,0.0,0.0,,,118.0,58.0,166.0,110.0,,,371.0,,,7.0,,,,,,,,,,,,,0.0,,1.0,,,,,,,,,,,,,,,,,,,,,,,,,,,,0.541,0.0,,,,3282.0,0.0,,,,,,3282.0,0.0,,,,,,,,,""
16346817128,"Nov 3, 2025, 11:13:19 PM",Afternoon Ride,Ride,,1599,8.20,128.0,4,false,,,activities/17432382898.fit.gz,,9.0,1599.0,1570.0,8208.9,13.467,5.229,36.0,14.0,169.0,191.4,14.9,0.2,,,,,128.0,106.0,,,175.0,,,4.0,,,,,,,,,,,,,0.0,,1.0,,,,,,,,,,,,,,,,,,,,,,,,,,,,5.134,0.0,,,,,0.0,,,,,,,,,,,,,,,,""
16336364619,"Nov 2, 2025, 7:16:14 PM",Afternoon Tennis,Workout,,7704,4.72,174.0,10,false,,,activities/17421825198.fit.gz,,,7704.0,3205.0,4724.0,19.383,1.474,2.2,4.3,177.8,182.2,6.8,-0.1,,,114.0,59.0,174.0,102.0,,,534.0,,,10.0,,,,,,,,,,,,,0.0,,1.0,,,,,,,,,,,,,,,,,,,,,,,,,,,,0.613,0.0,,,,4682.0,0.0,,,,,,4682.0,,,,,,,,,,""
16297862147,"Oct 29, 2025, 11:19:53 PM",Evening Run,Run,f this wind,4147,14.13,183.0,149,false,"",ASICS gel-kayano 32,activities/17382679788.fit.gz,,,4147.0,4138.0,14133.5,6.28,3.416,140.0,133.0,180.4,198.8,38.0,0.0,,,110.0,79.0,183.0,161.0,,409.0,1062.0,,,149.0,1694825.0,,,,,,,,415.0,4148.0,,,0.0,,1.0,14717.8,,,,,,,,,,,,,,,,25364390.0,,,,,,,,,,,3.408,1460.7,,,,10940.0,0.0,,1121.0,312.0,3.557,,,0.0,,,,,,,,,""
16297083891,"Oct 29, 2025, 10:08:14 PM",Afternoon Ride,Ride,,2147,8.33,141.0,5,false,,,activities/17381897221.fit.gz,,9.0,2147.0,1951.0,8332.7,14.4,4.271,112.0,90.0,177.8,202.2,42.9,0.3,,,,,141.0,107.0,,,244.0,,,5.0,,,,,,,,,,,,,0.0,,1.0,,,,,,,,,,,,,,,,,,,,,,,,,,,,3.881,34.6,,,,,0.0,,,,,,,,,,,,,,,,""
16287519852,"Oct 28, 2025, 11:23:33 PM",Evening Run,Run,Wow left hamstring is still in pain for some reason 😭,2863,7.09,150.0,22,false,,ASICS gel-kayano 32,activities/17372259060.fit.gz,,,2863.0,2467.0,7094.8,5.62,2.876,58.0,62.0,177.4,206.2,40.0,0.0,,,110.0,77.0,150.0,137.0,,333.0,550.0,,,22.0,825536.0,,,,,,,,322.0,2864.0,0.0,,0.0,,1.0,7373.2,,,,,,,,,,,,,,,,25364390.0,,,,,,,,,,,2.478,2493.7,,,,6400.0,0.0,,466.0,242.0,2.989,,,0.0,,,,,,,,,""
16286578334,"Oct 28, 2025, 9:39:05 PM",Afternoon Ride,Ride,,2045,8.33,140.0,6,false,,,activities/17371315014.fit.gz,,9.0,2045.0,1909.0,8331.2,9.32,4.364,78.0,67.0,187.4,213.4,29.0,0.2,,,,,140.0,113.0,,,255.0,,,6.0,,,,,,,,,,,,,0.0,,1.0,,,,,,,,,,,,,,,,,,,,,,,,,,,,4.074,79.6,,,,,0.0,,,,,,,,,,,,,,,,""
16277591553,"Oct 28, 2025, 2:35:32 AM",Night Weight Training,Weight Training,,2293,0,161.0,7,false,,,activities/17362258325.fit.gz,,,2293.0,2293.0,0.0,0.0,0.0,0.0,0.0,0.0,0.0,0.0,0.0,,,,,161.0,109.0,,,271.0,,,7.0,,,,,,,,,,,,,0.0,,1.0,,,,,,,,,,,,,,,,,,,,,,,,,,,,0.0,0.0,,,,,0.0,,,,,,842.0,,,,,,,,,,""
16275812973,"Oct 27, 2025, 9:35:11 PM",First day,Ride,"",1828,8.17,135.0,5,false,,,activities/17360472563.fit.gz,,9.0,1828.0,1685.0,8169.5,10.871,4.848,38.0,17.0,176.8,201.8,47.6,0.3,,,,,135.0,111.0,,,219.0,,,5.0,,,,,,,,,,,,,0.0,,1.0,,,,,,,,,,,,,,,,,,,,,,,,,,,,4.469,72.8,,,,,0.0,,,,,,,0.0,,,,,,,,,""
16256445878,"Oct 25, 2025, 11:02:16 PM",Evening Run,Run,,1874,5.22,161.0,22,false,,ASICS gel-kayano 32,activities/17340828949.fit.gz,,,1874.0,1847.0,5224.4,5.36,2.829,42.0,17.0,156.6,185.2,20.8,0.5,,,82.0,77.0,161.0,142.0,,334.0,405.0,,,22.0,618000.0,,,,,,,,340.0,1875.0,,,0.0,,1.0,5391.8,,,,,,,,,,,,,,,,25364390.0,,,,,,,,,,,2.788,295.5,,,,4792.0,0.0,,340.0,256.0,2.919,,,,,,,,,,,,""
16244596177,"Oct 24, 2025, 7:04:10 PM",Last day,Ride,Bye Wilson sales partnership ,1446,6.18,138.0,4,false,,,activities/17328862963.fit.gz,,9.0,1446.0,1322.0,6183.3,8.3,4.677,57.0,35.0,178.6,207.2,40.8,0.4,,,,,138.0,113.0,,,193.0,,,4.0,,,,,,,,,,,0.0,,0.0,,1.0,,,,,,,,,,,,,,,,,,,,,,,,,,,,4.276,0.0,,,,,0.0,,,,,,,0.0,,,,,,,,,media/a4fce4bb-fa6e-49bc-aa0d-7ae9a8729518.jpg|media/3eba0293-2ee5-401f-bfb8-b1fb9d23f9bb.jpg|media/0056436b-1ffb-4272-a33d-e81aa32800b6.jpg
16227231047,"Oct 22, 2025, 11:02:32 PM",Cooldown,Run,"only 4 of us and two were mandatory to be there lol
[strava://athletes/23498370/13]Ignacio Jasso and I really pull through",1227,3.31,144.0,9,false,"",ASICS gel-kayano 32,activities/17311384986.fit.gz,,,1227.0,1227.0,3315.4,3.2,2.702,14.0,6.0,170.6,185.4,18.0,0.2,,,79.0,77.0,144.0,137.0,,325.0,257.0,,,9.0,397809.0,,,,,,,,326.0,1228.0,,,0.0,,1.0,3386.2,,,,,,,,,,,,,,,,25364390.0,,,,,,,,,,,2.702,795.0,,,,3154.0,0.0,,204.0,245.0,2.76,,,0.0,,,,,,,,,""
16226819735,"Oct 22, 2025, 10:04:36 PM",Afternoon Ride,Ride,,1396,6.07,142.0,5,false,,,activities/17310972901.fit.gz,,9.0,1396.0,1279.0,6075.8,12.14,4.75,32.0,14.0,176.8,199.2,18.2,0.3,,,,,142.0,118.0,,,199.0,,,5.0,,,,,,,,,,,,,0.0,,1.0,,,,,,,,,,,,,,,,,,,,,,,,,,,,4.352,52.6,,,,,0.0,,,,,,,,,,,,,,,,""
16217974641,"Oct 22, 2025, 2:41:29 AM",Night Weight Training,Weight Training,,2351,0,159.0,9,false,,,activities/17302074300.fit.gz,,,2351.0,2351.0,0.0,0.0,0.0,0.0,0.0,0.0,0.0,0.0,0.0,,,,,159.0,115.0,,,306.0,,,9.0,,,,,,,,,,,,,0.0,,1.0,,,,,,,,,,,,,,,,,,,,,,,,,,,,0.0,0.0,,,,,0.0,,,,,,818.0,,,,,,,,,,""
16206350649,"Oct 20, 2025, 11:22:52 PM",Evening Tennis,Workout,"lost 6-7 (8-9) against [strava://athletes/88348816/15]William Hammond 
closest ever to dethrone the dark knight ",3628,2.29,172.0,20,false,"",,activities/17290367606.fit.gz,,,3628.0,2812.0,2293.1,5.275,0.815,0.0,0.0,181.9,182.0,2.5,0.0,,,111.0,60.0,172.0,128.0,,,556.0,,,20.0,,,,,,,,,,,,,0.0,,1.0,,,,,,,,,,,,,,,,,,,,,,,,,,,,0.632,0.0,,,,3670.0,0.0,,,,,,3670.0,0.0,,,,,,,,,""
16205650127,"Oct 20, 2025, 10:25:41 PM",Afternoon Ride,Ride,,1426,6.19,136.0,3,false,,,activities/17289660244.fit.gz,,9.0,1426.0,1254.0,6194.1,9.34,4.939,42.0,29.0,181.8,206.2,19.6,0.2,,,,,136.0,109.0,,,168.0,,,3.0,,,,,,,,,,,,,0.0,,1.0,,,,,,,,,,,,,,,,,,,,,,,,,,,,4.344,0.0,,,,,0.0,,,,,,,,,,,,,,,,""
16193141146,"Oct 19, 2025, 2:38:05 PM",Morning E-Bike Ride,E-Bike Ride,,1050,6.97,130.0,3,false,,,activities/17277104304.fit.gz,,9.0,1050.0,970.0,6972.8,19.52,7.188,94.0,47.0,155.8,206.4,40.9,0.7,,,,,130.0,113.0,,,138.0,,,3.0,,,,,,,,,,,,,0.0,,1.0,,,,,,,,,,,,,,,,,,,,,,,,,,,,6.641,0.0,,,,,0.0,,,,,,,,,,,,,,,,""
16185032230,"Oct 18, 2025, 9:12:34 PM",Afternoon Tennis,Workout,,4770,2.00,174.0,12,false,,,activities/17268854187.fit.gz,,,4770.0,2200.0,2006.2,2.486,0.912,0.0,0.0,181.9,182.0,20.0,0.0,,,114.0,60.0,174.0,114.0,,,475.0,,,12.0,,,,,,,,,,,,,0.0,,1.0,,,,,,,,,,,,,,,,,,,,,,,,,,,,0.421,0.0,,,,3166.0,0.0,,,,,,3166.0,,,,,,,,,,""
16166214081,"Oct 17, 2025, 2:37:41 AM",Night Weight Training,Weight Training,,2261,0,155.0,12,false,,,activities/17249834156.fit.gz,,,2261.0,2261.0,0.0,0.0,0.0,0.0,0.0,0.0,0.0,0.0,0.0,,,,,155.0,118.0,,,307.0,,,12.0,,,,,,,,,,,,,0.0,,1.0,,,,,,,,,,,,,,,,,,,,,,,,,,,,0.0,0.0,,,,,0.0,,,,,,868.0,,,,,,,,,,""
16165329113,"Oct 16, 2025, 10:54:35 PM",Afternoon Ride,Ride,,1383,5.85,135.0,3,false,,,activities/17248936938.fit.gz,,9.0,1383.0,1327.0,5849.6,8.26,4.408,47.0,33.0,187.8,206.8,15.1,0.3,,,,,135.0,103.0,,,145.0,,,3.0,,,,,,,,,,,,,0.0,,1.0,,,,,,,,,,,,,,,,,,,,,,,,,,,,4.23,0.0,,,,,0.0,,,,,,,,,,,,,,,,""
16155664840,"Oct 16, 2025, 2:28:36 AM",Night Weight Training,Weight Training,,1713,0,164.0,4,false,,,activities/17239192450.fit.gz,,,1713.0,1713.0,0.0,0.0,0.0,0.0,0.0,0.0,0.0,0.0,0.0,,,,,164.0,105.0,,,186.0,,,4.0,,,,,,,,,,,,,0.0,,1.0,,,,,,,,,,,,,,,,,,,,,,,,,,,,0.0,0.0,,,,,0.0,,,,,,306.0,,,,,,,,,,""
16154473206,"Oct 15, 2025, 11:05:09 PM",Evening Ride,Ride,,731,3.58,129.0,2,false,,,activities/17237991973.fit.gz,,9.0,731.0,714.0,3582.3,9.08,5.017,29.0,25.0,184.8,193.8,7.5,0.1,,,,,129.0,114.0,,,101.0,,,2.0,,,,,,,,,,,,,0.0,,1.0,,,,,,,,,,,,,,,,,,,,,,,,,,,,4.901,0.0,,,,,0.0,,,,,,,,,,,,,,,,""
16143874808,"Oct 14, 2025, 11:22:04 PM",Evening Run,Run,,3083,7.16,152.0,28,false,,ASICS gel-kayano 32,activities/17227297012.fit.gz,,,3083.0,2685.0,7168.4,6.28,2.67,63.0,51.0,182.8,198.6,27.7,0.1,,,83.0,79.0,152.0,139.0,,325.0,549.0,,,28.0,834785.0,,,,,,,,318.0,2837.0,,,0.0,,1.0,7470.5,,,,,,,,,,,,,,,,25364390.0,,,,,,,,,,,2.325,2490.9,,,,6818.0,0.0,,450.0,239.0,2.782,,,,,,,,,,,,""
16132348992,"Oct 13, 2025, 11:04:53 PM",Evening Ride,Ride,,1350,5.78,112.0,3,false,,,activities/17215679146.fit.gz,,9.0,1350.0,1308.0,5780.2,8.8,4.419,38.0,28.0,178.8,191.8,23.5,0.2,,,,,112.0,96.0,,,119.0,,,3.0,,,,,,,,,,,,,0.0,,1.0,,,,,,,,,,,,,,,,,,,,,,,,,,,,4.282,0.0,,,,,0.0,,,,,,,,,,,,,,,,""
16122109660,"Oct 12, 2025, 9:48:54 PM",Afternoon E-Bike Ride,E-Bike Ride,best post-marathon recovery to date. I wonder if i couldve run a lot faster had i have 3 more weeks of training. I mean like wtf is teh speed im biking lol,1781,9.97,121.0,5,false,"",,activities/17205326882.fit.gz,,9.0,1781.0,1747.0,9977.6,9.629,5.711,54.0,53.0,183.8,199.0,16.5,0.0,,,,,121.0,108.0,,,201.0,,,5.0,,,,,,,,,,,,,0.0,,1.0,,,,,,,,,,,,,,,,,,,,,,,,,,,,5.602,480.6,,,,,0.0,,,,,,,0.0,,,,,,,,,""
16120556078,"Oct 12, 2025, 1:28:20 PM",Thanks Kevin hiner,Run,Cramped twice but managed to get back into running both times within 1 minute ,13649,42.85,185.0,686,false,"",ASICS gel-kayano 32,activities/17203750208.fit.gz,,,13649.0,13440.0,42858.2,14.94,3.189,234.0,209.0,177.6,213.2,26.7,0.1,,,121.0,80.0,185.0,171.0,,363.0,3397.0,,,686.0,4911275.0,,,,,,,,369.0,13650.0,0.0,,0.0,,1.0,43711.0,,,,,,,,,,,,,,,,25364390.0,,,,,,,,,,,3.14,150.9,,,,36430.0,0.0,,2913.0,277.0,3.252,,,0.0,,,,,,,,,media/0ea104b5-6919-4628-80c5-484b1ef79ba4.jpg|media/1576600b-b291-41be-ad0f-0c6dfb5999eb.jpg|media/fe257b77-3d30-4d68-b7f8-1acfa8c3c4ee.jpg|media/44f71ba7-d796-48a6-a535-cca7049ea55b.jpg|media/036aee65-bce7-4ef9-af7c-c01bd44d92a5.mp4|media/13b12355-be86-4c73-b2b0-c10d71c162e4.mp4|media/c5bd3776-a030-4df3-b888-47fa8c8f324a.jpg|media/decd56eb-4649-42fe-a4eb-b4a0bf3be87a.mp4|media/71e322a1-c17d-42b5-8987-ec02ecd6c8da.jpg
16115853513,"Oct 12, 2025, 10:46:46 AM",Morning E-Bike Ride,E-Bike Ride,,1669,9.91,170.0,23,false,,,activities/17198979329.fit.gz,,9.0,1669.0,1577.0,9915.1,9.18,6.287,88.0,78.0,171.8,195.0,14.6,0.1,,,,,170.0,140.0,,,322.0,,,23.0,,,,,,,,,,,,,0.0,,1.0,,,,,,,,,,,,,,,,,,,,,,,,,,,,5.941,0.0,,,,,0.0,,,,,,,,,,,,,,,,""
16108990878,"Oct 11, 2025, 5:04:39 PM",Shakeout Tennis,Workout,Lost to [strava://athletes/88348816/15]William Hammond 3-6,2683,1.44,165.0,9,false,,,activities/17192002277.fit.gz,,,2683.0,1827.0,1442.3,4.18,0.789,0.0,0.0,183.8,183.9,0.7,0.0,,,112.0,62.0,165.0,124.0,,,409.0,,,9.0,,,,,,,,,,,,,0.0,,1.0,,,,,,,,,,,,,,,,,,,,,,,,,,,,0.538,0.0,,,,2516.0,0.0,,,,,,2516.0,0.0,,,,,,,,,""
16107029301,"Oct 11, 2025, 2:27:28 PM",Shakeout,Run,"",1730,5.16,160.0,39,false,,ASICS gel-kayano 32,activities/17190027039.fit.gz,,,1730.0,1721.0,5168.0,5.94,3.003,28.0,18.0,186.6,197.6,22.0,0.2,,,104.0,79.0,160.0,149.0,,354.0,411.0,,,39.0,609688.0,,,,,,,,353.0,1731.0,,,0.0,,1.0,5281.6,,,,,,,,,,,,,,,,25364390.0,,,,,,,,,,,2.987,312.2,,,,4530.0,0.0,,338.0,265.0,3.069,,,0.0,,,,,,,,,""
16100401139,"Oct 10, 2025, 11:30:14 PM",Lemme know if you want a bib on sun day,Ride,Only one ,1864,10.44,151.0,13,false,,,activities/17183310620.fit.gz,,9.0,1864.0,1825.0,10441.0,10.057,5.721,72.0,67.0,180.6,194.6,18.9,0.0,,,,,151.0,131.0,,,336.0,,,13.0,,,,,,,,,,,0.0,,0.0,,1.0,,,,,,,,,,,,,,,,,,,,,,,,,,,,5.601,562.0,,,,,0.0,,,,,,,0.0,,,,,,,,,media/3a329514-0559-4258-8c12-86f5af13cc27.jpg|media/bfa25e18-664c-42fc-9736-46064b43c58a.jpg
16099886720,"Oct 10, 2025, 10:25:41 PM",Afternoon E-Bike Ride,E-Bike Ride,,1364,10.73,158.0,8,false,,,activities/17182792680.fit.gz,,9.0,1364.0,1339.0,10732.8,10.967,8.016,90.0,82.0,174.6,194.4,19.9,0.1,,,,,158.0,124.0,,,226.0,,,8.0,,,,,,,,,,,,,0.0,,1.0,,,,,,,,,,,,,,,,,,,,,,,,,,,,7.869,547.5,,,,,0.0,,,,,,,,,,,,,,,,""
16091241648,"Oct 9, 2025, 11:41:20 PM",Evening Ride,Ride,,1070,5.37,136.0,3,false,,,activities/17174060247.fit.gz,,9.0,1070.0,1070.0,5371.3,7.66,5.02,33.0,18.0,173.2,191.0,13.0,0.3,,,,,136.0,112.0,,,141.0,,,3.0,,,,,,,,,,,,,0.0,,1.0,,,,,,,,,,,,,,,,,,,,,,,,,,,,5.02,0.0,,,,,0.0,,,,,,,,,,,,,,,,""
16069671394,"Oct 7, 2025, 10:48:41 PM",The Virginians,Run,"Didn't have time to do 16 sets of quarters so 10 will do. 
",5033,15.24,173.0,96,false,,ASICS gel-kayano 32,activities/17152288838.fit.gz,,,5033.0,4789.0,15240.7,8.44,3.182,83.0,61.0,159.8,187.0,35.0,0.1,,,87.0,80.0,173.0,150.0,,384.0,1138.0,,,96.0,1801860.0,,,,,,,,390.0,4994.0,0.0,,0.0,,1.0,15622.1,,,,,,,,,,,,,,,,25364390.0,,,,,,,,,,,3.028,3999.9,,,,12388.0,0.0,,1191.0,293.0,3.262,,,0.0,,,,,,,,,media/32b1e8f6-83b4-4cbc-b949-dda8854104f9.jpg|media/e7e472b8-c472-445b-be23-ad30b695f5d8.jpg
16058597101,"Oct 7, 2025, 2:38:50 AM",Bro strange is injured. It's not fair 😭,Workout,Fandeul give me my money ,2176,0,173.0,12,false,,,activities/17141116614.fit.gz,,,2176.0,2176.0,0.0,0.0,0.0,0.0,0.0,0.0,0.0,0.0,0.0,,,,,173.0,121.0,,,318.0,,,12.0,,,,,,,,,,,0.0,,0.0,,1.0,,,,,,,,,,,,,,,,,,,,,,,,,,,,0.0,0.0,,,,,0.0,,,,,,732.0,0.0,,,,,,,,,media/9f889e97-cb07-4fb8-b131-24a453bea904.jpg
16056976511,"Oct 6, 2025, 10:30:30 PM",Afternoon Ride,Ride,"Nothing makes you bike home faster from work than carrying your work laptop while the rain can pour anytime during the ride 
Also if you don't need your lettuce eats points, feel free to send it my way. Thanks 👍",1219,5.87,142.0,4,false,,,activities/17139484094.fit.gz,,9.0,1219.0,1176.0,5873.1,9.81,4.994,35.0,26.0,176.4,190.0,40.0,0.2,,,,,142.0,115.0,,,164.0,,,4.0,,,,,,,,,,,0.0,,0.0,,1.0,,,,,,,,,,,,,,,,,,,,,,,,,,,,4.818,60.8,,,,,0.0,,,,,,,0.0,,,,,,,,,media/7c65f252-4665-455f-9d7f-95f97b0bca22.jpg
16055061567,"Oct 6, 2025, 6:36:30 PM",Afternoon Ride,Ride,Had a lunch interview with CEO but then he ended up giving me a bunch of entrepreneur tips ,549,1.95,121.0,1,false,,,activities/17137563465.fit.gz,,9.0,549.0,462.0,1953.2,9.4,4.228,19.0,8.0,205.4,218.0,14.1,0.6,,,,,121.0,102.0,,,59.0,,,1.0,,,,,,,,,,,,,0.0,,1.0,,,,,,,,,,,,,,,,,,,,,,,,,,,,3.558,0.0,,,,,0.0,,,,,,,0.0,,,,,,,,,""
16046607250,"Oct 5, 2025, 9:24:08 PM",First doubles of the season,Workout,"[strava://athletes/88348816/15]William Hammond 
[strava://athletes/18720631/15]Harrison Powell ",2509,0.98,195.0,3,false,,,activities/17129001556.fit.gz,,,2509.0,1309.0,981.0,3.82,0.749,0.0,0.0,179.0,179.5,2.4,0.0,,,119.0,60.0,195.0,106.0,,,255.0,,,3.0,,,,,,,,,,,0.0,,0.0,,1.0,,,,,,,,,,,,,,,,,,,,,,,,,,,,0.391,0.0,,,,1520.0,0.0,,,,,,1520.0,0.0,,,,,,,,,""
16035203658,"Oct 4, 2025, 10:37:33 PM",Afternoon Ride,Ride,,1143,5.22,133.0,3,false,,,activities/17117410793.fit.gz,,9.0,1143.0,990.0,5221.5,8.586,5.274,22.0,19.0,178.2,186.4,21.3,0.1,,,,,133.0,115.0,,,155.0,,,3.0,,,,,,,,,,,,,0.0,,1.0,,,,,,,,,,,,,,,,,,,,,,,,,,,,4.568,0.0,,,,,0.0,,,,,,,,,,,,,,,,""
16033239829,"Oct 4, 2025, 5:12:17 PM",Lunch Ride,Ride,,1552,6.88,141.0,8,false,,,activities/17115418886.fit.gz,,9.0,1552.0,1474.0,6885.6,9.797,4.671,39.0,31.0,174.4,190.0,16.5,0.1,,,,,141.0,125.0,,,251.0,,,8.0,,,,,,,,,,,,,0.0,,1.0,,,,,,,,,,,,,,,,,,,,,,,,,,,,4.437,513.5,,,,,0.0,,,,,,,,,,,,,,,,""
16030408811,"Oct 4, 2025, 11:41:21 AM",Thanks JB for pacing,Run,Turns out im not running for a friend of a friend: im running for a friend of a friend of a friend,6009,16.36,149.0,37,false,"",ASICS gel-kayano 32,activities/17112557234.fit.gz,,,6009.0,5633.0,16363.3,5.4,2.905,94.0,88.0,173.0,190.8,22.0,0.0,,,84.0,79.0,149.0,136.0,,336.0,1256.0,,,37.0,1889157.0,,,,,,,,330.0,6010.0,,,0.0,,1.0,16684.6,,,,,,,,,,,,,,,,25364390.0,,,,,,,,,,,2.723,6657.8,,,,14986.0,0.0,,1027.0,248.0,2.962,,,0.0,,,,,,,,,media/8262f478-6779-4bed-8a2a-4e6a8c24f281.jpg
16024912943,"Oct 3, 2025, 11:03:05 PM",Evening Run,Run,We got loud luxuary at Lincoln Park TN ,2869,8.95,164.0,51,false,,ASICS gel-kayano 32,activities/17106970035.fit.gz,,,2869.0,2859.0,8950.6,5.34,3.131,43.0,39.0,170.6,183.2,20.9,0.1,,,107.0,78.0,164.0,146.0,,367.0,671.0,,,51.0,1047362.0,,,,,,,,370.0,2870.0,,,0.0,,1.0,9094.9,,,,,,,,,,,,,,,,25364390.0,,,,,,,,,,,3.12,0.0,,,,7436.0,0.0,,616.0,278.0,3.181,,,0.0,,,,,,,,,media/3aae7ff1-8e42-425c-a2aa-150f11839131.mp4
16016242693,"Oct 3, 2025, 2:02:59 AM",Night Tennis,Workout,,3334,2.38,173.0,25,false,,,activities/17098176821.fit.gz,,,3334.0,2782.0,2383.7,7.575,0.857,0.0,0.0,179.0,179.6,3.6,0.0,,,123.0,62.0,173.0,133.0,,,564.0,,,25.0,,,,,,,,,,,,,0.0,,1.0,,,,,,,,,,,,,,,,,,,,,,,,,,,,0.715,0.0,,,,3588.0,0.0,,,,,,3588.0,,,,,,,,,,""
16014878925,"Oct 2, 2025, 10:26:38 PM",Afternoon Ride,Ride,,2351,6.15,128.0,3,false,,,activities/17096794350.fit.gz,,9.0,2351.0,1340.0,6150.3,10.02,4.59,44.0,28.0,177.0,193.8,20.0,0.2,,,,,128.0,103.0,,,139.0,,,3.0,,,,,,,,,,,,,0.0,,1.0,,,,,,,,,,,,,,,,,,,,,,,,,,,,2.616,0.0,,,,,0.0,,,,,,,,,,,,,,,,""
16005393729,"Oct 2, 2025, 2:28:49 AM",Night Pickleball,Workout,[strava://athletes/163399981/11]Med Frezghi ,515,0.26,156.0,3,false,,,activities/17087190913.fit.gz,,,515.0,386.0,264.5,2.675,0.685,0.0,0.0,181.0,181.2,1.7,0.0,,,101.0,54.0,156.0,130.0,,,88.0,,,3.0,,,,,,,,,,,,,0.0,,1.0,,,,,,,,,,,,,,,,,,,,,,,,,,,,0.514,0.0,,,,454.0,0.0,,,,,,454.0,0.0,,,,,,,,,""
16004552530,"Oct 1, 2025, 11:28:52 PM",Evening Run,Run,,2888,9.90,182.0,116,false,,ASICS gel-kayano 32,activities/17086337114.fit.gz,,,2888.0,2877.0,9905.9,5.16,3.443,44.0,36.0,174.0,188.4,30.0,0.1,,,99.0,80.0,182.0,165.0,,403.0,758.0,,,116.0,1161588.0,,,,,,,,407.0,2889.0,,,0.0,,1.0,10071.1,,,,,,,,,,,,,,,,25364390.0,,,,,,,,,,,3.43,1695.6,,,,7630.0,0.0,,751.0,306.0,3.501,,,,,,,,,,,,""
16003896621,"Oct 1, 2025, 10:22:13 PM",Afternoon Ride,Ride,,1458,5.98,127.0,3,false,,,activities/17085673757.fit.gz,,9.0,1458.0,1309.0,5980.5,8.72,4.569,37.0,28.0,176.6,191.2,33.3,0.2,,,,,127.0,96.0,,,128.0,,,3.0,,,,,,,,,,,,,0.0,,1.0,,,,,,,,,,,,,,,,,,,,,,,,,,,,4.102,59.0,,,,,0.0,,,,,,,,,,,,,,,,""
15993141591,"Sep 30, 2025, 11:24:18 PM",Evening Run,Run,Testing out my physicality anytime I can before this week is over even tho taper was supposed to start 3 days ago ,3226,8.24,162.0,35,false,,ASICS gel-kayano 32,activities/17074781499.fit.gz,,,3226.0,2836.0,8247.6,5.68,2.908,36.0,52.0,179.2,208.2,19.6,-0.2,,,85.0,79.0,162.0,141.0,,337.0,644.0,,,35.0,960455.0,,,,,,,,333.0,3227.0,0.0,,0.0,,1.0,8336.7,,,,,,,,,,,,,,,,25364390.0,,,,,,,,,,,2.557,2948.3,,,,7514.0,0.0,,561.0,250.0,2.94,,,0.0,,,,,,,,,""
15982408798,"Sep 30, 2025, 3:03:12 AM",Last minute chicago marathon,Weight Training,something about chicago marathon where i always find out im running it two weeks beforehand ,2201,0,166.0,21,false,"",,activities/17063926481.fit.gz,,,2201.0,2201.0,0.0,0.0,0.0,0.0,0.0,0.0,0.0,0.0,0.0,,,,,166.0,130.0,,,366.0,,,21.0,,,,,,,,,,,,,0.0,,1.0,,,,,,,,,,,,,,,,,,,,,,,,,,,,0.0,0.0,,,,,0.0,,,,,,774.0,0.0,,,,,,,,,""
15981356082,"Sep 29, 2025, 11:31:40 PM",Evening Tennis,Workout,,1821,0.95,163.0,3,false,,,activities/17062856252.fit.gz,,,1821.0,1186.0,952.9,4.414,0.803,0.0,0.0,179.0,179.9,2.0,0.0,,,94.0,61.0,163.0,108.0,,,197.0,,,3.0,,,,,,,,,,,,,0.0,,1.0,,,,,,,,,,,,,,,,,,,,,,,,,,,,0.523,0.0,,,,1822.0,0.0,,,,,,1822.0,,,,,,,,,,""
15980332544,"Sep 29, 2025, 9:40:18 PM",Afternoon Ride,Ride,,1331,6.21,133.0,3,false,,,activities/17061824844.fit.gz,,9.0,1331.0,1257.0,6216.0,9.217,4.945,36.0,30.0,173.8,185.2,24.4,0.1,,,,,133.0,105.0,,,144.0,,,3.0,,,,,,,,,,,,,0.0,,1.0,,,,,,,,,,,,,,,,,,,,,,,,,,,,4.67,0.0,,,,,0.0,,,,,,,,,,,,,,,,""
15970488271,"Sep 28, 2025, 10:33:37 PM",Afternoon Tennis,Workout,best hittin  session ive ever had to date. I can now apply my real force onto the ball and the shot wouldn't go out while landing in a reasonable depth. Still very far away from beating a former hs varsity player but wow that was exhilarating ,1700,0.91,147.0,3,false,"",,activities/17051823585.fit.gz,,,1700.0,1187.0,911.4,2.08,0.768,0.0,0.0,182.2,182.2,0.0,0.0,,,112.0,60.0,147.0,110.0,,,195.0,,,3.0,,,,,,,,,,,,,0.0,,1.0,,,,,,,,,,,,,,,,,,,,,,,,,,,,0.536,0.0,,,,1672.0,0.0,,,,,,1672.0,0.0,,,,,,,,,""
15958199376,"Sep 27, 2025, 10:08:32 PM",Afternoon E-Bike Ride,E-Bike Ride,"",2180,12.60,134.0,6,false,,,activities/17039235893.fit.gz,,9.0,2180.0,1978.0,12608.0,9.52,6.374,95.0,78.0,158.8,193.0,50.0,0.1,,,,,134.0,114.0,,,272.0,,,6.0,,,,,,,,,,,0.0,,0.0,,1.0,,,,,,,,,,,,,,,,,,,,,,,,,,,,5.783,569.2,,,,,0.0,,,,,,,0.0,,,,,,,,,media/60f0f414-fe55-46a4-997a-05821df38468.jpg|media/4bf02ace-d6ad-4224-9ccb-44a9b2af4106.jpg|media/2c255a47-bfb5-4d05-8876-363a0ce0b9ea.jpg|media/8a05bf95-978e-4952-9226-018e746823f7.jpg|media/e8e6869e-6d9e-4039-a2da-d5c5104152b6.jpg
15953084852,"Sep 27, 2025, 11:40:03 AM",Did I just get a free bib to Chicago Marathon?,Run,Ran into my former ces pacer and she said her friend can't go and see if I want to run it on behalf of her friend ,5740,16.12,171.0,64,false,,ASICS gel-kayano 32,activities/17034007330.fit.gz,,,5740.0,5440.0,16128.2,4.7,2.965,78.0,67.0,173.8,187.8,33.3,0.1,,,84.0,80.0,171.0,141.0,,339.0,1226.0,,,64.0,1847548.0,,,,,,,,336.0,5741.0,,,0.0,,1.0,16446.1,,,,,,,,,,,,,,,,25364390.0,,,,,,,,,,,2.81,6261.1,,,,14584.0,0.0,,1019.0,253.0,3.023,,,0.0,,,,,,,,,""
15946614624,"Sep 26, 2025, 9:05:11 PM",Afternoon Tennis,Workout,謝謝山東大叔的指導🫡,4206,2.72,179.0,58,false,,,activities/17027371557.fit.gz,,,4206.0,3267.0,2727.3,3.95,0.835,0.0,0.0,178.4,178.8,4.2,0.0,,,110.0,62.0,179.0,146.0,,,778.0,,,58.0,,,,,,,,,,,0.0,,0.0,,1.0,,,,,,,,,,,,,,,,,,,,,,,,,,,,0.648,0.0,,,,4998.0,0.0,,,,,,4998.0,0.0,,,,,,,,,""
15938132461,"Sep 26, 2025, 1:06:34 AM",Evening Ride,Ride,,1509,8.99,153.0,15,false,,,activities/17018682561.fit.gz,,9.0,1509.0,1509.0,8989.0,9.42,5.957,30.0,45.0,182.8,207.2,12.9,-0.2,,,,,153.0,135.0,,,294.0,,,15.0,,,,,,,,,,,,,0.0,,1.0,,,,,,,,,,,,,,,,,,,,,,,,,,,,5.957,556.2,,,,,0.0,,,,,,,,,,,,,,,,""
15926923296,"Sep 24, 2025, 11:10:08 PM",Garmin said so,Run,"10 min WU @ 9:10
20:00 at 7:15 (omg i suddenly remember i shouldve stretched beforehand during this)
10 min CD @ 9:10
Short workout but wow it hits different ",2408,8.17,181.0,89,true,"",ASICS gel-kayano 32,activities/17007227410.fit.gz,,,2408.0,2408.0,8171.3,4.94,3.393,44.0,34.0,169.6,189.8,29.2,0.1,,,114.0,79.0,181.0,161.0,,407.0,618.0,,,89.0,980576.0,,,,,,,,415.0,2409.0,,,1.0,,1.0,8357.6,,,,,,,,,,,,,,,,25364390.0,,,,,,,,,,,3.393,1697.7,,,,6360.0,1.78,,651.0,312.0,3.471,,,0.0,,,,,,,,,""
15926532571,"Sep 24, 2025, 10:22:55 PM",Afternoon Ride,Ride,,1138,5.04,115.0,2,false,,,activities/17006831947.fit.gz,,9.0,1138.0,1081.0,5040.1,7.383,4.662,41.0,33.0,179.6,193.0,18.6,0.2,,,,,115.0,102.0,,,115.0,,,2.0,,,,,,,,,,,,,0.0,,1.0,,,,,,,,,,,,,,,,,,,,,,,,,,,,4.429,0.0,,,,,0.0,,,,,,,,,,,,,,,,""
15916025107,"Sep 23, 2025, 11:24:10 PM",Evening Run,Run,,3476,8.23,175.0,29,false,,ASICS gel-kayano 32,activities/16996038178.fit.gz,,,3476.0,2904.0,8236.2,5.987,2.836,61.0,61.0,180.4,211.4,40.4,-0.1,,,103.0,79.0,175.0,139.0,,337.0,647.0,,,29.0,982481.0,,,,,,,,330.0,3477.0,,,0.0,,1.0,8449.7,,,,,,,,,,,,,,,,25364390.0,,,,,,,,,,,2.369,2956.9,,,,7732.0,0.0,,594.0,248.0,2.91,,,,,,,,,,,,""
15905145977,"Sep 23, 2025, 2:24:49 AM",Night Weight Training,Weight Training,,2195,0,172.0,15,false,,,activities/16984920642.fit.gz,,,2195.0,2195.0,0.0,0.0,0.0,0.0,0.0,0.0,0.0,0.0,0.0,,,,,172.0,122.0,,,330.0,,,15.0,,,,,,,,,,,,,0.0,,1.0,,,,,,,,,,,,,,,,,,,,,,,,,,,,0.0,0.0,,,,,0.0,,,,,,658.0,,,,,,,,,,""
15889624870,"Sep 21, 2025, 2:35:41 PM",Morning Tennis,Workout,,1606,0.98,160.0,5,false,,,activities/16968999573.fit.gz,,,1606.0,1160.0,985.0,2.2,0.849,0.0,0.0,178.3,179.6,9.1,0.1,,,114.0,61.0,160.0,123.0,,,236.0,,,5.0,,,,,,,,,,,,,0.0,,1.0,,,,,,,,,,,,,,,,,,,,,,,,,,,,0.613,0.0,,,,1686.0,0.0,,,,,,1686.0,,,,,,,,,,""
15880493626,"Sep 20, 2025, 7:51:03 PM",Afternoon Ride,Ride,,1639,7.33,142.0,11,false,,,activities/16959581447.fit.gz,,9.0,1639.0,1591.0,7336.1,20.411,4.611,18.0,18.0,177.8,186.8,7.3,0.0,,,,,142.0,131.0,,,296.0,,,11.0,,,,,,,,,,,,,0.0,,1.0,,,,,,,,,,,,,,,,,,,,,,,,,,,,4.476,569.8,,,,,0.0,,,,,,,,,,,,,,,,""
15866086531,"Sep 19, 2025, 12:19:15 PM",First long run to the ghetto,Run,"What am I training for? Uh idk, Annette's? Not being pre diabetic ? ",10505,32.22,183.0,476,false,,ASICS gel-kayano 32,activities/16944780606.fit.gz,,,10505.0,10096.0,32226.0,9.18,3.192,229.0,201.0,162.6,196.8,31.9,0.1,,,119.0,78.0,183.0,169.0,,366.0,2624.0,,,476.0,3698798.0,,,,,,,,368.0,10505.0,,,0.0,,1.0,32972.6,,,,,,,,,,,,,,,,25364390.0,,,,,,,,,,,3.068,2504.5,,,,26258.0,0.0,,2236.0,277.0,3.266,,,0.0,,,,,,,,,media/1cd41dda-a450-4b6f-93f3-b5404d6e64a9.jpg
15860860284,"Sep 19, 2025, 2:30:22 AM",Night Ride,Ride,,841,3.33,148.0,5,false,,,activities/16939402370.fit.gz,,9.0,841.0,774.0,3329.2,6.775,4.301,18.0,10.0,177.0,186.2,8.6,0.2,,,,,148.0,131.0,,,157.0,,,5.0,,,,,,,,,,,,,0.0,,1.0,,,,,,,,,,,,,,,,,,,,,,,,,,,,3.959,0.0,,,,,0.0,,,,,,,,,,,,,,,,""
15859969288,"Sep 18, 2025, 11:53:28 PM",Evening Ride,Ride,,1136,5.23,136.0,3,false,,,activities/16938486789.fit.gz,,9.0,1136.0,1047.0,5235.6,7.58,5.001,20.0,16.0,181.4,189.8,12.5,0.1,,,,,136.0,119.0,,,170.0,,,3.0,,,,,,,,,,,,,0.0,,1.0,,,,,,,,,,,,,,,,,,,,,,,,,,,,4.609,0.0,,,,,0.0,,,,,,,,,,,,,,,,""
15859502328,"Sep 18, 2025, 10:40:47 PM",Afternoon Run,Run,,1984,6.43,176.0,73,false,,ASICS gel-kayano 32,activities/16938011867.fit.gz,,,1984.0,1942.0,6432.4,7.2,3.312,31.0,23.0,174.0,185.8,17.6,0.1,,,108.0,78.0,176.0,163.0,,379.0,506.0,,,73.0,737196.0,,,,,,,,382.0,1985.0,,,0.0,,1.0,6557.5,,,,,,,,,,,,,,,,25364390.0,,,,,,,,,,,3.242,1119.4,,,,5068.0,0.0,,454.0,287.0,3.377,,,,,,,,,,,,""
15859031944,"Sep 18, 2025, 9:55:30 PM",Afternoon Ride,Ride,,1305,5.84,132.0,3,false,,,activities/16937536552.fit.gz,,9.0,1305.0,1200.0,5839.3,9.98,4.866,29.0,26.0,187.4,197.2,41.7,0.1,,,,,132.0,110.0,,,156.0,,,3.0,,,,,,,,,,,,,0.0,,1.0,,,,,,,,,,,,,,,,,,,,,,,,,,,,4.475,0.0,,,,,0.0,,,,,,,,,,,,,,,,""
15849439208,"Sep 18, 2025, 12:58:55 AM",Evening Pickleball,Workout,Moms first pickleball sesh ,5278,1.61,150.0,5,false,,,activities/16927697341.fit.gz,,,5278.0,1995.0,1618.8,7.938,0.811,0.0,0.0,180.0,181.3,2.4,0.0,,,120.0,60.0,150.0,98.0,,,427.0,,,5.0,,,,,,,,,,,0.0,,0.0,,1.0,,,,,,,,,,,,,,,,,,,,,,,,,,,,0.307,0.0,,,,2928.0,0.0,,,,,,2928.0,0.0,,,,,,,,,""
15847908533,"Sep 17, 2025, 10:15:49 PM",Afternoon Ride,Ride,,1331,6.10,135.0,3,false,,,activities/16926135097.fit.gz,,9.0,1331.0,1213.0,6106.7,10.9,5.034,38.0,27.0,176.0,188.2,42.9,0.2,,,,,135.0,107.0,,,151.0,,,3.0,,,,,,,,,,,,,0.0,,1.0,,,,,,,,,,,,,,,,,,,,,,,,,,,,4.588,0.0,,,,,0.0,,,,,,,,,,,,,,,,""
15837294901,"Sep 16, 2025, 11:26:22 PM",Evening Run,Run,,3164,8.18,163.0,50,false,,ASICS gel-kayano 32,activities/16915248444.fit.gz,,,3164.0,2801.0,8185.1,6.34,2.922,39.0,46.0,178.4,207.2,49.5,-0.1,,,111.0,78.0,163.0,146.0,,340.0,657.0,,,50.0,956108.0,,,,,,,,335.0,3164.0,,,0.0,,1.0,8313.2,,,,,,,,,,,,,,,,25364390.0,,,,,,,,,,,2.587,2942.1,,,,7366.0,0.0,,557.0,252.0,2.968,,,,,,,,,,,,""
15826271805,"Sep 16, 2025, 2:30:49 AM",Night Weight Training,Workout,My gym added a college 3-point line during renovation 🥹🫡🤗,2362,0,170.0,16,false,,,activities/16903934641.fit.gz,,,2362.0,2362.0,0.0,0.0,0.0,0.0,0.0,0.0,0.0,0.0,0.0,,,,,170.0,122.0,,,332.0,,,16.0,,,,,,,,,,,,,0.0,,1.0,,,,,,,,,,,,,,,,,,,,,,,,,,,,0.0,0.0,,,,,0.0,,,,,,824.0,0.0,,,,,,,,,media/6653eaa0-b57f-4de8-9c86-bb22f390b9cf.mp4
15824811323,"Sep 15, 2025, 10:52:15 PM",Afternoon Ride,Ride,,1267,5.97,126.0,3,false,,,activities/16902432964.fit.gz,,9.0,1267.0,1169.0,5971.3,11.84,5.108,37.0,34.0,191.8,202.0,35.7,0.1,,,,,126.0,105.0,,,135.0,,,3.0,,,,,,,,,,,,,0.0,,1.0,,,,,,,,,,,,,,,,,,,,,,,,,,,,4.713,52.5,,,,,0.0,,,,,,,,,,,,,,,,""
15814566190,"Sep 14, 2025, 10:27:29 PM",We got clay court at home,Workout,First time playing in diversey tennis center after living around it for the last 4 years. Turns out I don't need to be in a different tax bracket to play in it ,5975,4.80,187.0,31,false,,,activities/16891782322.fit.gz,,,5975.0,3737.0,4806.4,8.843,1.286,0.0,5.0,178.1,183.2,2.4,-0.1,,,114.0,61.0,187.0,129.0,,,793.0,,,31.0,,,,,,,,,,,0.0,,0.0,,1.0,,,,,,,,,,,,,,,,,,,,,,,,,,,,0.804,0.0,,,,5040.0,0.0,,,,,,5040.0,0.0,,,,,,,,,media/a68263f8-7a0a-403d-b598-369983a6083c.mp4
15813822785,"Sep 14, 2025, 9:29:57 PM",Afternoon Ride,Ride,,782,3.50,142.0,3,false,,,activities/16891002239.fit.gz,,9.0,782.0,766.0,3503.3,6.483,4.573,19.0,5.0,173.2,191.2,25.0,0.5,,,,,142.0,120.0,,,123.0,,,3.0,,,,,,,,,,,,,0.0,,1.0,,,,,,,,,,,,,,,,,,,,,,,,,,,,4.48,0.0,,,,,0.0,,,,,,,,,,,,,,,,""
15797391618,"Sep 13, 2025, 1:24:33 PM",Make it up to 10,Run,Was on the bus home then I saw a few people are still running. I'm thinking I'm already soaked and the wind seemed to die down a bit 🤷,1424,4.20,177.0,36,false,,ASICS gel-kayano 32,activities/16873766587.fit.gz,,,1424.0,1377.0,4208.4,7.46,3.056,94.0,93.0,178.8,197.0,44.9,0.1,,,123.0,78.0,177.0,154.0,,333.0,334.0,,,36.0,460528.0,,,,,,,,331.0,1425.0,,,0.0,,1.0,4830.1,,,,,,,,,,,,,,,,25364390.0,,,,,,,,,,,2.955,0.0,,,,3618.0,0.0,,245.0,249.0,3.508,,,0.0,,,,,,,,,""
15796758274,"Sep 13, 2025, 11:36:45 AM",Storm run,Run,"For once in a while, the meteorologist was accurate about the rain ",4632,11.91,165.0,26,false,,ASICS gel-kayano 32,activities/16873105310.fit.gz,,,4632.0,4117.0,11916.3,5.68,2.894,119.0,130.0,153.8,192.8,49.0,-0.1,,,99.0,79.0,165.0,134.0,,330.0,898.0,,,26.0,1360995.0,,,,,,,,321.0,4633.0,0.0,,0.0,,1.0,12662.9,,,,,,,,,,,,,,,,25364390.0,,,,,,,,,,,2.573,3912.9,,,,10878.0,0.0,,748.0,241.0,3.076,,,0.0,,,,,,,,,media/bede10c8-ee45-474a-b6db-fa9c3d5cafc6.jpg|media/53ce584f-5a29-4bb6-84c3-c22015bcb5c6.mp4
15792716682,"Sep 13, 2025, 5:43:47 AM",Night Ride,Ride,,820,4.12,131.0,2,false,,,activities/16868854266.fit.gz,,9.0,820.0,820.0,4124.9,6.8,5.03,14.0,20.0,185.0,194.4,11.6,-0.2,,,,,131.0,119.0,,,126.0,,,2.0,,,,,,,,,,,,,0.0,,1.0,,,,,,,,,,,,,,,,,,,,,,,,,,,,5.03,0.0,,,,,0.0,,,,,,,,,,,,,,,,""
15781980250,"Sep 12, 2025, 2:04:01 AM",Night Ride,Ride,,2639,11.98,148.0,11,false,,,activities/16857427155.fit.gz,,9.0,2639.0,2509.0,11981.8,7.8,4.776,65.0,76.0,175.0,201.8,20.0,-0.1,,,,,148.0,121.0,,,363.0,,,11.0,,,,,,,,,,,,,0.0,,1.0,,,,,,,,,,,,,,,,,,,,,,,,,,,,4.54,0.0,,,,,0.0,,,,,,,,,,,,,,,,""
15781755444,"Sep 11, 2025, 10:40:02 PM",Afternoon Run,Run,,1915,6.71,175.0,59,false,,ASICS gel-kayano 32,activities/16857181405.fit.gz,,,1915.0,1910.0,6717.0,7.34,3.517,34.0,32.0,173.8,185.0,16.2,0.0,,,88.0,79.0,175.0,157.0,,416.0,483.0,,,59.0,791164.0,,,,,,,,422.0,1917.0,,,0.0,,1.0,6853.5,,,,,,,,,,,,,,,,25364390.0,,,,,,,,,,,3.508,1082.2,,,,5002.0,0.0,,535.0,317.0,3.588,,,,,,,,,,,,""
15780188092,"Sep 11, 2025, 9:52:49 PM",Afternoon Ride,Ride,,1438,6.19,139.0,4,false,,,activities/16855530266.fit.gz,,9.0,1438.0,1253.0,6191.6,9.233,4.941,76.0,60.0,180.6,198.2,30.5,0.2,,,,,139.0,113.0,,,186.0,,,4.0,,,,,,,,,,,,,0.0,,1.0,,,,,,,,,,,,,,,,,,,,,,,,,,,,4.306,0.0,,,,,0.0,,,,,,,,,,,,,,,,""
15770489115,"Sep 11, 2025, 12:46:41 AM",Evening Ride,Ride,,898,4.19,147.0,4,false,,,activities/16845264448.fit.gz,,9.0,898.0,841.0,4196.2,8.067,4.99,28.0,23.0,176.2,190.2,13.8,0.1,,,,,147.0,126.0,,,157.0,,,4.0,,,,,,,,,,,,,0.0,,1.0,,,,,,,,,,,,,,,,,,,,,,,,,,,,4.673,0.0,,,,,0.0,,,,,,,,,,,,,,,,""
15769952502,"Sep 10, 2025, 10:58:45 PM",Afternoon Tennis,Workout,,3809,2.43,174.0,31,false,,,activities/16844696096.fit.gz,,,3809.0,3513.0,2431.1,2.6,0.692,0.0,0.0,178.6,179.0,2.8,0.0,,,123.0,61.0,174.0,132.0,,,617.0,,,31.0,,,,,,,,,,,,,0.0,,1.0,,,,,,,,,,,,,,,,,,,,,,,,,,,,0.638,0.0,,,,4466.0,0.0,,,,,,4466.0,,,,,,,,,,""
15769944535,"Sep 10, 2025, 10:12:03 PM",Afternoon Ride,Ride,,1350,5.73,144.0,3,false,,,activities/16844687819.fit.gz,,9.0,1350.0,1083.0,5735.7,9.4,5.296,34.0,22.0,180.4,194.4,19.0,0.2,,,,,144.0,113.0,,,168.0,,,3.0,,,,,,,,,,,,,0.0,,1.0,,,,,,,,,,,,,,,,,,,,,,,,,,,,4.249,48.7,,,,,0.0,,,,,,,,,,,,,,,,""
15758611157,"Sep 9, 2025, 11:26:51 PM",sparkling chocolate milk seltzer surge,Run,talked some business with luis and we think this is the next big thing. People nowadays are obsessed with anything protein related and sparkling water. Now what if we combine all of them ?,2968,8.16,170.0,52,false,"",ASICS gel-kayano 32,activities/16832729883.fit.gz,,,2968.0,2656.0,8162.3,11.81,3.073,48.0,53.0,178.4,200.2,26.4,0.0,,,82.0,78.0,170.0,147.0,,351.0,644.0,,,52.0,936535.0,,,,,,,,341.0,2969.0,,,0.0,,1.0,8315.1,,,,,,,,,,,,,,,,25364390.0,,,,,,,,,,,2.75,2946.1,,,,6988.0,0.0,,541.0,256.0,3.131,,,0.0,,,,,,,,,""
15757838583,"Sep 9, 2025, 10:08:55 PM",Afternoon Tennis,Workout,hit some pretty good rallies today with [strava://athletes/88348816/15]William Hammond and timi ,3042,1.67,158.0,6,false,"",,activities/16831923264.fit.gz,,,3042.0,1895.0,1677.1,3.38,0.885,0.0,0.0,178.7,178.8,2.3,0.0,,,110.0,60.0,158.0,111.0,,,341.0,,,6.0,,,,,,,,,,,,,0.0,,1.0,,,,,,,,,,,,,,,,,,,,,,,,,,,,0.551,0.0,,,,2774.0,0.0,,,,,,2774.0,0.0,,,,,,,,,""
15745510126,"Sep 8, 2025, 10:29:10 PM",Afternoon Ride,Ride,,1193,5.50,123.0,3,false,,,activities/16818932360.fit.gz,,9.0,1193.0,1002.0,5508.0,9.48,5.497,31.0,31.0,189.8,207.8,36.4,0.0,,,,,123.0,110.0,,,136.0,,,3.0,,,,,,,,,,,,,0.0,,1.0,,,,,,,,,,,,,,,,,,,,,,,,,,,,4.617,85.7,,,,,0.0,,,,,,,,,,,,,,,,""
15735193211,"Sep 7, 2025, 11:51:16 PM",Evening Run,Run,,1926,5.40,145.0,16,false,,ASICS gel-kayano 32,activities/16807997670.fit.gz,,,1926.0,1911.0,5399.9,4.58,2.826,38.0,18.0,163.2,186.2,20.0,0.4,,,82.0,78.0,145.0,138.0,,332.0,412.0,,,16.0,637813.0,,,,,,,,331.0,1927.0,,,0.0,,1.0,5534.1,,,,,,,,,,,,,,,,25364390.0,,,,,,,,,,,2.804,2204.9,,,,5004.0,0.0,,331.0,249.0,2.896,,,,,,,,,,,,""
15734997265,"Sep 7, 2025, 11:23:18 PM",Evening Ride,Ride,,965,4.76,127.0,2,false,,,activities/16807786935.fit.gz,,9.0,965.0,965.0,4764.0,8.883,4.937,18.0,4.0,288.6,302.6,9.3,0.3,,,,,127.0,109.0,,,116.0,,,2.0,,,,,,,,,,,,,0.0,,1.0,,,,,,,,,,,,,,,,,,,,,,,,,,,,4.937,0.0,,,,,0.0,,,,,,,,,,,,,,,,""
15733922410,"Sep 7, 2025, 8:01:43 PM",Afternoon Ride,Ride,,999,4.47,135.0,3,false,,,activities/16806636119.fit.gz,,9.0,999.0,895.0,4478.9,7.5,5.004,23.0,20.0,182.6,194.0,13.6,0.2,,,,,135.0,119.0,,,144.0,,,3.0,,,,,,,,,,,,,0.0,,1.0,,,,,,,,,,,,,,,,,,,,,,,,,,,,4.483,0.0,,,,,0.0,,,,,,,,,,,,,,,,""
15720446706,"Sep 6, 2025, 5:26:04 PM",Lunch Ride,Ride,"",1773,8.50,137.0,6,false,,,activities/16792332238.fit.gz,,9.0,1773.0,1701.0,8503.9,7.64,4.999,40.0,27.0,172.8,186.0,14.2,0.1,,,,,137.0,121.0,,,260.0,,,6.0,,,,,,,,,,,,,0.0,,1.0,,,,,,,,,,,,,,,,,,,,,,,,,,,,4.796,0.0,,,,,0.0,,,,,,,0.0,,,,,,,,,media/ff4d7797-324e-44e9-9fa9-3a463a6858a1.jpg
15717781572,"Sep 6, 2025, 11:35:32 AM",Morning Run,Run,Dua lipa is the goat ,10071,26.76,184.0,210,false,,ASICS gel-kayano 32,activities/16789554807.fit.gz,,,10071.0,9262.0,26764.6,5.98,2.89,200.0,176.0,158.2,190.2,50.0,0.1,,,99.0,79.0,184.0,151.0,,340.0,2177.0,,,210.0,3151554.0,,,,,,,,333.0,10072.0,,,0.0,,1.0,27409.9,,,,,,,,,,,,,,,,25364390.0,,,,,,,,,,,2.658,5492.8,,,,24608.0,0.0,,1751.0,250.0,2.959,,,0.0,,,,,,,,,media/470b05f1-3d95-4037-859d-f840e74ff281.mp4|media/09553730-c710-45b0-98b8-dfc34f9ff9af.mp4|media/85b1d827-21b6-4173-bc20-cbf82a5a5a23.mp4|media/fb840577-f2d4-43ba-a9af-7f4290587167.mp4
15708042163,"Sep 5, 2025, 4:13:35 PM",Lunch Tennis,Workout,,4368,2.90,195.0,78,false,,,activities/16779221854.fit.gz,,,4368.0,3257.0,2902.1,5.06,0.891,0.0,0.0,177.6,179.6,5.5,0.0,,,123.0,65.0,195.0,152.0,,,945.0,,,78.0,,,,,,,,,,,,,0.0,,1.0,,,,,,,,,,,,,,,,,,,,,,,,,,,,0.664,0.0,,,,4986.0,0.0,,,,,,4986.0,,,,,,,,,,""
15700688470,"Sep 5, 2025, 12:13:25 AM",Evening Run,Run,,919,2.73,181.0,32,false,,ASICS gel-kayano 32,activities/16771387247.fit.gz,,,919.0,919.0,2731.1,3.8,2.972,10.0,6.0,175.8,184.6,13.7,0.2,,,82.0,78.0,181.0,160.0,,339.0,220.0,,,32.0,310722.0,,,,,,,,339.0,920.0,,,0.0,,1.0,2775.1,,,,,,,,,,,,,,,,25364390.0,,,,,,,,,,,2.972,1434.0,,,,2386.0,0.0,,166.0,255.0,3.02,,,,,,,,,,,,""
15700157028,"Sep 4, 2025, 10:39:42 PM",Tempo run,Run,"",2523,8.33,182.0,94,false,,ASICS gel-kayano 32,activities/16770832028.fit.gz,,,2523.0,2402.0,8329.7,7.66,3.468,39.0,27.0,165.4,187.4,26.0,0.2,,,85.0,78.0,182.0,164.0,,403.0,646.0,,,94.0,969040.0,,,,,,,,404.0,2524.0,0.0,,0.0,,1.0,8540.3,,,,,,,,,,,,,,,,25364390.0,,,,,,,,,,,3.302,934.5,,,,6338.0,0.0,,647.0,304.0,3.555,,,0.0,,,,,,,,,media/28332732-009a-4bbe-8a32-a5129a840e8d.jpg
15699743715,"Sep 4, 2025, 9:58:58 PM",Afternoon Ride,Ride,,1296,4.36,129.0,2,false,,,activities/16770399082.fit.gz,,9.0,1296.0,879.0,4361.1,7.82,4.961,31.0,23.0,200.4,219.8,10.5,0.4,,,,,129.0,111.0,,,139.0,,,2.0,,,,,,,,,,,,,0.0,,1.0,,,,,,,,,,,,,,,,,,,,,,,,,,,,3.365,0.0,,,,,0.0,,,,,,,,,,,,,,,,""
15683044866,"Sep 3, 2025, 1:15:58 PM",Tai Pan bakery,Walk,Reunite with my favorite egg tart ,1748,2.57,134.0,4,false,,,activities/16752470925.fit.gz,,,1748.0,1437.0,2576.1,11.417,1.793,43.0,47.0,2.6,23.0,40.8,-0.2,,,112.0,60.0,134.0,106.0,,,188.0,,,4.0,,,,,,,,,,,,,0.0,,1.0,,,,,,,,,,,,,,,,,,,,,,,,,,,,1.474,0.0,,,,2772.0,0.0,,,,,,,0.0,,,,,,,,,media/1316981a-1f21-4183-8421-59ed487beb19.jpg
15676643558,"Sep 2, 2025, 10:14:34 PM",Evening Run,Run,"",1875,5.19,162.0,27,false,,ASICS gel-kayano 32,activities/16745287403.fit.gz,,,1875.0,1853.0,5198.0,8.5,2.805,31.0,23.0,4.8,15.2,13.5,0.1,,,84.0,79.0,162.0,144.0,,321.0,399.0,,,27.0,584478.0,,,,,,,,326.0,1876.0,,,0.0,,1.0,5290.3,,,,,,,,,,,,,,,,25364390.0,,,,,,,,,,,2.772,0.0,,,,4860.0,0.0,,312.0,245.0,2.855,,,0.0,,,,,,,,,media/504ebbb1-d0f2-4250-8273-523bed2dc8e0.jpg
15653342763,"Aug 31, 2025, 7:37:38 PM",Afternoon Tennis,Workout,,3109,0.51,170.0,8,false,,,activities/16719414167.fit.gz,,,3109.0,3109.0,511.5,2.54,0.165,0.0,0.0,0.0,0.0,0.0,0.0,,,123.0,61.0,170.0,99.0,,,281.0,,,8.0,,,,,,,,,,,,,0.0,,1.0,,,,,,,,,,,,,,,,,,,,,,,,,,,,0.165,0.0,,,,1684.0,0.0,,,,,,1684.0,,,,,,,,,,""
15652608571,"Aug 31, 2025, 6:17:45 PM",Afternoon Ride,Ride,"",1800,6.15,157.0,6,false,,,activities/16718605382.fit.gz,,9.0,1800.0,1517.0,6153.0,7.32,4.056,45.0,40.0,3.8,25.0,24.4,0.0,,,,,157.0,119.0,,,227.0,,,6.0,,,,,,,,,,,0.0,,0.0,,1.0,,,,,,,,,,,,,,,,,,,,,,,,,,,,3.418,0.0,,,,,0.0,,,,,,,0.0,,,,,,,,,media/810a2064-e533-420c-9943-01f71e03ca9e.jpg|media/40a12c17-f0ac-44fb-a885-ee4129cf815f.jpg|media/613def5c-aed4-4e26-be26-0279f2d340a6.jpg|media/fcef678c-5b8b-497f-b8a4-314f1991103c.jpg|media/e1f8a854-2fce-4334-a676-cc6953f3540f.jpg|media/51e8530c-d920-43a9-8970-5be18b843ab6.jpg
15651290668,"Aug 31, 2025, 4:11:16 PM",Lunch Ride,Ride,,1603,6.46,149.0,7,false,,,activities/16717161975.fit.gz,,9.0,1603.0,1372.0,6465.4,10.386,4.712,61.0,48.0,4.0,28.8,19.7,0.1,,,,,149.0,122.0,,,244.0,,,7.0,,,,,,,,,,,,,0.0,,1.0,,,,,,,,,,,,,,,,,,,,,,,,,,,,4.033,0.0,,,,,0.0,,,,,,,,,,,,,,,,""
15650646222,"Aug 31, 2025, 1:42:49 PM",Morning Pickleball,Workout,,5940,2.64,158.0,6,false,,,activities/16716459155.fit.gz,,,5940.0,2763.0,2645.0,6.513,0.957,0.0,0.0,3.8,4.5,50.0,0.0,,,123.0,58.0,158.0,96.0,,,428.0,,,6.0,,,,,,,,,,,,,0.0,,1.0,,,,,,,,,,,,,,,,,,,,,,,,,,,,0.445,0.0,,,,2750.0,0.0,,,,,,2750.0,,,,,,,,,,""
15649010681,"Aug 31, 2025, 1:08:56 PM",Morning Ride,Ride,"",954,3.84,143.0,2,false,,,activities/16714679633.fit.gz,,9.0,954.0,814.0,3843.6,9.06,4.722,47.0,59.0,87.8,139.0,24.2,-0.3,,,,,143.0,108.0,,,116.0,,,2.0,,,,,,,,,,,0.0,,0.0,,1.0,,,,,,,,,,,,,,,,,,,,,,,,,,,,4.029,0.0,,,,,0.0,,,,,,,0.0,,,,,,,,,media/c3f23497-c38a-40d4-a0e3-45c98bc70ba4.jpg|media/f1be53a5-5c12-4c50-bae4-cfaaaace04a3.jpg|media/c8d6b0ef-5228-4222-9b0d-f1d1c782cc66.jpg
15648624886,"Aug 31, 2025, 12:39:10 PM",Morning Ride,Ride,,942,2.18,148.0,4,false,,,activities/16714259568.fit.gz,,9.0,942.0,521.0,2183.2,10.74,4.19,53.0,43.0,57.4,107.4,33.3,0.5,,,,,148.0,125.0,,,132.0,,,4.0,,,,,,,,,,,,,0.0,,1.0,,,,,,,,,,,,,,,,,,,,,,,,,,,,2.318,0.0,,,,,0.0,,,,,,,,,,,,,,,,""
15627706720,"Aug 29, 2025, 12:49:48 PM",Lumberjack,Run,"Whoever came up with this workout should go to jail 
Getting a speed workout in before NYC trip this weekend. ",4575,14.89,183.0,194,false,,ASICS gel-kayano 32,activities/16691218467.fit.gz,,,4575.0,4499.0,14895.1,8.74,3.311,103.0,95.0,169.6,191.0,36.0,0.1,,,108.0,78.0,183.0,166.0,,383.0,1159.0,,,194.0,1733897.0,,,,,,,,390.0,4576.0,,,0.0,,1.0,15260.7,,,,,,,,,,,,,,,,25364390.0,,,,,,,,,,,3.256,2425.7,,,,11714.0,0.0,,1092.0,293.0,3.392,,,0.0,,,,,,,,,""
15621695992,"Aug 28, 2025, 11:06:11 PM",Evening Tennis,Workout,,3801,2.16,173.0,27,false,,,activities/16684672168.fit.gz,,,3801.0,2897.0,2165.5,3.529,0.747,0.0,0.0,179.5,180.0,2.0,0.0,,,118.0,58.0,173.0,133.0,,,614.0,,,27.0,,,,,,,,,,,,,0.0,,1.0,,,,,,,,,,,,,,,,,,,,,,,,,,,,0.57,0.0,,,,3956.0,0.0,,,,,,3956.0,,,,,,,,,,""
15618301184,"Aug 28, 2025, 4:22:04 PM",Lunch Tennis,Workout,Down 1-3 against timi. Wtf is with my losing streak in paddle sports lol,3353,2.95,159.0,6,false,,,activities/16681077965.fit.gz,,,3353.0,2008.0,2949.1,6.35,1.469,0.0,2.2,181.0,183.2,2.0,0.0,,,118.0,56.0,159.0,110.0,,,367.0,,,6.0,,,,,,,,,,,0.0,,0.0,,1.0,,,,,,,,,,,,,,,,,,,,,,,,,,,,0.88,0.0,,,,2990.0,0.0,,,,,,2990.0,0.0,,,,,,,,,""
15611496688,"Aug 28, 2025, 1:27:46 AM",First L of my pickleball career,Workout,"lost 8-11, 9-11 to [strava://athletes/163399981/11]Med Frezghi 
",1873,1.15,166.0,7,false,"",,activities/16673765699.fit.gz,,,1873.0,1434.0,1150.4,3.0,0.802,0.0,0.0,180.9,181.3,2.8,0.0,,,120.0,61.0,166.0,125.0,,,289.0,,,7.0,,,,,,,,,,,,,0.0,,1.0,,,,,,,,,,,,,,,,,,,,,,,,,,,,0.614,0.0,,,,1854.0,0.0,,,,,,1854.0,0.0,,,,,,,,,""
15611334298,"Aug 28, 2025, 1:01:36 AM",Evening Ride,Ride,,846,4.23,147.0,4,false,,,activities/16673590957.fit.gz,,9.0,846.0,789.0,4233.4,8.58,5.366,36.0,33.0,181.0,191.6,25.4,0.1,,,,,147.0,126.0,,,147.0,,,4.0,,,,,,,,,,,,,0.0,,1.0,,,,,,,,,,,,,,,,,,,,,,,,,,,,5.004,0.0,,,,,0.0,,,,,,,,,,,,,,,,""
15609932176,"Aug 27, 2025, 9:45:43 PM",Afternoon Ride,Ride,,1421,6.17,123.0,3,false,,,activities/16672106067.fit.gz,,9.0,1421.0,1231.0,6178.4,13.98,5.019,44.0,43.0,189.2,198.2,19.7,0.0,,,,,123.0,105.0,,,148.0,,,3.0,,,,,,,,,,,,,0.0,,1.0,,,,,,,,,,,,,,,,,,,,,,,,,,,,4.348,0.0,,,,,0.0,,,,,,,,,,,,,,,,""
15599161604,"Aug 26, 2025, 11:26:29 PM",anyone know what happened with those fire trucks,Run,[strava://athletes/88348816/15]William Hammond thought it's the police hunting down a man with a rifle ,3028,7.02,168.0,23,false,"",ASICS gel-kayano 32,activities/16660617881.fit.gz,,,3028.0,2483.0,7022.4,6.38,2.828,36.0,48.0,176.2,208.2,37.2,-0.2,,,108.0,77.0,168.0,137.0,,326.0,552.0,,,23.0,815652.0,,,,,,,,317.0,3029.0,,,0.0,,1.0,7193.2,,,,,,,,,,,,,,,,25364390.0,,,,,,,,,,,2.319,2505.7,,,,6450.0,0.0,,477.0,238.0,2.897,,,0.0,,,,,,,,,""
15598497212,"Aug 26, 2025, 10:33:18 PM",Afternoon Ride,Ride,,1340,5.71,127.0,3,false,,,activities/16659920055.fit.gz,,9.0,1340.0,1192.0,5714.7,8.483,4.794,39.0,29.0,179.0,191.6,18.3,0.2,,,,,127.0,103.0,,,136.0,,,3.0,,,,,,,,,,,,,0.0,,1.0,,,,,,,,,,,,,,,,,,,,,,,,,,,,4.265,43.1,,,,,0.0,,,,,,,,,,,,,,,,""
15586539158,"Aug 25, 2025, 10:38:03 PM",Afternoon Ride,Ride,,1360,5.79,120.0,3,false,,,activities/16647151942.fit.gz,,9.0,1360.0,1293.0,5793.0,7.4,4.48,43.0,31.0,176.6,190.2,43.9,0.2,,,,,120.0,99.0,,,127.0,,,3.0,,,,,,,,,,,,,0.0,,1.0,,,,,,,,,,,,,,,,,,,,,,,,,,,,4.26,59.0,,,,,0.0,,,,,,,,,,,,,,,,""
15575782062,"Aug 24, 2025, 10:24:24 PM",Booth tour,Workout,Thanks josh for the booth tour and sorry for walking you down during tennis afterwards ,4128,2.45,178.0,14,false,"",,activities/16635589116.fit.gz,,,4128.0,2879.0,2453.7,3.04,0.852,0.0,0.0,180.8,181.3,7.7,0.0,,,121.0,60.0,178.0,120.0,,,496.0,,,14.0,,,,,,,,,,,0.0,,0.0,,1.0,,,,,,,,,,,,,,,,,,,,,,,,,,,,0.594,0.0,,,,3882.0,0.0,,,,,,3882.0,0.0,,,,,,,,,media/8f6bd6ec-aabd-4b28-a3be-3a4d3bc79da2.jpg|media/586e125a-5f8d-46d2-a3a4-f90238857e67.jpg|media/1c2e8ef4-799e-49b2-9d17-11a64affe38d.mp4|media/5bd09e87-d5ba-445b-8fec-90cc2317cc7c.mp4
15573487038,"Aug 24, 2025, 5:52:27 PM",Lunch Ride,Ride,,1271,5.20,131.0,4,false,,,activities/16633088732.fit.gz,,9.0,1271.0,1181.0,5203.9,6.56,4.406,46.0,39.0,288.4,302.0,11.5,0.1,,,,,131.0,118.0,,,182.0,,,4.0,,,,,,,,,,,,,0.0,,1.0,,,,,,,,,,,,,,,,,,,,,,,,,,,,4.094,0.0,,,,,0.0,,,,,,,,,,,,,,,,""
15571977414,"Aug 24, 2025, 2:03:14 PM",chicago triathlon run,Run,"still unsure whether i shouldve run faster
glad to get the support, especially from former ffrt teammates",2849,9.92,181.0,80,false,"",ASICS gel-kayano 32,activities/16631470475.fit.gz,,,2849.0,2834.0,9927.8,5.58,3.503,70.0,60.0,178.0,193.6,17.6,0.1,,,114.0,80.0,181.0,156.0,,414.0,713.0,,,80.0,1175180.0,,,,,,,,419.0,2850.0,,,0.0,,1.0,10172.5,,,,,,,,,,,,,,,,25364390.0,,,,,,,,,,,3.485,1359.6,,,,7548.0,0.0,,785.0,315.0,3.589,,,0.0,,,,,,,,,""
15571977370,"Aug 24, 2025, 1:58:18 PM",Morning Workout,Workout,,287,0.20,81.0,0,false,,,activities/16631470476.fit.gz,,,287.0,149.0,200.0,2.027,1.342,1.0,16.0,181.2,196.0,6.7,-7.4,,,74.0,61.0,81.0,71.0,,,8.0,,,0.0,,,,,,,,,,,,,0.0,,1.0,,,,,,,,,,,,,,,,,,,,,,,,,,,,0.697,0.0,,,,,0.0,,,,,,110.0,,,,,,,,,,""
15571977415,"Aug 24, 2025, 12:37:02 PM",chicago triathlon bike,Ride,"Bought a bike water bottle for this. Almost bought two but felt one should suffice. The plan for the day was to fill the bottle with electrolyte powder during T1 cuz the map indicated the transition area has a water station. 
Well it took me an additional 10 minutes during T1, including asking 5 different people while two being the event staff, to not find any water. Luckily i gulped down two GO isotonic gels during my trip to T1 after swim, which turned out to be enough for me to complete the biking portion without any challenges. Quite wild to think that im just taking my water bottle with more electrolyte powder than water for a 40k ride. 
Hope my bottle had a blast! ",4876,32.79,146.0,11,false,"",,activities/16631470474.fit.gz,,9.0,4876.0,4311.0,32793.2,13.983,7.607,388.0,377.0,114.6,198.2,49.2,0.0,,,,,146.0,91.0,,,338.0,,,11.0,,,,,,,,,,,0.0,,0.0,,1.0,,,,,,,,,,,,,,,,,,,,,,,,,,,,6.725,0.0,,,,,0.0,,,,,,,0.0,,,,,,,,,media/273f0aac-1584-4946-9509-a9da8930444d.mp4|media/863f353d-7155-43cd-84c9-fb4d40802654.mp4
15571977360,"Aug 24, 2025, 12:36:54 PM",Morning Workout,Workout,,4,0.03,91.0,0,false,,,activities/16631470473.fit.gz,,,4.0,4.0,35.1,0.0,8.775,0.0,0.0,195.4,196.0,-1.5,-1.7,,,,,91.0,90.0,,,,,20.0,0.0,,,,,,,,,,,,,0.0,,1.0,,,,,,,,,,,,,,,,,,,,,,,,,,,,8.775,0.0,,,,,0.0,,,,,,,,,,,,,,,,""
15571977391,"Aug 24, 2025, 11:47:25 AM",chicago triathlon swim,Swim,"",2968,"3,018",172.0,64,false,"",,activities/16631469546.fit.gz,,,2968.0,2968.0,3017.6,7.4,1.017,13.4,0.0,176.5,190.2,14.0,0.4,,,46.0,27.0,172.0,139.0,,,538.0,,21.0,64.0,,,,,,,,,,,,,0.0,,1.0,,,,,,,,,,,,,,,,,,,,,,,,,,,,1.017,0.0,,,,,0.0,,,,,,,0.0,,,,,,,,,""
15567837477,"Aug 24, 2025, 10:26:35 AM",Morning E-Bike Ride,E-Bike Ride,e-bike came in clutch since i almost missed the transition area closing time ,826,6.51,146.0,2,false,"",,activities/16627045022.fit.gz,,9.0,826.0,804.0,6513.5,10.44,8.101,64.0,50.0,165.6,192.2,21.0,0.3,,,,,146.0,104.0,,,95.0,,,2.0,,,,,,,,,,,,,0.0,,1.0,,,,,,,,,,,,,,,,,,,,,,,,,,,,7.886,727.0,,,,,0.0,,,,,,,0.0,,,,,,,,,""
15562495977,"Aug 23, 2025, 8:38:13 PM",Did I just stumble upon a tiktok sound?,Ride,"",1278,6.07,136.0,5,false,,,activities/16621149688.fit.gz,,9.0,1278.0,1278.0,6073.4,7.887,4.752,56.0,47.0,173.0,189.2,13.8,0.1,,,,,136.0,122.0,,,198.0,,,5.0,,,,,,,,,,,0.0,,0.0,,1.0,,,,,,,,,,,,,,,,,,,,,,,,,,,,4.752,549.8,,,,,0.0,,,,,,,0.0,,,,,,,,,media/279bf7e2-8be3-4401-a758-acb4736ebe73.mp4|media/a74227e4-c0b4-479c-a12f-b0d94d5d266e.mp4
15562373531,"Aug 23, 2025, 8:14:39 PM",Afternoon Ride,Ride,,844,3.46,128.0,2,false,,,activities/16621011613.fit.gz,,9.0,844.0,698.0,3466.8,8.26,4.967,23.0,32.0,173.8,190.8,49.4,-0.3,,,,,128.0,109.0,,,103.0,,,2.0,,,,,,,,,,,,,0.0,,1.0,,,,,,,,,,,,,,,,,,,,,,,,,,,,4.108,0.0,,,,,0.0,,,,,,,,,,,,,,,,""
15561724914,"Aug 23, 2025, 6:23:13 PM",Final rental bike test ride,Ride,Ass hurts a little ,1857,9.22,177.0,10,false,,,activities/16620286735.fit.gz,,9.0,1857.0,1691.0,9220.3,8.843,5.453,60.0,65.0,170.8,185.8,39.0,-0.1,,,,,177.0,121.0,,,261.0,,,10.0,,,,,,,,,,,,,0.0,,1.0,,,,,,,,,,,,,,,,,,,,,,,,,,,,4.965,566.6,,,,,0.0,,,,,,,0.0,,,,,,,,,""
15558312342,"Aug 23, 2025, 11:45:29 AM",Flu run,Run,Can't believe I hold onto a free red towel the entire run ,7048,19.33,175.0,98,false,,ASICS gel-kayano 32,activities/16616583110.fit.gz,,,7048.0,6630.0,19334.1,4.64,2.916,134.0,122.0,174.6,194.0,40.0,0.1,,,114.0,78.0,175.0,144.0,,334.0,1516.0,,,98.0,2212219.0,,,,,,,,331.0,7049.0,0.0,,0.0,,1.0,19860.3,,,,,,,,,,,,,,,,25364390.0,,,,,,,,,,,2.743,8321.4,,,,17138.0,0.0,,1213.0,249.0,2.996,,,0.0,,,,,,,,,""
15552303386,"Aug 23, 2025, 12:13:01 AM",Tri packet and rental bike pickup,Ride,Let's see how horrible Sunday is going to turn out ,1530,9.59,148.0,6,false,,,activities/16609851621.fit.gz,,9.0,1530.0,1448.0,9593.0,10.671,6.625,58.0,58.0,175.2,189.4,8.2,0.0,,,,,148.0,118.0,,,216.0,,,6.0,,,,,,,,,,,,,0.0,,1.0,,,,,,,,,,,,,,,,,,,,,,,,,,,,6.27,558.8,,,,,0.0,,,,,,,0.0,,,,,,,,,""
15551485760,"Aug 22, 2025, 10:27:42 PM",Afternoon Ride,Ride,,1068,6.07,156.0,11,false,,,activities/16608934478.fit.gz,,9.0,1068.0,1068.0,6069.9,7.614,5.683,35.0,27.0,172.6,186.8,15.1,0.1,,,,,156.0,133.0,,,207.0,,,11.0,,,,,,,,,,,,,0.0,,1.0,,,,,,,,,,,,,,,,,,,,,,,,,,,,5.683,804.3,,,,,0.0,,,,,,,,,,,,,,,,""
15542740541,"Aug 22, 2025, 3:08:05 AM",Night Ride,Ride,,1328,6.68,126.0,4,false,,,activities/16598927135.fit.gz,,9.0,1328.0,1283.0,6681.1,9.6,5.207,30.0,14.0,167.0,185.4,25.5,0.3,,,,,126.0,113.0,,,171.0,,,4.0,,,,,,,,,,,,,0.0,,1.0,,,,,,,,,,,,,,,,,,,,,,,,,,,,5.031,585.9,,,,,0.0,,,,,,,,,,,,,,,,""
15541051309,"Aug 21, 2025, 10:13:34 PM",Afternoon Ride,Ride,,1499,6.20,124.0,3,false,,,activities/16597024748.fit.gz,,9.0,1499.0,1388.0,6205.7,15.56,4.471,31.0,31.0,187.4,199.2,32.3,0.0,,,,,124.0,105.0,,,155.0,,,3.0,,,,,,,,,,,,,0.0,,1.0,,,,,,,,,,,,,,,,,,,,,,,,,,,,4.14,0.0,,,,,0.0,,,,,,,,,,,,,,,,""
15531338182,"Aug 21, 2025, 1:56:36 AM",post pickleball game ride,Ride,"[strava://athletes/163399981/11]Med Frezghi  and i sub in for [strava://athletes/88348816/15]William Hammond and his girl for their pickleball league game and managed to dug out a 3-0. Down 10-5-2 in the third. Broke. Got the serve back. 5-10-1. I serve. Lost the point. 5-10-2. Med serve. 6-10-2. Med serve. Got broken. Oh man, needing to break them twice to get the serve back was a wild dream. To actually broke them twice while both points finish in 15+ rallies was even wilder. Knowing we probably won't get our serve back, med got to work. He served his way to 10-10-1. Our opponent proceed to hit two close shots out. 11-6, 11-3, 12-10. Flu game came through
Thanks [strava://athletes/167436932/14]Brandon Nguyen for the paddles ",909,3.44,131.0,3,false,"",,activities/16586364685.fit.gz,,9.0,909.0,884.0,3448.9,6.38,3.901,11.0,9.0,181.2,189.2,18.8,0.0,,,,,131.0,120.0,,,140.0,,,3.0,,,,,,,,,,,0.0,,0.0,,1.0,,,,,,,,,,,,,,,,,,,,,,,,,,,,3.794,0.0,,,,,0.0,,,,,,,0.0,,,,,,,,,""
15530881972,"Aug 21, 2025, 12:22:50 AM",Evening Ride,Ride,,900,4.17,157.0,4,false,,,activities/16585868896.fit.gz,,9.0,900.0,840.0,4171.8,9.3,4.966,19.0,14.0,176.0,185.4,13.0,0.1,,,,,157.0,129.0,,,161.0,,,4.0,,,,,,,,,,,,,0.0,,1.0,,,,,,,,,,,,,,,,,,,,,,,,,,,,4.635,0.0,,,,,0.0,,,,,,,,,,,,,,,,""
15530239343,"Aug 20, 2025, 10:49:03 PM",Afternoon Ride,Ride,,2187,8.01,140.0,7,false,,,activities/16585186650.fit.gz,,9.0,2187.0,2011.0,8014.3,8.74,3.985,52.0,44.0,182.2,195.4,30.8,0.1,,,,,140.0,120.0,,,307.0,,,7.0,,,,,,,,,,,,,0.0,,1.0,,,,,,,,,,,,,,,,,,,,,,,,,,,,3.665,0.0,,,,,0.0,,,,,,,,,,,,,,,,""
15529861584,"Aug 20, 2025, 10:27:03 PM",Afternoon Ride,Ride,,605,2.05,139.0,1,false,,,activities/16584787746.fit.gz,,9.0,605.0,467.0,2054.5,15.02,4.399,15.0,6.0,185.6,195.4,16.2,0.4,,,,,139.0,118.0,,,88.0,,,1.0,,,,,,,,,,,,,0.0,,1.0,,,,,,,,,,,,,,,,,,,,,,,,,,,,3.396,0.0,,,,,0.0,,,,,,,,,,,,,,,,""
15520135039,"Aug 20, 2025, 3:28:49 AM",Night Ride,Ride,,1067,4.31,140.0,7,false,,,activities/16574437597.fit.gz,,9.0,1067.0,860.0,4313.7,11.02,5.016,22.0,17.0,179.6,194.8,14.4,0.2,,,,,140.0,133.0,,,199.0,,,7.0,,,,,,,,,,,,,0.0,,1.0,,,,,,,,,,,,,,,,,,,,,,,,,,,,4.043,0.0,,,,,0.0,,,,,,,,,,,,,,,,""
15519046258,"Aug 19, 2025, 11:48:15 PM",Evening Run,Run,hamstring almost gave up on me after i got out of the water. Need to use less breast stroke,1597,5.00,170.0,46,false,"",On Cloudsurfer,activities/16573259737.fit.gz,,,1597.0,1591.0,5000.5,5.42,3.143,5.0,16.0,173.2,188.8,11.3,-0.2,,,122.0,82.0,170.0,157.0,,357.0,381.0,,23.0,46.0,568141.0,,,,,,,,356.0,1593.0,,,0.0,,1.0,5020.4,,,,,,,,,,,,,,,,19487204.0,,,,,,,,,,,3.131,0.0,,,,4360.0,0.0,,317.0,268.0,3.155,,,0.0,,,,,,,,,""
15519046265,"Aug 19, 2025, 11:07:34 PM",Aquathon OWS,Swim,"40-minute safety presentation was actually very entertaining 
almost beat [strava://athletes/139177665/12]Jeffrey Tran ",2267,"1,656",158.0,58,false,"",,activities/16573259473.fit.gz,,,2267.0,2267.0,1655.6,4.475,0.73,0.0,0.0,177.5,178.8,3.6,0.0,,,41.0,27.0,158.0,144.0,,,478.0,,22.0,58.0,,,,,,,,,,,0.0,,0.0,,1.0,,,,,,,,,,,,,,,,,,,,,,,,,,,,0.73,0.0,,,,,0.0,,,,,,,0.0,,,,,,,,,media/5ef424c2-6d1e-4bad-8b40-9cf7ca526abd.jpg
15518141946,"Aug 19, 2025, 10:13:21 PM",Afternoon Ride,Ride,,958,5.49,149.0,7,false,,,activities/16572306516.fit.gz,,9.0,958.0,958.0,5490.8,7.72,5.732,15.0,11.0,174.4,184.4,20.0,0.1,,,,,149.0,132.0,,,184.0,,,7.0,,,,,,,,,,,,,0.0,,1.0,,,,,,,,,,,,,,,,,,,,,,,,,,,,5.732,786.2,,,,,0.0,,,,,,,,,,,,,,,,""
15506144957,"Aug 18, 2025, 10:37:06 PM",Afternoon Ride,Ride,Wasn't fast enough to escape the rain ,1295,5.89,130.0,3,false,,,activities/16559549414.fit.gz,,9.0,1295.0,1208.0,5894.7,9.943,4.88,44.0,40.0,180.8,195.0,42.6,0.1,,,,,130.0,107.0,,,147.0,,,3.0,,,,,,,,,,,,,0.0,,1.0,,,,,,,,,,,,,,,,,,,,,,,,,,,,4.552,80.9,,,,,0.0,,,,,,,0.0,,,,,,,,,""
15495198080,"Aug 17, 2025, 9:36:56 PM",Afternoon Tennis,Workout,william decided to grip my racket after playing me for well over a year because he just couldn't stand how i can play tennis for this long without a any grip ,4640,2.27,171.0,12,false,"",,activities/16547872191.fit.gz,,,4640.0,2699.0,2278.3,4.35,0.844,0.0,0.0,178.5,179.0,5.6,0.0,,,123.0,59.0,171.0,116.0,,,517.0,,,12.0,,,,,,,,,,,,,0.0,,1.0,,,,,,,,,,,,,,,,,,,,,,,,,,,,0.491,0.0,,,,4142.0,0.0,,,,,,4142.0,,,,,,,,,,media/ca4a2c6b-5348-4432-b82b-7d8a24026dc0.jpg
15490823362,"Aug 17, 2025, 2:02:45 PM",Morning Ride,Ride,,1139,5.49,135.0,3,false,,,activities/16543222284.fit.gz,,9.0,1139.0,1034.0,5495.0,11.886,5.314,28.0,18.0,177.4,190.4,27.3,0.2,,,,,135.0,118.0,,,164.0,,,3.0,,,,,,,,,,,,,0.0,,1.0,,,,,,,,,,,,,,,,,,,,,,,,,,,,4.824,0.0,,,,,0.0,,,,,,,,,,,,,,,,""
15480747002,"Aug 16, 2025, 4:21:31 PM",Loba,Ride,Mexican coke does not go well with espresso - my hot take,960,3.82,138.0,3,false,,,activities/16532344838.fit.gz,,9.0,960.0,919.0,3822.2,6.343,4.159,18.0,13.0,176.0,191.8,6.0,0.1,,,,,138.0,123.0,,,155.0,,,3.0,,,,,,,,,,,0.0,,0.0,,1.0,,,,,,,,,,,,,,,,,,,,,,,,,,,,3.981,0.0,,,,,0.0,,,,,,,,,,,,,,,,media/aebc27ce-1a53-42ef-9be7-bb72bcfc5aca.jpg|media/b949cc3c-2ab0-481e-8fd3-aa5bce2dcde2.jpg|media/2ac33500-1998-4aad-acac-cebd13e324ef.jpg
15480159217,"Aug 16, 2025, 3:16:49 PM",Morning Ride,Ride,,1265,5.04,139.0,5,false,,,activities/16531721893.fit.gz,,9.0,1265.0,1122.0,5045.8,5.871,4.497,27.0,16.0,184.8,193.6,9.1,0.1,,,,,139.0,127.0,,,214.0,,,5.0,,,,,,,,,,,,,0.0,,1.0,,,,,,,,,,,,,,,,,,,,,,,,,,,,3.989,0.0,,,,,0.0,,,,,,,,,,,,,,,,""
15479611443,"Aug 16, 2025, 11:37:22 AM",Morning Run,Run,"",11702,29.00,177.0,226,false,,ASICS gel-kayano 32,activities/16531144367.fit.gz,,,11702.0,10157.0,29006.8,21.2,2.856,227.0,225.0,174.2,200.0,46.2,0.0,,,97.0,79.0,177.0,150.0,,323.0,2326.0,,,226.0,3302783.0,,,,,7.0,,,315.0,11703.0,0.0,324.0,0.0,,1.0,30047.7,,,,,,,,,,,,,,,,25364390.0,,,,,,,,,,,2.479,11125.2,,,,26852.0,0.0,,1824.0,237.0,2.962,,,,,,,,,,,,media/c054d7e0-6e92-49ea-9be0-7c0d7a6557a4.jpg
15475562204,"Aug 15, 2025, 11:45:50 PM",Evening Run,Run,,2456,8.04,186.0,110,false,,,activities/16526856772.fit.gz,,,2456.0,2373.0,8047.2,11.713,3.391,41.0,47.0,174.8,188.4,29.9,-0.1,,,110.0,78.0,186.0,168.0,,385.0,628.0,,,110.0,914128.0,,,,,,,,392.0,2457.0,,,0.0,,1.0,8201.9,,,,,,,,,,,,,,,,,,,,,,,,,,,3.277,1541.0,,,,6172.0,0.0,,593.0,295.0,3.456,,,,,,,,,,,,""
15463194052,"Aug 15, 2025, 4:15:30 AM",Night Ride,Ride,,1679,7.21,136.0,4,false,,,activities/16513602320.fit.gz,,9.0,1679.0,1441.0,7209.3,8.46,5.003,33.0,24.0,180.4,195.4,14.3,0.1,,,,,136.0,114.0,,,212.0,,,4.0,,,,,,,,,,,,,0.0,,1.0,,,,,,,,,,,,,,,,,,,,,,,,,,,,4.294,0.0,,,,,0.0,,,,,,,,,,,,,,,,""
15462841390,"Aug 14, 2025, 11:06:06 PM",Wharton info session,Ride,"",1624,5.93,128.0,3,false,,,activities/16513204347.fit.gz,,9.0,1624.0,1239.0,5929.8,11.283,4.786,23.0,13.0,178.2,189.6,14.3,0.1,,,,,128.0,112.0,,,176.0,,,3.0,,,,,,,,,,,0.0,,0.0,,1.0,,,,,,,,,,,,,,,,,,,,,,,,,,,,3.651,55.5,,,,,0.0,,,,,,,,,,,,,,,,""
15461390609,"Aug 14, 2025, 10:20:05 PM",Afternoon Ride,Ride,,1328,5.87,127.0,3,false,,,activities/16511654961.fit.gz,,9.0,1328.0,1191.0,5873.6,9.22,4.932,48.0,30.0,174.0,191.6,18.1,0.3,,,,,127.0,102.0,,,133.0,,,3.0,,,,,,,,,,,,,0.0,,1.0,,,,,,,,,,,,,,,,,,,,,,,,,,,,4.423,299.1,,,,,0.0,,,,,,,,,,,,,,,,""
15451414213,"Aug 14, 2025, 1:35:52 AM",New shoes,Ride,Asics gel-kayano 32,1103,5.47,119.0,2,false,,,activities/16500988917.fit.gz,,9.0,1103.0,1103.0,5469.4,5.98,4.959,12.0,13.0,179.2,183.8,8.1,0.0,,,,,119.0,102.0,,,114.0,,,2.0,,,,,,,,,,,0.0,,0.0,,1.0,,,,,,,,,,,,,,,,,,,,,,,,,,,,4.959,784.6,,,,,0.0,,,,,,,,,,,,,,,,media/c921ff55-c523-40bd-8a7e-8fb156620f97.jpg
15451247225,"Aug 14, 2025, 12:29:38 AM",Evening Swim,Swim,"",2446,"1,832",164.0,60,false,"",,activities/16500808654.fit.gz,,,2446.0,2446.0,1831.6,1.5,0.749,0.0,3.4,174.5,178.1,13.6,-0.1,,,43.0,25.0,164.0,142.0,,,499.0,,24.0,60.0,,,,,,,,,,,,,0.0,,1.0,,,,,,,,,,,,,,,,,,,,,,,,,,,,0.749,0.0,,,,,0.0,,,,,,,,,,,,,,,,""
15450874211,"Aug 13, 2025, 11:50:41 PM",Evening Ride,Ride,,1998,9.29,142.0,7,false,,,activities/16500410539.fit.gz,,9.0,1998.0,1655.0,9292.0,8.833,5.615,31.0,27.0,174.4,187.2,44.4,0.0,,,,,142.0,120.0,,,277.0,,,7.0,,,,,,,,,,,,,0.0,,1.0,,,,,,,,,,,,,,,,,,,,,,,,,,,,4.651,1352.4,,,,,0.0,,,,,,,,,,,,,,,,""
15450565836,"Aug 13, 2025, 11:06:55 PM",Evening Ride,Ride,,1342,5.88,119.0,3,false,,,activities/16500081757.fit.gz,,9.0,1342.0,1245.0,5884.4,9.133,4.726,26.0,22.0,181.6,188.4,17.8,0.1,,,,,119.0,100.0,,,130.0,,,3.0,,,,,,,,,,,,,0.0,,1.0,,,,,,,,,,,,,,,,,,,,,,,,,,,,4.385,0.0,,,,,0.0,,,,,,,,,,,,,,,,""
15439079181,"Aug 12, 2025, 11:28:37 PM",Evening Ride,Ride,"",605,2.34,120.0,1,false,,,activities/16487812966.fit.gz,,9.0,605.0,489.0,2344.2,9.283,4.794,9.0,5.0,178.0,185.8,40.0,0.3,,,,,120.0,101.0,,,64.0,,,1.0,,,,,,,,,,,0.0,,0.0,,1.0,,,,,,,,,,,,,,,,,,,,,,,,,,,,3.875,0.0,,,,,0.0,,,,,,,,,,,,,,,,media/fee0bfe6-b942-421b-acc4-9a1565c79f4b.jpg|media/39f5e0d8-883d-4d09-99c1-1632f744983d.jpg|media/bf953e8a-7d33-4ae6-b138-a8bc7f25fd6f.jpg
15426975447,"Aug 11, 2025, 11:13:42 PM",New shoes incoming,Run,Hamstrings in shambles after the 16-mile two days ago but had to warm up a bit for the practice swim-run tomorrow ,3299,8.87,146.0,16,false,,,activities/16474908435.fit.gz,,,3299.0,3158.0,8876.0,4.18,2.811,46.0,46.0,172.0,183.4,24.2,0.0,,,82.0,79.0,146.0,134.0,,323.0,663.0,,,16.0,1019256.0,,,,,,,,319.0,3300.0,0.0,,0.0,,1.0,9041.5,,,,,,,,,,,,,,,,,,,,,,,,,,,2.691,1801.0,,,,8390.0,0.0,,527.0,240.0,2.863,,,,,,,,,,,,""
15426228570,"Aug 11, 2025, 10:12:23 PM",Afternoon Ride,Ride,,1326,5.87,114.0,3,false,,,activities/16474119077.fit.gz,,9.0,1326.0,1208.0,5872.7,7.7,4.862,21.0,19.0,175.0,183.6,15.9,0.1,,,,,114.0,99.0,,,122.0,,,3.0,,,,,,,,,,,,,0.0,,1.0,,,,,,,,,,,,,,,,,,,,,,,,,,,,4.429,0.0,,,,,0.0,,,,,,,,,,,,,,,,""
15413261532,"Aug 10, 2025, 4:21:27 PM",Lunch Tennis,Workout,,2806,1.53,183.0,15,false,,,activities/16460233655.fit.gz,,,2806.0,1779.0,1538.9,2.417,0.865,0.0,0.0,182.2,182.5,2.1,0.0,,,106.0,58.0,183.0,130.0,,,399.0,,,15.0,,,,,,,,,,,,,0.0,,1.0,,,,,,,,,,,,,,,,,,,,,,,,,,,,0.548,0.0,,,,2322.0,0.0,,,,,,2322.0,,,,,,,,,,""
15412592927,"Aug 10, 2025, 3:18:51 PM",Morning Ride,Ride,,1027,4.21,157.0,11,false,,,activities/16459522307.fit.gz,,9.0,1027.0,852.0,4209.4,7.214,4.941,54.0,46.0,176.0,192.6,9.7,0.2,,,,,157.0,140.0,,,217.0,,,11.0,,,,,,,,,,,,,0.0,,1.0,,,,,,,,,,,,,,,,,,,,,,,,,,,,4.099,0.0,,,,,0.0,,,,,,,,,,,,,,,,""
15405397863,"Aug 9, 2025, 11:39:02 PM",Evening E-Bike Ride,E-Bike Ride,,1447,7.87,130.0,3,false,,,activities/16451820297.fit.gz,,9.0,1447.0,1260.0,7869.5,9.633,6.246,58.0,64.0,171.0,185.4,37.5,-0.1,,,,,130.0,110.0,,,171.0,,,3.0,,,,,,,,,,,,,0.0,,1.0,,,,,,,,,,,,,,,,,,,,,,,,,,,,5.438,0.0,,,,,0.0,,,,,,,,,,,,,,,,""
15399817067,"Aug 9, 2025, 11:35:01 AM",Fat milk coffee,Run,"Good morning to everyone except those who didn't do 16 
[strava://athletes/108771408/12]Nina Ferrara you're missing out on the best coffee",10303,25.76,187.0,304,false,"",On Cloudsurfer,activities/16445850161.fit.gz,,,10303.0,9250.0,25761.5,5.46,2.785,122.0,114.0,168.0,191.0,41.5,0.0,,,115.0,82.0,187.0,159.0,,319.0,2217.0,,,304.0,2950839.0,,,,,,,,311.0,10304.0,0.0,,0.0,,1.0,26222.0,,,,,,,,,,,,,,,,19487204.0,,,,,,,,,,,2.5,4890.5,,,,25292.0,0.0,,1566.0,234.0,2.835,,,,,,,,,,,,media/fc622e16-2f3f-48e6-82fd-4d3a9cb2e41b.jpg
15383099270,"Aug 7, 2025, 10:44:53 PM",Quarters,Run,"The one day i don't check the weather before heading out to run is the one day the weather decided to sike me out. Way too overheated and the leg day from last night definitely caught up to me. 
This should help me ramp up my physicality for the tri in two weeks ngl
Also need sneaker recs if anyone has any ",5182,16.10,189.0,243,false,"",On Cloudsurfer,activities/16427961090.fit.gz,,,5182.0,5170.0,16103.0,4.94,3.115,75.0,104.0,142.2,213.4,35.2,-0.2,,,123.0,80.0,189.0,170.0,,376.0,1341.0,,,243.0,1884633.0,,,,,,,,374.0,5184.0,0.0,,0.0,,1.0,16417.9,,,,,,,,,,,,,,,,19487204.0,,,,,,,,,,,3.107,5451.4,,,,13306.0,0.0,,1137.0,281.0,3.176,,,,,,,,,,,,""
15371944045,"Aug 7, 2025, 2:21:59 AM",Night Weight Training,Weight Training,,1773,0,167.0,15,false,,,activities/16416062967.fit.gz,,,1773.0,1773.0,0.0,0.0,0.0,0.0,0.0,0.0,0.0,0.0,0.0,,,,,167.0,127.0,,,286.0,,,15.0,,,,,,,,,,,,,0.0,,1.0,,,,,,,,,,,,,,,,,,,,,,,,,,,,0.0,0.0,,,,,0.0,,,,,,664.0,,,,,,,,,,""
15370703017,"Aug 6, 2025, 10:40:36 PM",Afternoon Ride,Ride,,1265,5.65,123.0,3,false,,,activities/16414730678.fit.gz,,9.0,1265.0,1125.0,5653.8,7.46,5.026,25.0,16.0,175.6,186.0,34.5,0.2,,,,,123.0,105.0,,,135.0,,,3.0,,,,,,,,,,,,,0.0,,1.0,,,,,,,,,,,,,,,,,,,,,,,,,,,,4.469,74.9,,,,,0.0,,,,,,,,,,,,,,,,""
15359125422,"Aug 5, 2025, 11:26:47 PM",Evening Run,Run,"",3232,8.12,161.0,28,false,"",On Cloudsurfer,activities/16402395575.fit.gz,,,3232.0,2705.0,8124.6,4.28,3.004,41.0,32.0,180.6,193.2,43.2,0.1,,,116.0,79.0,161.0,136.0,,343.0,625.0,,,28.0,928920.0,,,,,,,,332.0,3233.0,,,0.0,,1.0,8272.0,,,,,,,,,,,,,,,,19487204.0,,,,,,,,,,,2.514,2960.7,,,,7232.0,0.0,,560.0,250.0,3.058,,,,,,,,,,,,""
15347838912,"Aug 5, 2025, 2:28:36 AM",Night Weight Training,Weight Training,,1796,0,159.0,8,false,,,activities/16390402818.fit.gz,,,1796.0,1796.0,0.0,0.0,0.0,0.0,0.0,0.0,0.0,0.0,0.0,,,,,159.0,115.0,,,243.0,,,8.0,,,,,,,,,,,,,0.0,,1.0,,,,,,,,,,,,,,,,,,,,,,,,,,,,0.0,0.0,,,,,0.0,,,,,,728.0,,,,,,,,,,""
15337053050,"Aug 4, 2025, 4:01:43 AM",Night Ride,Ride,"",1345,5.40,121.0,2,false,,,activities/16378875537.fit.gz,,9.0,1345.0,1089.0,5404.4,13.863,4.963,21.0,16.0,286.8,294.0,6.8,0.1,,,,,121.0,98.0,,,125.0,,,2.0,,,,,,,,,,,0.0,,0.0,,1.0,,,,,,,,,,,,,,,,,,,,,,,,,,,,4.018,0.0,,,,,0.0,,,,,,,,,,,,,,,,""
15336968966,"Aug 3, 2025, 7:52:04 PM",Afternoon Ride,Ride,,1958,7.83,148.0,8,false,,,activities/16378779920.fit.gz,,9.0,1958.0,1737.0,7837.4,8.525,4.512,43.0,35.0,167.6,187.8,23.5,0.1,,,,,148.0,124.0,,,290.0,,,8.0,,,,,,,,,,,,,0.0,,1.0,,,,,,,,,,,,,,,,,,,,,,,,,,,,4.003,781.5,,,,,0.0,,,,,,,,,,,,,,,,""
15333965004,"Aug 3, 2025, 5:26:30 PM",Lunch Swim,Swim,,3048,"1,925",161.0,29,false,,,activities/16375478970.fit.gz,,,3048.0,2252.0,1925.0,2.28,0.855,0.0,0.0,0.0,0.0,0.0,0.0,,,,,161.0,125.0,,,447.0,,,29.0,,,,,,,,,,,,,0.0,,1.0,,,,,,,,,,,,,,,,,,,,,,,,,,,,0.632,0.0,,,,,0.0,25.0,,,,,,,,,,,,,,,""
15325855716,"Aug 2, 2025, 9:17:16 PM",Afternoon Ride,Ride,,1114,5.68,149.0,4,false,,,activities/16366856536.fit.gz,,9.0,1114.0,1006.0,5688.3,13.857,5.654,32.0,25.0,174.4,191.8,24.1,0.1,,,,,149.0,115.0,,,162.0,,,4.0,,,,,,,,,,,,,0.0,,1.0,,,,,,,,,,,,,,,,,,,,,,,,,,,,5.106,30.2,,,,,0.0,,,,,,,,,,,,,,,,""
15323302019,"Aug 2, 2025, 8:11:09 PM",Afternoon Ride,Ride,,890,4.22,140.0,2,false,,,activities/16364062753.fit.gz,,9.0,890.0,773.0,4228.2,13.57,5.47,27.0,24.0,176.6,187.6,6.6,0.0,,,,,140.0,115.0,,,125.0,,,2.0,,,,,,,,,,,,,0.0,,1.0,,,,,,,,,,,,,,,,,,,,,,,,,,,,4.751,0.0,,,,,0.0,,,,,,,,,,,,,,,,""
15316777628,"Aug 1, 2025, 8:45:23 PM",Afternoon Ride,Ride,,1123,6.88,150.0,7,false,,,activities/16357117575.fit.gz,,9.0,1123.0,1123.0,6879.3,9.117,6.126,30.0,25.0,174.6,189.4,8.9,0.0,,,,,150.0,130.0,,,209.0,,,7.0,,,,,,,,,,,,,0.0,,1.0,,,,,,,,,,,,,,,,,,,,,,,,,,,,6.126,763.4,,,,,0.0,,,,,,,,,,,,,,,,""
15309697198,"Aug 1, 2025, 3:38:51 AM",Night Ride,Ride,"",2117,8.03,130.0,5,false,,,activities/16349513840.fit.gz,,9.0,2117.0,1907.0,8029.5,10.06,4.211,57.0,54.0,354.0,365.0,46.6,0.0,,,,,130.0,111.0,,,245.0,,,5.0,,,,,,,,,,,,,0.0,,1.0,,,,,,,,,,,,,,,,,,,,,,,,,,,,3.793,67.9,,,,,0.0,,,,,,,,,,,,,,,,media/f1b54a74-fd7c-46e3-8512-553249743efa.mp4
15302689883,"Jul 31, 2025, 10:18:44 PM",Afternoon E-Bike Ride,E-Bike Ride,,959,6.94,124.0,2,false,,,activities/16341972195.fit.gz,,9.0,959.0,943.0,6940.9,10.48,7.36,39.0,39.0,173.4,189.6,15.8,0.0,,,,,124.0,103.0,,,101.0,,,2.0,,,,,,,,,,,,,0.0,,1.0,,,,,,,,,,,,,,,,,,,,,,,,,,,,7.238,765.2,,,,,0.0,,,,,,,,,,,,,,,,""
15302398974,"Jul 31, 2025, 9:19:50 PM",Afternoon Ride,Ride,,1605,6.10,141.0,4,false,,,activities/16341665284.fit.gz,,9.0,1605.0,1393.0,6100.9,8.98,4.38,63.0,47.0,173.8,193.6,28.8,0.3,,,,,141.0,111.0,,,199.0,,,4.0,,,,,,,,,,,,,0.0,,1.0,,,,,,,,,,,,,,,,,,,,,,,,,,,,3.801,0.0,,,,,0.0,,,,,,,,,,,,,,,,""
15293319102,"Jul 30, 2025, 11:47:50 PM",yasso 800,Run,"",3659,12.15,179.0,104,false,"",On Cloudsurfer,activities/16331989129.fit.gz,,,3659.0,3636.0,12150.5,4.72,3.342,81.0,76.0,171.2,187.0,39.3,0.0,,,87.0,79.0,179.0,156.0,,395.0,906.0,,,104.0,1434673.0,,,,,,,,400.0,3660.0,,,0.0,,1.0,12498.2,,,,,,,,,,,,,,,,19487204.0,,,,,,,,,,,3.321,2323.2,,,,9702.0,0.0,,920.0,301.0,3.437,,,,,,,,,,,,""
15291863618,"Jul 30, 2025, 10:24:27 PM",Afternoon Ride,Ride,,1449,5.77,118.0,2,false,,,activities/16330433548.fit.gz,,9.0,1449.0,1305.0,5772.8,9.24,4.424,50.0,41.0,177.4,190.6,16.0,0.2,,,,,118.0,92.0,,,119.0,,,2.0,,,,,,,,,,,,,0.0,,1.0,,,,,,,,,,,,,,,,,,,,,,,,,,,,3.984,0.0,,,,,0.0,,,,,,,,,,,,,,,,""
15280983679,"Jul 29, 2025, 11:26:48 PM",Evening Run,Run,Humid,3095,8.06,172.0,67,false,,,activities/16318795742.fit.gz,,,3095.0,2650.0,8062.5,5.18,3.042,42.0,52.0,173.4,192.4,30.8,-0.1,,,84.0,68.0,172.0,147.0,,351.0,676.0,,,67.0,937988.0,,,,,,,,336.0,3096.0,0.0,,0.0,,1.0,8225.8,,,,,,,,,,,,,,,,,,,,,,,,,,,2.605,2972.2,,,,7162.0,0.0,,549.0,253.0,3.104,,,,,,,,,,,,""
15270882005,"Jul 29, 2025, 6:06:44 AM",Final reckoning,Ride,Only AMC river east 21 is showing this now 😩,1208,6.33,125.0,3,false,"",,activities/16308113110.fit.gz,,9.0,1208.0,1137.0,6330.1,17.417,5.567,13.0,14.0,177.6,185.6,12.9,0.0,,,,,125.0,112.0,,,152.0,,,3.0,,,,,,,,,,,,,0.0,,1.0,,,,,,,,,,,,,,,,,,,,,,,,,,,,5.24,602.2,,,,,0.0,,,,,,,,,,,,,,,,""
15270001015,"Jul 29, 2025, 2:25:22 AM",Night Weight Training,Weight Training,,1902,0,162.0,12,false,,,activities/16307128957.fit.gz,,,1902.0,1902.0,0.0,0.0,0.0,0.0,0.0,0.0,0.0,0.0,0.0,,,,,162.0,120.0,,,271.0,,,12.0,,,,,,,,,,,,,0.0,,1.0,,,,,,,,,,,,,,,,,,,,,,,,,,,,0.0,0.0,,,,,0.0,,,,,,786.0,,,,,,,,,,""
15268712567,"Jul 28, 2025, 10:54:14 PM",Afternoon Ride,Ride,,1299,5.69,122.0,3,false,,,activities/16305748861.fit.gz,,9.0,1299.0,1211.0,5692.6,8.65,4.701,29.0,22.0,175.8,186.0,12.8,0.1,,,,,122.0,99.0,,,125.0,,,3.0,,,,,,,,,,,,,0.0,,1.0,,,,,,,,,,,,,,,,,,,,,,,,,,,,4.382,0.0,,,,,0.0,,,,,,,,,,,,,,,,""
15258366093,"Jul 27, 2025, 9:15:10 PM",Afternoon Tennis,Workout,"[strava://athletes/88348816/15]William Hammond had to bring his groceries into his crib so had to cut it short. 
3-0 
Looks like this going to be the last time he's playing me during the day time 💀😭😂",5203,2.57,173.0,21,false,"",,activities/16294653193.fit.gz,,,5203.0,3019.0,2573.2,3.3,0.852,0.0,0.0,179.8,179.9,1.5,0.0,,,123.0,11.0,173.0,124.0,,,725.0,,,21.0,,,,,,,,,,,,,0.0,,1.0,,,,,,,,,,,,,,,,,,,,,,,,,,,,0.495,0.0,,,,4444.0,0.0,,,,,,4444.0,,,,,,,,,,""
15245580668,"Jul 26, 2025, 6:56:33 PM",Afternoon Ride,Ride,,983,5.42,121.0,2,false,,,activities/16281002467.fit.gz,,9.0,983.0,983.0,5426.1,9.053,5.52,18.0,19.0,174.6,182.4,4.2,0.0,,,,,121.0,109.0,,,119.0,,,2.0,,,,,,,,,,,,,0.0,,1.0,,,,,,,,,,,,,,,,,,,,,,,,,,,,5.52,566.7,,,,,0.0,,,,,,,,,,,,,,,,""
15245306514,"Jul 26, 2025, 5:51:41 PM",Lunch Swim,Swim,"[strava://athletes/18720631/15]Harrison Powell  came thru, unlike [strava://athletes/139177665/12]Jeffrey Tran ",2557,"1,834",164.0,51,false,"",,activities/16280704371.fit.gz,,,2557.0,2557.0,1833.8,1.5,0.717,0.0,0.0,177.2,178.0,1.0,0.0,,,42.0,21.0,164.0,138.0,,,501.0,,24.0,51.0,,,,,,,,,,,0.0,,0.0,,1.0,,,,,,,,,,,,,,,,,,,,,,,,,,,,0.717,0.0,,,,,0.0,,,,,,,,,,,,,,,,media/2620aa8d-d183-45f1-bcfb-a9089ba6e6ee.mp4
15244840246,"Jul 26, 2025, 5:24:40 PM",Lunch Ride,Ride,,1032,5.26,158.0,16,false,,,activities/16280210121.fit.gz,,9.0,1032.0,960.0,5264.0,7.071,5.483,31.0,23.0,173.8,184.6,44.4,0.2,,,,,158.0,142.0,,,228.0,,,16.0,,,,,,,,,,,,,0.0,,1.0,,,,,,,,,,,,,,,,,,,,,,,,,,,,5.101,579.5,,,,,0.0,,,,,,,,,,,,,,,,""
15227405743,"Jul 25, 2025, 2:35:29 AM",Night Weight Training,Weight Training,,1498,0,169.0,19,false,,,activities/16261486548.fit.gz,,,1498.0,1498.0,0.0,0.0,0.0,0.0,0.0,0.0,0.0,0.0,0.0,,,,,169.0,138.0,,,296.0,,,19.0,,,,,,,,,,,,,0.0,,1.0,,,,,,,,,,,,,,,,,,,,,,,,,,,,0.0,0.0,,,,,0.0,,,,,,634.0,,,,,,,,,,""
15227131826,"Jul 25, 2025, 1:01:31 AM",Evening Ride,Ride,,1303,5.75,129.0,3,false,,,activities/16261183635.fit.gz,,9.0,1303.0,1195.0,5754.7,9.22,4.816,26.0,18.0,177.4,188.6,23.8,0.1,,,,,129.0,110.0,,,160.0,,,3.0,,,,,,,,,,,,,0.0,,1.0,,,,,,,,,,,,,,,,,,,,,,,,,,,,4.417,0.0,,,,,0.0,,,,,,,,,,,,,,,,""
15216911056,"Jul 24, 2025, 4:03:28 AM",teddy swims,Ride,"",1260,6.78,132.0,4,false,"",,activities/16250274536.fit.gz,,9.0,1260.0,1260.0,6781.8,10.25,5.382,35.0,29.0,173.4,191.0,36.7,0.1,,,,,132.0,117.0,,,179.0,,,4.0,,,,,,,,,,,,,0.0,,1.0,,,,,,,,,,,,,,,,,,,,,,,,,,,,5.382,568.0,,,,,0.0,,,,,,,,,,,,,,,,""
15216833412,"Jul 24, 2025, 3:53:28 AM",Night E-Bike Ride,E-Bike Ride,,390,2.53,119.0,1,false,,,activities/16250185202.fit.gz,,9.0,390.0,390.0,2535.9,8.84,6.502,10.0,8.0,172.4,180.0,12.0,0.1,,,,,119.0,108.0,,,48.0,,,1.0,,,,,,,,,,,,,0.0,,1.0,,,,,,,,,,,,,,,,,,,,,,,,,,,,6.502,0.0,,,,,0.0,,,,,,,,,,,,,,,,""
15216481463,"Jul 24, 2025, 1:30:23 AM",Teddy swim,Ride,How dare [strava://athletes/139177665/12]Jeffrey Tran doesn't believe I came for him 😩,2824,7.14,147.0,10,true,,,activities/16249793658.fit.gz,,9.0,2824.0,1900.0,7142.1,8.92,3.759,50.0,61.0,343.6,364.0,26.1,-0.2,,,,,147.0,125.0,,,397.0,,,10.0,,,,,,2.0,,,,,0.0,8.0,1.0,,1.0,,,,,,,,,,,,,,,,,,,,,,,,,,,,2.529,0.0,,,,,1.55,,,,,,,,,,,,,,,,media/ea3bc5b6-b0e3-42bd-92a0-6e53c5b39861.mp4|media/bdaeec32-a53c-489e-9e81-a31219689445.jpg|media/c7ada9de-8ba6-4853-a66e-6084e912fe6d.jpg
15204392959,"Jul 22, 2025, 11:25:57 PM",Evening Run,Run,"",3166,8.29,167.0,53,false,"",On Cloudsurfer,activities/16236879946.fit.gz,,,3166.0,2640.0,8297.9,5.24,3.143,38.0,49.0,161.2,195.8,42.1,-0.1,,,89.0,65.0,167.0,140.0,,361.0,662.0,,,53.0,953442.0,,,,,,,,350.0,3167.0,,,0.0,,1.0,8450.2,,,,,,,,,,,,,,,,19487204.0,,,,,,,,,,,2.621,3000.1,,,,7018.0,0.0,,608.0,263.0,3.201,,,,,,,,,,,,""
15192197073,"Jul 21, 2025, 11:20:37 PM",Evening Ride,Ride,,1277,4.93,118.0,2,false,,,activities/16223764224.fit.gz,,9.0,1277.0,969.0,4931.0,8.02,5.089,26.0,23.0,287.4,296.2,20.7,0.0,,,,,118.0,94.0,,,108.0,,,2.0,,,,,,,,,,,,,0.0,,1.0,,,,,,,,,,,,,,,,,,,,,,,,,,,,3.861,0.0,,,,,0.0,,,,,,,,,,,,,,,,""
15169461741,"Jul 19, 2025, 7:07:01 PM",Afternoon Swim,Swim,,3421,"2,000",167.0,61,false,,,activities/16198811324.fit.gz,,,3421.0,2494.0,2000.0,1.32,0.802,0.0,0.0,0.0,0.0,0.0,0.0,,,,22.0,167.0,135.0,,,585.0,,,61.0,,,,,,,,,,,,,0.0,,1.0,,,,,,,,,,,,,,,,,,,,,,,,,,,0.0,0.585,0.0,,,,,0.0,25.0,,,,,,,,,,,,,,,""
15161596105,"Jul 19, 2025, 6:02:35 AM",Blackpink,Ride,"",1755,8.97,131.0,5,false,,,activities/16190239553.fit.gz,,9.0,1755.0,1704.0,8977.3,9.64,5.268,36.0,35.0,177.6,189.8,33.6,0.0,,,,,131.0,108.0,,,193.0,,,5.0,,,,,,,,,,,0.0,,0.0,,1.0,,,,,,,,,,,,,,,,,,,,,,,,,,,0.0,5.115,668.5,,,,,0.0,,,,,,,,,,,,,,,,media/becb745b-2ef6-48a6-807f-e566a95430f6.mp4|media/27d16ab7-e22f-47a6-8c2c-b035e4e6024f.jpg
15161593358,"Jul 19, 2025, 12:54:11 AM",Evening Walk,Walk,,1159,0.71,107.0,1,false,,,activities/16190236488.fit.gz,,,1159.0,626.0,715.7,2.03,1.143,11.0,18.0,181.0,194.6,38.6,-1.1,,,79.0,51.0,107.0,94.0,,,86.0,,,1.0,,,,,,,,,,,,,0.0,,1.0,,,,,,,,,,,,,,,,,,,,,,,,,,,0.0,0.618,0.0,,,,962.0,0.0,,,,,,,,,,,,,,,,""
15159221012,"Jul 18, 2025, 10:01:04 PM",Afternoon Ride,Ride,,472,2.33,132.0,1,false,,,activities/16187559217.fit.gz,,9.0,472.0,472.0,2332.2,7.522,4.941,16.0,6.0,178.0,189.0,8.4,0.4,,,,,132.0,111.0,,,63.0,,,1.0,,,,,,,,,,,,,0.0,,1.0,,,,,,,,,,,,,,,,,,,,,,,,,,,0.0,4.941,0.0,,,,,0.0,,,,,,,,,,,,,,,,""
15150795130,"Jul 18, 2025, 2:29:59 AM",Night Weight Training,Weight Training,,1844,0,162.0,12,false,,,activities/16178278103.fit.gz,,,1844.0,1844.0,0.0,0.0,0.0,0.0,0.0,0.0,0.0,0.0,0.0,,,,,162.0,120.0,,,265.0,,,12.0,,,,,,,,,,,,,0.0,,1.0,,,,,,,,,,,,,,,,,,,,,,,,,,,0.0,0.0,0.0,,,,,,,,,,,734.0,,,,,,,,,,""
15149375802,"Jul 17, 2025, 10:32:03 PM",Afternoon Ride,Ride,,1539,6.12,131.0,3,false,,,activities/16176724592.fit.gz,,,1539.0,1362.0,6120.3,8.34,4.494,52.0,45.0,176.8,194.4,44.4,0.2,,,,,131.0,106.0,,,163.0,,,3.0,,,,,,,,,,,,,0.0,,1.0,,,,,,,,,,,,,,,,,,,,,,,,,,,0.0,3.977,56.9,,,,,,,,,,,,,,,,,,,,,""
15140028068,"Jul 17, 2025, 2:25:43 AM",Night Weight Training,Weight Training,,1775,0,167.0,15,false,,,activities/16166478252.fit.gz,,,1775.0,1775.0,0.0,0.0,0.0,0.0,0.0,0.0,0.0,0.0,0.0,,,,,167.0,131.0,,,300.0,,,15.0,,,,,,,,,,,,,0.0,,1.0,,,,,,,,,,,,,,,,,,,,,,,,,,,0.0,0.0,0.0,,,,,,,,,,,686.0,,,,,,,,,,""
15138959830,"Jul 16, 2025, 11:20:11 PM",Evening Ride,Ride,,1238,5.82,117.0,2,false,,,activities/16165298853.fit.gz,,,1238.0,1168.0,5819.4,10.72,4.982,46.0,39.0,177.2,189.8,25.3,0.2,,,,,117.0,103.0,,,129.0,,,2.0,,,,,,,,,,,,,0.0,,1.0,,,,,,,,,,,,,,,,,,,,,,,,,,,0.0,4.701,75.8,,,,,,,,,,,,,,,,,,,,,""
15129033293,"Jul 16, 2025, 2:37:13 AM",Night Tennis,Workout,"4-6
Only playing tennis with [strava://athletes/88348816/15]William Hammond at night moving forward until I can beat him 😅😭😮‍💨",3303,1.82,167.0,8,false,,,activities/16154454510.fit.gz,,,3303.0,2299.0,1825.7,2.76,0.794,0.0,0.0,182.3,182.3,0.0,0.0,,,121.0,56.0,167.0,115.0,,,395.0,,,8.0,,,,,,,,,,,0.0,,0.0,,1.0,,,,,,,,,,,,,,,,,,,,,,,,,,,0.0,0.553,0.0,,,,3508.0,,,,,,,3508.0,,,,,,,,,,""
15128746193,"Jul 16, 2025, 1:00:44 AM",Evening Ride,Ride,,1236,5.63,125.0,3,false,,,activities/16154128482.fit.gz,,,1236.0,1216.0,5634.8,11.652,4.634,21.0,16.0,175.6,186.6,14.3,0.1,,,,,125.0,113.0,,,157.0,,,3.0,,,,,,,,,,,,,0.0,,1.0,,,,,,,,,,,,,,,,,,,,,,,,,,,0.0,4.559,0.0,,,,,,,,,,,,,,,,,,,,,""
15127492831,"Jul 15, 2025, 10:55:51 PM",Afternoon E-Bike Ride,E-Bike Ride,,1233,6.06,104.0,1,false,,,activities/16152773234.fit.gz,,,1233.0,971.0,6059.9,10.4,6.241,51.0,46.0,174.0,185.0,13.1,0.0,,,,,104.0,89.0,,,83.0,,,1.0,,,,,,,,,,,,,0.0,,1.0,,,,,,,,,,,,,,,,,,,,,,,,,,,0.0,4.915,23.7,,,,,,,,,,,,,,,,,,,,,""
15117295684,"Jul 15, 2025, 2:28:34 AM",Night Weight Training,Weight Training,,1920,0,178.0,11,false,,,activities/16141668364.fit.gz,,,1920.0,1920.0,0.0,0.0,0.0,0.0,0.0,0.0,0.0,0.0,0.0,,,,,178.0,120.0,,,277.0,,,11.0,,,,,,,,,,,,,0.0,,1.0,,,,,,,,,,,,,,,,,,,,,,,,,,,0.0,0.0,0.0,,,,,,,,,,,788.0,,,,,,,,,,""
15115988857,"Jul 14, 2025, 10:48:40 PM",Afternoon Ride,Ride,,1341,4.85,127.0,2,false,,,activities/16140239521.fit.gz,,,1341.0,987.0,4857.9,7.24,4.922,17.0,18.0,198.2,210.6,12.9,0.0,,,,,127.0,107.0,,,147.0,,,2.0,,,,,,,,,,,,,0.0,,1.0,,,,,,,,,,,,,,,,,,,,,,,,,,,0.0,3.623,0.0,,,,,,,,,,,,,,,,,,,,,""
15106132739,"Jul 13, 2025, 11:14:33 PM",Rough two weeks for my parlay,Run,"Glad that sinner won but damn just play one more set dawg

Last-minute decision to take a detour on the way back ended up me running into [strava://athletes/20397813/11]Brad Swiney for the second time ",6305,17.70,158.0,57,false,"",On Cloudsurfer,activities/16129428103.fit.gz,,,6305.0,5845.0,17708.0,6.56,3.03,79.0,65.0,172.2,187.6,22.6,0.1,,,111.0,78.0,158.0,144.0,,343.0,1300.0,,,57.0,2001555.0,,,,,,,,337.0,6306.0,,,0.0,,1.0,18006.3,,,,,,,,,,,,,,,,19487204.0,,,,,,,,,,0.0,2.809,1829.8,,,,15308.0,,,1122.0,253.0,3.081,,,,,,,,,,,,""
15092929083,"Jul 12, 2025, 6:32:23 PM",Afternoon Swim,Swim,,2832,"1,950",183.0,48,false,,,activities/16114900552.fit.gz,,,2832.0,2241.0,1950.0,1.48,0.87,0.0,0.0,0.0,0.0,0.0,0.0,,,,22.0,183.0,140.0,,,535.0,,,48.0,,,,,,,,,,,,,0.0,,1.0,,,,,,,,,,,,,,,,,,,,,,,,,,,0.0,0.689,0.0,,,,,,25.0,,,,,,,,,,,,,,,""
15073766299,"Jul 10, 2025, 11:13:39 PM",Evening Ride,Ride,,1313,5.81,130.0,3,false,,,activities/16093785051.fit.gz,,,1313.0,1199.0,5809.6,8.833,4.845,46.0,36.0,182.2,207.4,45.2,0.2,,,,,130.0,108.0,,,151.0,,,3.0,,,,,,,,,,,,,0.0,,1.0,,1752188672.0,3.0,26.6,25.6,19.5,0.65,1012.1,4.2,5.5,81.0,0.0,1752143104.0,1752197248.0,0.375,,,0.72,5.0,1.0,23601.2,1.0,,,,,0.0,4.425,0.0,,,,,,,,,,,,,,,,,,,,,""
15063581671,"Jul 10, 2025, 12:48:46 AM",Evening Run,Run,"",354,0.89,138.0,1,false,"",On Cloudsurfer,activities/16082617770.fit.gz,,,354.0,320.0,891.7,4.3,2.787,6.0,6.0,182.0,187.6,12.1,0.2,,,116.0,75.0,138.0,125.0,,299.0,69.0,,,1.0,94737.0,,,,,,,,274.0,355.0,0.0,,0.0,,1.0,922.4,1752105600.0,2.0,22.9,21.6,18.8,0.78,1015.1,5.0,7.0,36.0,0.0,1752056704.0,1752110848.0,0.375,,19487204.0,0.48,5.0,0.58,17628.0,0.0,,,,,0.0,2.519,0.0,,,,794.0,,,41.0,206.0,2.882,,,,,,,,,,,,""
15063464212,"Jul 10, 2025, 12:02:31 AM",Evening Run,Run,"",1922,5.63,156.0,14,false,"",On Cloudsurfer,activities/16082487810.fit.gz,,,1922.0,1898.0,5631.2,3.9,2.967,20.0,20.0,178.2,189.6,15.8,0.0,,,82.0,79.0,156.0,139.0,,359.0,421.0,,,14.0,681760.0,,,,,,,,361.0,1923.0,0.0,,0.0,,1.0,5711.9,1752105600.0,1.0,23.2,22.3,20.1,0.83,1015.0,5.3,6.8,36.0,0.0,1752056704.0,1752110848.0,0.375,,19487204.0,0.47,5.0,0.37,17007.0,0.0,,,,,0.0,2.93,1894.1,,,,4992.0,,,392.0,271.0,3.009,,,,,,,,,,,,""
15063021466,"Jul 9, 2025, 11:09:22 PM",Evening Ride,Ride,,1191,5.86,146.0,7,false,,,activities/16082005781.fit.gz,,,1191.0,1092.0,5867.5,15.5,5.373,46.0,36.0,179.6,189.6,46.2,0.1,,,,,146.0,131.0,,,218.0,,,7.0,,,,,,,,,,,,,0.0,,1.0,,1752102016.0,3.0,23.9,22.7,19.6,0.77,1014.8,4.9,7.0,23.0,0.0,1752056704.0,1752110848.0,0.375,,,0.52,5.0,0.77,17088.0,1.0,,,,,0.0,4.927,0.0,,,,,,,,,,,,,,,,,,,,,""
15051703091,"Jul 8, 2025, 11:39:52 PM",Evening E-Bike Ride,E-Bike Ride,,644,3.20,162.0,2,false,,,activities/16069812023.fit.gz,,,644.0,553.0,3199.6,7.867,5.786,11.0,13.0,173.2,185.0,12.7,-0.3,,,,,162.0,132.0,,,129.0,,,2.0,,,,,,,,,,,,,0.0,,1.0,,1752015616.0,3.0,25.6,24.2,20.4,0.73,1015.5,4.8,7.4,158.0,0.2,1751970176.0,1752024448.0,0.375,,,0.55,5.0,1.0,19423.0,1.0,,,,,0.0,4.968,554.4,,,,,,,,,,,,,,,,,,,,,""
15051703252,"Jul 8, 2025, 10:28:57 PM",jasso 800,Run,something about the workout pace was off today. Had to improvise the pace ,3739,12.14,182.0,85,false,"",On Cloudsurfer,activities/16069812079.fit.gz,,,3739.0,3713.0,12140.5,4.64,3.27,48.0,40.0,172.4,186.2,14.3,0.1,,,111.0,79.0,182.0,157.0,,379.0,923.0,,,85.0,1410885.0,,,,,,,,384.0,3740.0,0.0,,0.0,,1.0,12302.3,1752012032.0,3.0,28.4,27.8,19.3,0.58,1015.6,3.1,6.1,228.0,0.2,1751970176.0,1752024448.0,0.375,,19487204.0,0.51,5.0,1.0,34722.0,2.0,,,,,0.0,3.247,1871.6,,,,9790.0,,,866.0,289.0,3.313,,,,,,,,,,,,""
15039895906,"Jul 7, 2025, 10:23:24 PM",Afternoon Ride,Ride,,1385,5.64,119.0,3,false,,,activities/16056864400.fit.gz,,,1385.0,1252.0,5647.0,12.75,4.51,39.0,34.0,177.0,189.6,16.8,0.2,,,,,119.0,103.0,,,142.0,,,3.0,,,,,,,,,,,,,0.0,,1.0,,1751925632.0,1.0,23.3,24.3,16.6,0.66,1017.0,3.5,4.7,44.0,0.0,1751883776.0,1751938048.0,0.375,,,0.0,1.0,0.12,23760.0,3.0,,,,,0.0,4.077,0.0,,,,,,,,,,,,,,,,,,,,,""
15029172859,"Jul 6, 2025, 7:23:57 PM",Afternoon E-Bike Ride,E-Bike Ride,,586,4.33,128.0,1,false,,,activities/16044995072.fit.gz,,,586.0,586.0,4335.7,11.5,7.399,33.0,28.0,171.8,181.6,31.9,0.2,,,,,128.0,107.0,,,70.0,,,1.0,,,,,,,,,,,,,0.0,,1.0,,1751828352.0,3.0,24.5,24.5,20.4,0.78,1010.2,2.7,5.6,0.0,0.8,1751797376.0,1751851648.0,0.375,,,0.6,5.0,1.0,18921.0,5.0,,,,,0.0,7.399,0.0,,,,,,,,,,,,,,,,,,,,,""
15027783619,"Jul 6, 2025, 2:58:10 PM",Morning Tennis,Workout,"1-6 6-7 (5-7) 
Learned a lot about my weakness today and managed to overcome most of them. Frustrating but rewarding day ",7497,4.30,176.0,33,false,,,activities/16043480137.fit.gz,,,7497.0,5297.0,4305.5,3.82,0.813,0.0,0.0,180.3,180.6,3.0,0.0,,,124.0,60.0,176.0,128.0,,,1060.0,,,33.0,,,,,,,,,,,0.0,,0.0,,1.0,,1751810432.0,3.0,26.4,25.6,21.8,0.76,1009.7,5.0,8.7,239.0,0.0,1751797376.0,1751851776.0,0.375,,,0.67,5.0,0.82,20929.0,3.0,,,,,0.0,0.574,0.0,,,,6984.0,,,,,,,6984.0,,,,,,,,,,media/4245fe35-6014-4c4e-b680-852260fb0471.jpg|media/8cd87f3c-9caa-4ac3-a7d4-bc43b74a5f4d.jpg|media/dee2a5a5-80e4-4600-a2fd-ed2f49eb5377.mp4
15025074789,"Jul 6, 2025, 12:26:23 PM",Turns out I'm supposed to be at wicker Park farmers market,Ride,"",1437,6.37,137.0,3,false,,,activities/16040530952.fit.gz,,,1437.0,1263.0,6376.1,8.25,5.048,27.0,26.0,175.0,186.6,19.5,0.1,,,,,137.0,112.0,,,178.0,,,3.0,,,,,,,,,,,0.0,,0.0,,1.0,,1751803136.0,3.0,22.8,22.3,19.8,0.83,1010.6,3.9,9.7,230.0,0.1,1751797376.0,1751851776.0,0.375,,,0.63,5.0,0.8,19843.0,1.0,,,,,0.0,4.437,0.0,,,,,,,,,,,,,,,,,,,,,""
15020690463,"Jul 6, 2025, 2:40:38 AM",Night Ride,Ride,,993,4.02,130.0,2,false,,,activities/16035673222.fit.gz,,,993.0,945.0,4027.1,7.04,4.261,21.0,18.0,177.4,186.0,24.3,0.0,,,,,130.0,112.0,,,129.0,,,2.0,,,,,,,,,,,,,0.0,,1.0,,1751767168.0,1.0,26.8,25.5,17.9,0.58,1011.9,4.4,9.0,204.0,0.0,1751710848.0,1751765376.0,0.375,,,0.0,1.0,0.04,44129.0,0.0,,,,,0.0,4.055,569.1,,,,,,,,,,,,,,,,,,,,,""
15017657386,"Jul 5, 2025, 5:11:34 PM",Lunch Swim,Swim,,3030,"1,875",170.0,30,false,,,activities/16032281400.fit.gz,,,3030.0,2265.0,1875.0,2.08,0.828,0.0,0.0,0.0,0.0,0.0,0.0,,,,21.0,170.0,128.0,,,453.0,,,30.0,,,,,,,,,,,,,0.0,,1.0,,,,,,,,,,,,,,,,,,,,,,,,,,,0.0,0.619,0.0,,,,,,25.0,,,,,,,,,,,,,,,""
15010668710,"Jul 5, 2025, 4:26:39 AM",Night Ride,Ride,,832,3.84,121.0,2,false,,,activities/16024600403.fit.gz,,,832.0,832.0,3843.6,7.483,4.62,15.0,12.0,181.0,188.6,3.8,0.1,,,,,121.0,107.0,,,98.0,,,2.0,,,,,,,,,,,,,0.0,,1.0,,1751687936.0,1.0,26.5,26.9,21.0,0.72,1016.2,2.2,5.4,188.0,0.0,1751624448.0,1751678976.0,0.375,,,0.62,5.0,0.21,28205.0,0.0,,,,,0.0,4.62,0.0,,,,,,,,,,,,,,,,,,,,,""
15000874199,"Jul 4, 2025, 4:12:30 AM",Night Ride,Ride,,1037,4.75,124.0,2,false,,,activities/16013702997.fit.gz,,,1037.0,999.0,4749.1,16.24,4.754,14.0,5.0,288.8,300.6,20.0,0.2,,,,,124.0,103.0,,,108.0,,,2.0,,,,,,,,,,,,,0.0,,1.0,,1751601792.0,2.0,23.8,23.8,19.7,0.78,1016.8,2.7,4.1,165.0,0.0,1751538048.0,1751592576.0,0.25,,,0.4,5.0,0.48,22054.1,0.0,,,,,0.0,4.58,0.0,,,,,,,,,,,,,,,,,,,,,""
15000309198,"Jul 4, 2025, 12:57:23 AM",Evening Ride,Ride,,2944,6.30,138.0,4,false,,,activities/16013041190.fit.gz,,,2944.0,1474.0,6299.9,9.62,4.274,52.0,51.0,176.8,192.6,22.6,0.0,,,,,138.0,107.0,,,214.0,,,4.0,,,,,,,,,,,,,0.0,,1.0,,1751587200.0,3.0,26.3,26.3,19.9,0.68,1014.8,3.5,5.4,98.0,0.0,1751538048.0,1751592576.0,0.25,,,0.4,5.0,0.7,19829.0,0.0,,,,,0.0,2.14,0.0,,,,,,,,,,,,,,,,,,,,,""
15000056496,"Jul 4, 2025, 12:24:16 AM",Evening E-Bike Ride,E-Bike Ride,,1600,10.31,117.0,3,false,,,activities/16012756679.fit.gz,,,1600.0,1600.0,10315.0,10.392,6.447,74.0,62.0,175.0,193.2,20.2,0.1,,,,,117.0,98.0,,,148.0,,,3.0,,,,,,,,,,,,,0.0,,1.0,,1751587200.0,2.0,26.3,26.6,19.2,0.65,1014.8,3.7,5.2,95.0,0.0,1751538048.0,1751592576.0,0.25,,,0.4,5.0,0.42,22321.0,0.0,,,,,0.0,6.447,567.3,,,,,,,,,,,,,,,,,,,,,""
14999492102,"Jul 3, 2025, 11:00:03 PM",Evening Ride,Ride,,1267,7.23,117.0,3,false,,,activities/16012131924.fit.gz,,,1267.0,1187.0,7233.0,35.842,6.094,26.0,26.0,181.0,187.8,7.7,0.0,,,,,117.0,104.0,,,132.0,,,3.0,,,,,,,,,,,,,0.0,,1.0,,1751583616.0,2.0,27.3,28.2,19.1,0.61,1014.4,3.2,4.7,108.0,0.0,1751538048.0,1751592576.0,0.25,,,0.4,5.0,0.39,20565.0,1.0,,,,,0.0,5.709,0.0,,,,,,,,,,,,,,,,,,,,,""
14989918178,"Jul 3, 2025, 1:47:50 AM",Evening E-Bike Ride,E-Bike Ride,,775,4.77,133.0,2,false,,,activities/16001589997.fit.gz,,,775.0,748.0,4769.6,8.96,6.376,17.0,24.0,183.8,192.0,13.8,-0.1,,,,,133.0,108.0,,,95.0,,,2.0,,,,,,,,,,,,,0.0,,1.0,,1751504384.0,2.0,25.4,25.5,17.9,0.63,1013.1,2.5,5.0,188.0,0.0,1751451648.0,1751506176.0,0.125,,,0.53,5.0,0.4,26520.0,0.0,,,,,0.0,6.154,0.0,,,,,,,,,,,,,,,,,,,,,""
14989634754,"Jul 3, 2025, 12:15:12 AM",Evening Tennis,Workout,"",3007,1.40,178.0,10,false,,,activities/16001274470.fit.gz,,,3007.0,1717.0,1406.0,2.6,0.819,0.0,0.0,182.1,182.1,0.0,0.0,,,103.0,57.0,178.0,128.0,,,450.0,,,10.0,,,,,,,,,,,0.0,,0.0,,1.0,,1751500800.0,3.0,28.2,28.8,17.7,0.53,1012.8,2.2,4.6,168.0,0.0,1751451648.0,1751506176.0,0.125,,,0.52,5.0,0.65,39724.0,0.0,,,,,0.0,0.468,0.0,,,,2844.0,,,,,,,2844.0,,,,,,,,,,media/f0772882-6683-4897-a7c0-7f88d6301e50.mp4|media/9c10c1e0-8a96-4bb4-bd79-23bb7abba7b9.jpg
14979057474,"Jul 1, 2025, 10:28:31 PM",tempo interval,Run,"",3981,12.86,179.0,101,false,"",On Cloudsurfer,activities/15989633403.fit.gz,,,3981.0,3975.0,12865.0,5.5,3.236,59.0,62.0,176.0,191.4,24.5,0.0,,,110.0,80.0,179.0,158.0,,380.0,992.0,,,101.0,1489037.0,,,,,,,,384.0,3983.0,0.0,,0.0,,1.0,13036.9,1751407232.0,1.0,25.6,27.5,18.0,0.63,1012.9,2.8,4.9,87.0,0.0,1751365120.0,1751419776.0,0.125,,19487204.0,0.0,1.0,0.05,23092.0,3.0,,,,,0.0,3.232,1870.8,,,,10428.0,,,923.0,289.0,3.28,,,,,,,,,,,,""
14968632276,"Jul 1, 2025, 2:24:58 AM",Night Weight Training,Weight Training,,2044,0,159.0,10,false,,,activities/15978244766.fit.gz,,,2044.0,2044.0,0.0,0.0,0.0,0.0,0.0,0.0,0.0,0.0,0.0,,,,,159.0,121.0,,,286.0,,,10.0,,,,,,,,,,,,,0.0,,1.0,,,,,,,,,,,,,,,,,,,,,,,,,,,0.0,0.0,0.0,,,,,,,,,,,888.0,,,,,,,,,,""
14957868569,"Jun 29, 2025, 10:22:28 PM",Afternoon Tennis,Workout,,5180,2.46,169.0,11,false,,,activities/15966358829.fit.gz,,,5180.0,3031.0,2460.7,2.371,0.812,0.0,0.0,178.9,179.9,8.3,0.0,,,121.0,58.0,169.0,119.0,,,598.0,,,11.0,,,,,,,,,,,,,0.0,,1.0,,1751234432.0,3.0,28.4,28.0,20.1,0.61,1011.4,3.6,5.4,140.0,0.0,1751192320.0,1751246976.0,0.125,,,0.53,5.0,0.9,27678.0,2.0,,,,,0.0,0.475,0.0,,,,5036.0,,,,,,,5036.0,,,,,,,,,,""
14957357089,"Jun 29, 2025, 9:33:36 PM",Afternoon Ride,Ride,"",1572,7.85,134.0,4,false,,,activities/15965789349.fit.gz,,,1572.0,1472.0,7856.9,7.08,5.338,31.0,32.0,174.8,187.4,22.2,0.0,,,,,134.0,119.0,,,224.0,,,4.0,,,,,,,,,,,0.0,,0.0,,1.0,,1751230848.0,8.0,26.4,25.6,19.5,0.66,1011.9,7.1,11.2,207.0,3.0,1751192320.0,1751246976.0,0.125,,,0.53,5.0,0.43,13215.0,4.0,,,,,0.0,4.998,0.0,,,,,,,,,,,,,,,,,,,,,media/21c339d1-28f3-4f88-864e-0fb737d515f1.mp4
14957167939,"Jun 29, 2025, 9:04:38 PM",Afternoon E-Bike Ride,E-Bike Ride,,887,5.28,119.0,2,false,,,activities/15965579003.fit.gz,,,887.0,816.0,5284.8,8.98,6.476,28.0,20.0,176.2,187.6,14.2,0.1,,,,,119.0,103.0,,,92.0,,,2.0,,,,,,,,,,,,,0.0,,1.0,,1751230848.0,2.0,28.6,28.7,19.5,0.58,1011.6,4.9,8.7,179.0,0.0,1751192320.0,1751246976.0,0.125,,,0.53,5.0,0.41,33320.0,4.0,,,,,0.0,5.958,646.5,,,,,,,,,,,,,,,,,,,,,""
14946589142,"Jun 28, 2025, 10:19:04 PM",Afternoon E-Bike Ride,E-Bike Ride,,1014,4.33,120.0,2,false,,,activities/15953983332.fit.gz,,,1014.0,909.0,4336.1,9.329,4.77,30.0,31.0,176.2,183.0,26.7,0.0,,,,,120.0,101.0,,,98.0,,,2.0,,,,,,,,,,,,,0.0,,1.0,,1751148032.0,1.0,23.0,24.5,18.2,0.74,1015.2,3.5,5.0,80.0,0.0,1751105920.0,1751160576.0,0.125,,,0.0,1.0,0.07,19860.0,3.0,,,,,0.0,4.276,0.0,,,,,,,,,,,,,,,,,,,,,""
14944709680,"Jun 28, 2025, 4:38:41 PM",Lunch Swim,Swim,,3214,"2,025",191.0,34,false,,,activities/15951893291.fit.gz,,,3214.0,3116.0,2025.0,1.68,0.65,0.0,0.0,0.0,0.0,0.0,0.0,,,,17.0,191.0,126.0,,,487.0,,,34.0,,,,,,,,,,,,,0.0,,1.0,,,,,,,,,,,,,,,,,,,,,,,,,,,0.0,0.63,0.0,,,,,,25.0,,,,,,,,,,,,,,,""
14936359338,"Jun 27, 2025, 10:51:30 PM",Afternoon E-Bike Ride,E-Bike Ride,,1027,5.37,102.0,1,false,,,activities/15942724659.fit.gz,,,1027.0,915.0,5373.1,15.4,5.872,67.0,61.0,179.8,193.4,38.6,0.1,,,,,102.0,87.0,,,72.0,,,1.0,,,,,,,,,,,,,0.0,,1.0,,1751061632.0,2.0,29.4,29.3,19.4,0.55,1011.2,5.8,9.8,263.0,0.0,1751019392.0,1751074176.0,0.125,,,0.52,5.0,0.43,36814.0,3.0,,,,,0.0,5.232,14.6,,,,,,,,,,,,,,,,,,,,,""
14927326643,"Jun 26, 2025, 11:28:03 PM",Evening Run,Run,"",2841,9.08,164.0,56,false,"",On Cloudsurfer,activities/15932776465.fit.gz,,,2841.0,2817.0,9079.9,5.94,3.223,29.0,30.0,177.8,189.6,19.8,0.0,,,109.0,80.0,164.0,152.0,,368.0,685.0,,,56.0,1039393.0,,,,,,,,369.0,2842.0,0.0,,0.0,,1.0,9163.2,1750978816.0,2.0,26.3,27.6,21.1,0.73,1011.6,3.0,5.9,113.0,0.2,1750932992.0,1750987776.0,0.125,,19487204.0,0.53,5.0,0.41,20583.0,1.0,,,,,0.0,3.196,2054.7,,,,7522.0,,,606.0,277.0,3.253,,,,,,,,,,,,""
14926865195,"Jun 26, 2025, 10:50:40 PM",Afternoon Ride,Ride,,1228,6.32,130.0,3,false,,,activities/15932285513.fit.gz,,,1228.0,1129.0,6323.7,26.678,5.601,19.0,15.0,179.8,189.8,31.8,0.1,,,,,130.0,110.0,,,150.0,,,3.0,,,,,,,,,,,,,0.0,,1.0,,1750975232.0,1.0,28.2,29.2,22.0,0.69,1012.2,4.9,7.2,135.0,0.1,1750932992.0,1750987776.0,0.125,,,0.52,5.0,0.21,21615.0,3.0,,,,,0.0,5.15,0.0,,,,,,,,,,,,,,,,,,,,,""
14917589383,"Jun 26, 2025, 1:07:28 AM",Evening Ride,Ride,,916,3.79,103.0,1,false,,,activities/15922170306.fit.gz,,,916.0,851.0,3798.7,6.04,4.464,11.0,10.0,180.8,186.8,28.6,0.1,,,,,103.0,93.0,,,76.0,,,1.0,,,,,,,,,,,,,0.0,,1.0,,1750899584.0,3.0,22.9,23.6,20.3,0.85,1016.8,2.2,3.8,57.0,0.2,1750846592.0,1750901376.0,0.0,,,0.76,5.0,0.94,12759.0,0.0,,,,,0.0,4.147,488.7,,,,,,,,,,,,,,,,,,,,,""
14917156519,"Jun 25, 2025, 11:45:07 PM",Cooldown,Run,"",1264,3.03,149.0,5,false,,,activities/15921704734.fit.gz,,,1264.0,1073.0,3031.6,6.24,2.825,14.0,8.0,181.2,188.2,21.1,0.1,,,89.0,80.0,149.0,132.0,,305.0,241.0,,,5.0,327630.0,,,,,,,,297.0,1265.0,0.0,,0.0,,1.0,3086.0,1750892416.0,3.0,24.5,24.5,20.4,0.78,1017.3,2.9,4.8,60.0,0.0,1750846592.0,1750901376.0,0.0,,,0.8,5.0,0.88,15542.0,1.0,,,,,0.0,2.398,0.0,,,,2838.0,,,174.0,223.0,2.876,,,,,,,,,,,,""
14916672241,"Jun 25, 2025, 10:18:29 PM",Afternoon Ride,Ride,,2630,5.91,121.0,2,false,,,activities/15921190402.fit.gz,,,2630.0,1356.0,5912.6,10.243,4.36,33.0,23.0,181.0,189.8,37.5,0.1,,,,,121.0,96.0,,,133.0,,,2.0,,,,,,,,,,,,,0.0,,1.0,,1750888832.0,3.0,25.0,25.0,21.1,0.79,1017.8,3.6,5.8,47.0,0.0,1750846592.0,1750901376.0,0.0,,,0.78,5.0,0.72,14964.0,3.0,,,,,0.0,2.248,0.0,,,,,,,,,,,,,,,,,,,,,""
14907086202,"Jun 25, 2025, 1:31:55 AM",Evening E-Bike Ride,E-Bike Ride,,508,2.58,127.0,1,false,,,activities/15910820079.fit.gz,,,508.0,468.0,2587.0,8.75,5.528,17.0,5.0,178.6,192.2,14.6,0.5,,,,,127.0,106.0,,,60.0,,,1.0,,,,,,,,,,,,,0.0,,1.0,,1750813184.0,5.0,24.5,25.0,20.6,0.79,1020.0,2.6,5.0,20.0,0.1,1750760192.0,1750814976.0,0.875,,,1.0,5.0,0.9,13425.0,0.0,,,,,0.0,5.093,0.0,,,,,,,,,,,,,,,,,,,,,""
14906274138,"Jun 24, 2025, 10:41:27 PM",Fartlek,Run,"",2504,8.64,182.0,59,false,,,activities/15909955152.fit.gz,,,2504.0,2450.0,8641.1,8.6,3.527,25.0,17.0,173.4,186.2,16.2,0.1,,,90.0,82.0,182.0,157.0,,404.0,625.0,,,59.0,987868.0,,,,,,,,407.0,2505.0,0.0,,0.0,,1.0,8727.5,1750802432.0,3.0,26.3,26.2,21.0,0.73,1019.7,2.8,5.2,11.0,0.1,1750760192.0,1750814976.0,0.875,,,0.63,5.0,0.95,13066.0,3.0,,,,,0.0,3.451,1870.8,,,,6700.0,,,651.0,306.0,3.562,,,,,,,,,,,,""
14896674824,"Jun 24, 2025, 2:47:55 AM",Night Ride,Ride,,982,3.97,143.0,3,false,,,activities/15899594750.fit.gz,,,982.0,912.0,3970.3,7.211,4.353,15.0,16.0,184.2,193.2,14.3,0.0,,,,,143.0,118.0,,,144.0,,,3.0,,,,,,,,,,,,,0.0,,1.0,,1750730368.0,1.0,27.2,26.6,20.3,0.66,1017.2,3.5,6.5,206.0,0.0,1750673792.0,1750728576.0,0.875,,,0.0,1.0,0.14,29518.0,0.0,,,,,0.0,4.043,37.6,,,,,,,,,,,,,,,,,,,,,""
14896165864,"Jun 24, 2025, 1:16:02 AM",Evening Ride,Ride,,740,3.77,129.0,2,false,,,activities/15899029430.fit.gz,,,740.0,740.0,3770.1,7.82,5.095,16.0,13.0,179.0,185.2,13.3,0.1,,,,,129.0,113.0,,,100.0,,,2.0,,,,,,,,,,,,,0.0,,1.0,,1750726784.0,1.0,29.4,29.2,20.8,0.6,1016.3,4.0,9.5,219.0,0.0,1750673792.0,1750728576.0,0.875,,,0.0,1.0,0.25,33953.0,0.0,,,,,0.0,5.095,0.0,,,,,,,,,,,,,,,,,,,,,""
14895159017,"Jun 23, 2025, 10:26:41 PM",Afternoon Ride,Ride,,1296,5.65,123.0,3,false,,,activities/15897955309.fit.gz,,,1296.0,1190.0,5658.5,10.688,4.755,52.0,37.0,281.6,298.0,25.7,0.2,,,,,123.0,105.0,,,137.0,,,3.0,,,,,,,,,,,,,0.0,,1.0,,1750716032.0,8.0,34.1,35.2,22.2,0.5,1015.9,7.2,12.3,225.0,0.0,1750673792.0,1750728576.0,0.875,,,0.0,1.0,0.2,42215.0,3.0,,,,,0.0,4.366,0.0,,,,,,,,,,,,,,,,,,,,,""
14876583302,"Jun 22, 2025, 5:11:06 AM",Did you see my bag,Ride,"",1167,5.69,124.0,3,false,,,activities/15877808147.fit.gz,,,1167.0,1167.0,5694.9,9.585,4.88,20.0,19.0,177.2,183.4,14.8,0.0,,,,,124.0,113.0,,,151.0,,,3.0,,,,,,,,,,,0.0,,0.0,,1.0,,1750568448.0,1.0,25.9,25.0,22.0,0.79,1011.2,4.7,9.6,209.0,0.0,1750587392.0,1750642176.0,0.875,,,0.0,1.0,0.0,22628.0,0.0,,,,,0.0,4.88,558.9,,,,,,,,,,,,,,,,,,,,,media/4dd73594-72ad-4981-972b-8fa3608633cc.mp4
14875715788,"Jun 22, 2025, 1:08:19 AM",Steve Aoki,Ride,"",1125,5.40,159.0,19,false,,,activities/15876814743.fit.gz,,,1125.0,1125.0,5405.3,6.317,4.805,43.0,45.0,175.0,184.8,28.1,0.0,,,,,159.0,149.0,,,266.0,,,19.0,,,,,,,,,,,0.0,,0.0,,1.0,,1750553984.0,1.0,29.8,29.6,23.2,0.68,1008.6,6.0,13.2,212.0,0.0,1750500992.0,1750555776.0,0.875,,,0.0,1.0,0.34,26513.0,0.0,,,,,0.0,4.805,569.1,,,,,,,,,,,,,,,,,,,,,media/3d1bff27-bfa9-4afa-9966-5feda868773b.mp4|media/d1888d17-4e5d-469a-bfba-c5faacc0cb3b.mp4|media/36733efc-680a-4bcc-88c0-f271e92ea098.mp4
14875345130,"Jun 22, 2025, 12:02:54 AM",Evening Ride,Ride,,1218,5.16,140.0,5,false,,,activities/15876409787.fit.gz,,,1218.0,1146.0,5159.1,7.08,4.502,43.0,34.0,170.2,191.6,38.9,0.3,,,,,140.0,130.0,,,220.0,,,5.0,,,,,,,,,,,,,0.0,,1.0,,1750550400.0,8.0,31.0,31.6,23.4,0.64,1008.5,7.3,14.8,215.0,0.0,1750500992.0,1750555776.0,0.875,,,0.0,1.0,0.28,29244.0,0.0,,,,,0.0,4.236,71.5,,,,,,,,,,,,,,,,,,,,,""
14874355982,"Jun 21, 2025, 8:53:42 PM",Afternoon Ride,Ride,"",1214,5.32,156.0,13,false,,,activities/15875324943.fit.gz,,,1214.0,1111.0,5322.9,8.76,4.791,108.0,93.0,179.4,200.6,48.6,0.2,,,,,156.0,142.0,,,264.0,,,13.0,,,,,,,,,,,0.0,,0.0,,1.0,,1750535936.0,8.0,32.5,33.7,22.6,0.56,1008.5,8.4,14.6,219.0,0.0,1750500992.0,1750555776.0,0.875,,,0.0,1.0,0.1,31813.0,8.0,,,,,0.0,4.385,0.0,,,,,,,,,,,,,,,,,,,,,media/cb1b2d18-5f94-478c-a77c-d8e8330774c4.mp4
14873634984,"Jun 21, 2025, 7:03:41 PM",Afternoon Ride,Ride,,500,2.08,136.0,1,false,,,activities/15874531697.fit.gz,,,500.0,446.0,2083.1,10.68,4.671,25.0,26.0,165.0,179.8,29.3,0.1,,,,,136.0,123.0,,,87.0,,,1.0,,,,,,,,,,,,,0.0,,1.0,,1750532352.0,8.0,30.1,30.3,21.2,0.59,1009.5,8.3,13.7,219.0,0.0,1750500992.0,1750555776.0,0.875,,,0.0,1.0,0.29,30663.0,9.0,,,,,0.0,4.166,0.0,,,,,,,,,,,,,,,,,,,,,""
14872599086,"Jun 21, 2025, 3:33:57 PM",Morning Tennis,Workout,,5220,2.05,173.0,13,false,,,activities/15873399739.fit.gz,,,5220.0,2414.0,2050.2,2.683,0.849,0.0,0.0,179.7,181.2,2.8,0.0,,,124.0,57.0,173.0,127.0,,,663.0,,,13.0,,,,,,,,,,,,,0.0,,1.0,,1750518016.0,8.0,28.2,28.1,22.9,0.73,1010.4,6.8,13.1,216.0,0.0,1750500992.0,1750555776.0,0.875,,,0.0,1.0,0.54,22454.0,6.0,,,,,0.0,0.393,0.0,,,,3340.0,,,,,,,3340.0,,,,,,,,,,""
14864876334,"Jun 20, 2025, 11:42:52 PM",Evening Swim,Swim,gotta swap up my schedule for some racquet sports this weekend ,3112,"2,000",199.0,57,false,"",,activities/15865020487.fit.gz,,,3112.0,3083.0,2000.0,1.48,0.649,0.0,0.0,0.0,0.0,0.0,0.0,,,,16.0,199.0,142.0,,,579.0,,,57.0,,,,,,,,,,,0.0,,0.0,,1.0,,,,,,,,,,,,,,,,,,,,,,,,,,,0.0,0.643,0.0,,,,,,25.0,,,,,,,,,,,,,,,""
14856124754,"Jun 19, 2025, 11:53:14 PM",power pyramid,Run,holy f how did i keep up with this workout 9 months ago ,2648,9.08,183.0,95,false,"",On Cloudsurfer,activities/15855469723.fit.gz,,,2648.0,2588.0,9085.0,5.68,3.51,35.0,27.0,170.4,184.8,22.0,0.1,,,93.0,81.0,183.0,166.0,,402.0,683.0,,,95.0,1038252.0,,,,,,,,412.0,2649.0,0.0,,0.0,,1.0,9211.1,1750374016.0,3.0,24.6,25.3,17.3,0.64,1012.9,2.2,6.4,296.0,0.0,1750328064.0,1750382976.0,0.75,,19487204.0,0.84,5.0,0.64,24401.0,1.0,,,,,0.0,3.431,1873.4,,,,6992.0,,,706.0,310.0,3.559,,,,,,,,,,,,""
14854930057,"Jun 19, 2025, 10:52:02 PM",Power pyramid,Ride,Wow I'm ass ,1603,5.93,125.0,3,false,,,activities/15854159577.fit.gz,,,1603.0,1367.0,5935.0,10.129,4.342,27.0,21.0,174.8,189.4,40.0,0.1,,,,,125.0,106.0,,,158.0,,,3.0,,,,,,,,,,,0.0,,0.0,,1.0,,1750370432.0,2.0,25.3,26.5,17.5,0.62,1012.5,2.2,5.2,264.0,0.0,1750328064.0,1750382976.0,0.75,,,0.84,5.0,0.41,27426.0,3.0,,,,,0.0,3.702,0.0,,,,,,,,,,,,,,,,,,,,,""
14852834064,"Jun 19, 2025, 6:26:50 PM",Prince St pizza,Ride,Had to try Chicago supreme and it didn't disappoint ,474,1.54,133.0,1,false,,,activities/15851908249.fit.gz,,,474.0,364.0,1542.1,10.92,4.237,20.0,15.0,168.8,297.8,36.7,8.4,,,,,133.0,120.0,,,74.0,,,1.0,,,,,,,,,,,0.0,,0.0,,1.0,,1750355968.0,1.0,25.4,26.4,17.8,0.63,1012.6,2.9,6.3,261.0,0.0,1750328064.0,1750382976.0,0.75,,,0.87,5.0,0.24,28197.0,9.0,,,,,0.0,3.253,489.7,,,,,,,,,,,,,,,,,,,,,media/e57fb9df-37c2-4a9a-a06f-06e9d09fec1d.jpg
14852624954,"Jun 19, 2025, 6:11:48 PM",Afternoon Ride,Ride,,476,1.27,125.0,0,false,,,activities/15851686041.fit.gz,,,476.0,272.0,1271.1,11.65,4.673,5.0,8.0,168.2,176.4,27.0,-0.1,,,,,125.0,106.0,,,47.0,,,0.0,,,,,,,,,,,,,0.0,,1.0,,1750355968.0,1.0,23.8,25.4,17.5,0.68,1012.6,2.0,5.4,240.0,0.0,1750328064.0,1750382976.0,0.75,,,0.84,5.0,0.23,25297.0,9.0,,,,,0.0,2.67,23.9,,,,,,,,,,,,,,,,,,,,,""
14844636439,"Jun 18, 2025, 11:49:31 PM",Slippery,Run,endorphins and ff have to be the most dedicated run clubs in north chicago ,2046,6.57,181.0,41,false,"",On Cloudsurfer,activities/15843016190.fit.gz,,,2046.0,1970.0,6570.3,8.44,3.335,125.0,117.0,170.8,188.2,46.3,0.2,,,111.0,80.0,181.0,154.0,,390.0,498.0,,,41.0,769818.0,,,,,,,,392.0,2047.0,0.0,,0.0,,1.0,7356.0,1750287616.0,5.0,21.4,18.5,19.1,0.87,1003.3,6.2,9.2,63.0,3.1,1750241664.0,1750296576.0,0.625,,19487204.0,1.0,5.0,1.0,7775.0,1.0,,,,,0.0,3.211,1110.4,,,,5272.0,,,494.0,295.0,3.734,,,,,,,,,,,,""
14843971422,"Jun 18, 2025, 10:07:36 PM",Afternoon Ride,Ride,,1172,5.62,123.0,3,false,,,activities/15842309198.fit.gz,,,1172.0,1115.0,5623.6,10.68,5.044,31.0,22.0,180.0,190.8,30.0,0.2,,,,,123.0,109.0,,,139.0,,,3.0,,,,,,,,,,,,,0.0,,1.0,,1750284032.0,5.0,21.9,19.4,19.7,0.87,1003.8,5.8,8.4,86.0,3.5,1750241664.0,1750296576.0,0.625,,,1.0,5.0,1.0,6569.0,2.0,,,,,0.0,4.798,0.0,,,,,,,,,,,,,,,,,,,,,""
14834958777,"Jun 18, 2025, 4:11:46 AM",Halsey,Ride,The goat ,1553,9.41,168.0,13,false,,,activities/15832578825.fit.gz,,,1553.0,1553.0,9414.6,9.92,6.062,53.0,54.0,174.8,194.2,12.1,0.0,,,,,168.0,136.0,,,291.0,,,13.0,,,,,,,,,,,0.0,,0.0,,1.0,,1750219264.0,5.0,22.8,22.2,19.4,0.81,1008.6,3.9,7.9,228.0,0.3,1750155264.0,1750210048.0,0.625,,,0.71,5.0,0.78,22111.0,0.0,,,,,0.0,6.062,564.8,,,,,,,,,,,,,,,,,,,,,media/ff7a988c-d36b-4ed3-af02-924d9bdaf673.mp4|media/3bad384d-f4a3-44aa-bc61-db8c72f7ba85.mp4
14834369566,"Jun 18, 2025, 1:31:21 AM",Evening E-Bike Ride,E-Bike Ride,,1618,10.63,142.0,5,false,,,activities/15831918414.fit.gz,,,1618.0,1563.0,10637.8,9.538,6.806,47.0,51.0,176.8,190.0,45.8,0.0,,,,,142.0,121.0,,,240.0,,,5.0,,,,,,,,,,,,,0.0,,1.0,,1750208384.0,3.0,25.3,26.2,19.9,0.72,1007.3,2.0,6.5,263.0,0.4,1750155264.0,1750210176.0,0.625,,,0.5,5.0,0.99,23503.0,0.0,,,,,0.0,6.575,783.8,,,,,,,,,,,,,,,,,,,,,""
14834049596,"Jun 18, 2025, 12:42:49 AM",Evening E-Bike Ride,E-Bike Ride,,984,4.28,134.0,2,false,,,activities/15831572274.fit.gz,,,984.0,756.0,4287.3,9.18,5.671,26.0,23.0,175.8,185.8,27.6,0.1,,,,,134.0,108.0,,,118.0,,,2.0,,,,,,,,,,,,,0.0,,1.0,,1750204800.0,3.0,28.1,27.9,20.2,0.62,1007.3,3.2,6.6,284.0,0.3,1750155264.0,1750210176.0,0.625,,,0.53,5.0,0.98,32134.0,0.0,,,,,0.0,4.357,1093.5,,,,,,,,,,,,,,,,,,,,,""
14833473567,"Jun 17, 2025, 11:01:26 PM",Evening Run,Run,[strava://athletes/18720631/15]Harrison Powell didn't get the lakefront high five memo ,1970,6.45,189.0,82,false,"",On Cloudsurfer,activities/15830954528.fit.gz,,,1970.0,1871.0,6455.4,5.54,3.45,12.0,31.0,180.4,203.6,18.6,-0.3,,,106.0,81.0,189.0,171.0,,397.0,512.0,,,82.0,744238.0,,,,,,,,392.0,1971.0,0.0,,0.0,,1.0,6487.8,1750201216.0,2.0,28.8,29.4,19.7,0.58,1006.9,3.2,6.1,236.0,0.1,1750155264.0,1750210176.0,0.625,,19487204.0,0.51,5.0,0.54,35062.0,1.0,,,,,0.0,3.277,934.5,,,,5096.0,,,476.0,295.0,3.468,,,,,,,,,,,,media/d484eb5d-1033-4f61-9a44-0ba111d4c300.mp4
14823427446,"Jun 17, 2025, 2:59:29 AM",Night Ride,Ride,,581,2.36,115.0,1,false,,,activities/15820163188.fit.gz,,,581.0,533.0,2366.9,7.15,4.441,8.0,11.0,176.0,181.8,11.8,-0.1,,,,,115.0,105.0,,,65.0,,,1.0,,,,,,,,,,,,,0.0,,1.0,,1750125568.0,3.0,22.3,22.2,17.0,0.72,1010.1,2.7,6.5,134.0,0.0,1750068864.0,1750123648.0,0.625,,,0.0,1.0,0.9,21175.0,0.0,,,,,0.0,4.074,0.0,,,,,,,,,,,,,,,,,,,,,""
14822377258,"Jun 16, 2025, 11:40:40 PM",Evening Ride,Ride,,786,3.69,126.0,2,false,,,activities/15819026056.fit.gz,,,786.0,769.0,3691.0,11.567,4.8,24.0,21.0,183.6,193.2,22.2,0.1,,,,,126.0,111.0,,,101.0,,,2.0,,,,,,,,,,,,,0.0,,1.0,,1750114816.0,3.0,23.9,22.5,17.7,0.68,1011.2,3.9,6.0,96.0,0.0,1750068864.0,1750123648.0,0.625,,,0.0,1.0,1.0,21257.0,1.0,,,,,0.0,4.696,0.0,,,,,,,,,,,,,,,,,,,,,""
14821622339,"Jun 16, 2025, 9:44:46 PM",Afternoon Ride,Ride,,1283,5.64,130.0,2,false,,,activities/15818226358.fit.gz,,,1283.0,1100.0,5640.4,7.9,5.128,34.0,25.0,179.8,191.4,41.5,0.2,,,,,130.0,105.0,,,139.0,,,2.0,,,,,,,,,,,,,0.0,,1.0,,1750107648.0,3.0,25.4,24.2,17.0,0.6,1012.4,3.6,5.5,83.0,0.0,1750068864.0,1750123648.0,0.625,,,0.0,1.0,0.98,22612.0,4.0,,,,,0.0,4.396,53.3,,,,,,,,,,,,,,,,,,,,,""
14812897338,"Jun 16, 2025, 1:47:05 AM",Evening Ride,Ride,,1440,6.23,147.0,4,false,,,activities/15808784130.fit.gz,,,1440.0,1313.0,6235.5,7.771,4.749,34.0,24.0,182.8,196.2,50.0,0.1,,,,,147.0,115.0,,,185.0,,,4.0,,,,,,,,,,,,,0.0,,1.0,,1750035584.0,3.0,19.7,19.4,16.1,0.8,1017.2,2.7,4.7,44.0,0.0,1749982464.0,1750037248.0,0.625,,,0.0,1.0,0.99,12741.0,0.0,,,,,0.0,4.33,0.0,,,,,,,,,,,,,,,,,,,,,""
14812218908,"Jun 15, 2025, 10:45:59 PM",Afternoon E-Bike Ride,E-Bike Ride,,846,4.96,132.0,2,false,,,activities/15808028735.fit.gz,,,846.0,817.0,4963.0,9.9,6.075,33.0,19.0,170.6,185.4,37.8,0.3,,,,,132.0,112.0,,,110.0,,,2.0,,,,,,,,,,,,,0.0,,1.0,,1750024832.0,2.0,21.4,20.5,16.8,0.75,1017.9,4.7,6.0,20.0,0.0,1749982464.0,1750037248.0,0.625,,,0.0,1.0,0.45,15888.0,3.0,,,,,0.0,5.866,560.8,,,,,,,,,,,,,,,,,,,,,""
14802635867,"Jun 15, 2025, 3:47:26 AM",Night Ride,Ride,,829,4.22,134.0,2,false,,,activities/15797673363.fit.gz,,,829.0,829.0,4220.4,7.82,5.091,14.0,8.0,175.0,185.8,11.8,0.1,,,,,134.0,118.0,,,121.0,,,2.0,,,,,,,,,,,,,0.0,,1.0,,1749956352.0,1.0,16.2,15.0,13.3,0.83,1017.8,2.2,5.5,21.0,0.0,1749896064.0,1749950848.0,0.625,,,0.08,5.0,0.25,17366.0,0.0,,,,,0.0,5.091,0.0,,,,,,,,,,,,,,,,,,,,,""
14801609304,"Jun 14, 2025, 11:13:04 PM",Evening Ride,Ride,,1445,6.75,145.0,7,false,,,activities/15796532477.fit.gz,,,1445.0,1416.0,6755.8,7.15,4.771,15.0,20.0,178.6,187.2,11.5,0.0,,,,,145.0,130.0,,,254.0,,,7.0,,,,,,,,,,,,,0.0,,1.0,,1749942016.0,1.0,19.8,19.5,14.8,0.73,1016.6,4.7,6.6,32.0,0.0,1749896064.0,1749950848.0,0.625,,,0.0,1.0,0.06,17319.0,1.0,,,,,0.0,4.675,1029.3,,,,,,,,,,,,,,,,,,,,,""
14799671712,"Jun 14, 2025, 6:27:20 PM",Afternoon E-Bike Ride,E-Bike Ride,,627,3.02,120.0,1,false,,,activities/15794415531.fit.gz,,,627.0,575.0,3025.3,9.0,5.261,8.0,5.0,182.6,192.2,13.3,0.1,,,,,120.0,105.0,,,70.0,,,1.0,,,,,,,,,,,,,0.0,,1.0,,1749923968.0,3.0,19.6,17.9,14.9,0.74,1016.9,4.5,6.2,44.0,0.0,1749896064.0,1749950848.0,0.625,,,0.0,1.0,0.64,17694.0,8.0,,,,,0.0,4.825,0.0,,,,,,,,,,,,,,,,,,,,,""
14799484166,"Jun 14, 2025, 5:41:19 PM",Lunch Ride,Ride,,1817,9.02,156.0,12,false,,,activities/15794211210.fit.gz,,,1817.0,1632.0,9029.0,9.78,5.532,73.0,68.0,169.4,185.8,33.3,0.1,,,,,156.0,130.0,,,314.0,,,12.0,,,,,,,,,,,,,0.0,,1.0,,1749920384.0,3.0,19.5,16.7,15.9,0.8,1017.3,5.3,7.5,41.0,0.0,1749896064.0,1749950848.0,0.625,,,0.14,5.0,0.84,16448.0,6.0,,,,,0.0,4.969,572.5,,,,,,,,,,,,,,,,,,,,,""
14799479665,"Jun 14, 2025, 4:12:13 PM",Lunch Tennis,Workout,,4909,1.75,156.0,6,false,,,activities/15794206444.fit.gz,,,4909.0,1985.0,1749.5,3.9,0.881,0.0,0.0,183.1,183.6,1.0,0.0,,,123.0,60.0,156.0,115.0,,,398.0,,,6.0,,,,,,,,,,,,,0.0,,1.0,,1749916800.0,3.0,18.3,15.3,15.5,0.84,1016.8,5.2,7.3,42.0,0.0,1749896064.0,1749950848.0,0.625,,,0.14,5.0,0.87,15281.0,5.0,,,,,0.0,0.356,0.0,,,,2732.0,,,,,,,2732.0,,,,,,,,,,""
14798206890,"Jun 14, 2025, 3:31:43 PM",Morning Ride,Ride,,1487,9.23,142.0,7,false,,,activities/15792831124.fit.gz,,,1487.0,1441.0,9229.9,8.8,6.405,50.0,44.0,164.0,190.2,30.8,0.1,,,,,142.0,129.0,,,259.0,,,7.0,,,,,,,,,,,,,0.0,,1.0,,1749913216.0,3.0,17.9,15.2,15.5,0.86,1017.2,4.6,6.5,50.0,0.0,1749896064.0,1749950848.0,0.625,,,0.13,5.0,0.89,16608.0,4.0,,,,,0.0,6.207,128.3,,,,,,,,,,,,,,,,,,,,,""
14792274555,"Jun 14, 2025, 3:38:32 AM",Night E-Bike Ride,E-Bike Ride,,1333,6.61,124.0,3,false,,,activities/15786419475.fit.gz,,,1333.0,1077.0,6610.5,18.167,6.138,31.0,14.0,168.8,191.4,49.1,0.3,,,,,124.0,109.0,,,155.0,,,3.0,,,,,,,,,,,,,0.0,,1.0,,1749869952.0,3.0,17.9,15.7,15.8,0.88,1015.6,4.6,6.8,36.0,0.0,1749809664.0,1749864448.0,0.625,,,0.72,5.0,0.96,14144.0,0.0,,,,,0.0,4.959,0.0,,,,,,,,,,,,,,,,,,,,,""
14792274543,"Jun 13, 2025, 11:55:45 PM",Evening Ride,Ride,,833,1.28,138.0,1,false,,,activities/15786419463.fit.gz,,,833.0,443.0,1282.6,9.1,2.895,3.0,6.0,171.8,185.8,36.0,0.6,,,,,138.0,127.0,,,145.0,,,1.0,,,,,,,,,,,,,0.0,,1.0,,1749855616.0,3.0,20.4,18.5,16.9,0.8,1014.8,3.9,6.5,81.0,0.0,1749809664.0,1749864448.0,0.625,,,0.74,5.0,1.0,14579.0,1.0,,,,,0.0,1.54,0.0,,,,,,,,,,,,,,,,,,,,,""
14790704413,"Jun 13, 2025, 9:52:49 PM",Afternoon E-Bike Ride,E-Bike Ride,,985,6.33,129.0,2,false,,,activities/15784704374.fit.gz,,,985.0,920.0,6338.1,10.4,6.889,31.0,11.0,172.6,192.4,32.7,0.3,,,,,129.0,106.0,,,109.0,,,2.0,,,,,,,,,,,,,0.0,,1.0,,1749848448.0,5.0,19.5,17.2,16.8,0.84,1015.3,4.3,6.3,72.0,0.0,1749809664.0,1749864448.0,0.625,,,0.63,5.0,1.0,14317.0,3.0,,,,,0.0,6.435,168.2,,,,,,,,,,,,,,,,,,,,,""
14781728093,"Jun 12, 2025, 10:54:43 PM",Afternoon Run,Run,,1938,6.13,172.0,34,false,,,activities/15774937806.fit.gz,,,1938.0,1927.0,6138.3,6.98,3.185,40.0,26.0,172.8,189.2,40.0,0.2,,,84.0,79.0,172.0,145.0,,371.0,451.0,,,34.0,709980.0,,,,,,,,370.0,1940.0,,,0.0,,1.0,6290.4,,,,,,,,,,,,,,,,,,,,,,,,,,0.0,3.167,1123.5,,,,5062.0,,,416.0,278.0,3.264,,,,,,,,,,,,""
14781359540,"Jun 12, 2025, 10:12:44 PM",Afternoon Ride,Ride,,1181,5.73,133.0,3,false,,,activities/15774546334.fit.gz,,,1181.0,1100.0,5732.9,9.52,5.212,39.0,28.0,179.6,194.0,50.0,0.2,,,,,133.0,118.0,,0.0,171.0,,,3.0,,,,,,,,,,,,,0.0,,1.0,,,,,,,,,,,,,,,,,,,,,,,,,,,0.0,4.854,0.0,,,,,,,,,,,,,,,,,,,,,""
14772737924,"Jun 12, 2025, 3:38:18 AM",Night Ride,Ride,,1463,6.20,137.0,5,false,,,activities/15765262855.fit.gz,,,1463.0,1305.0,6203.6,26.6,4.754,19.0,13.0,172.0,182.8,28.2,0.1,,,,,137.0,126.0,,0.0,238.0,,,5.0,,,,,,,,,,,,,0.0,,1.0,,,,,,,,,,,,,,,,,,,,,,,,,,,0.0,4.24,571.1,,,,,,,,,,,,,,,,,,,,,""
14772198782,"Jun 12, 2025, 1:26:34 AM",Evening E-Bike Ride,E-Bike Ride,,886,6.06,116.0,2,false,,,activities/15764663383.fit.gz,,,886.0,860.0,6064.5,9.66,7.052,25.0,27.0,177.2,184.8,30.8,0.0,,,,,116.0,107.0,,0.0,101.0,,,2.0,,,,,,,,,,,,,0.0,,1.0,,,,,,,,,,,,,,,,,,,,,,,,,,,0.0,6.845,0.0,,,,,,,,,,,,,,,,,,,,,""
14771585660,"Jun 11, 2025, 11:36:46 PM",Evening Run,Run,"",1355,4.21,171.0,42,false,"",On Cloudsurfer,activities/15764001943.fit.gz,,,1355.0,1351.0,4210.9,4.62,3.117,11.0,8.0,180.0,186.2,7.1,0.0,,,83.0,80.0,171.0,158.0,,357.0,335.0,,,42.0,482744.0,,,,,,,,354.0,1356.0,,,0.0,,1.0,4243.6,,,,,,,,,,,,,,,,19487204.0,,,,,,,,,,0.0,3.108,0.0,,,,3620.0,,,266.0,266.0,3.141,,,,,,,,,,,,""
14771203210,"Jun 11, 2025, 10:42:42 PM",Afternoon Ride,Ride,,1392,6.06,119.0,3,false,,,activities/15763596284.fit.gz,,,1392.0,1266.0,6068.0,11.233,4.793,24.0,22.0,174.2,181.6,17.3,0.0,,,,,119.0,102.0,,0.0,143.0,,,3.0,,,,,,,,,,,,,0.0,,1.0,,,,,,,,,,,,,,,,,,,,,,,,,,,0.0,4.359,0.0,,,,,,,,,,,,,,,,,,,,,""
14760071792,"Jun 10, 2025, 10:30:58 PM",Afternoon E-Bike Ride,E-Bike Ride,,804,5.29,101.0,1,false,,,activities/15751600672.fit.gz,,,804.0,763.0,5297.6,9.58,6.943,43.0,44.0,165.8,182.2,14.5,0.0,,,,,101.0,89.0,,0.0,61.0,,,1.0,,,,,,,,,,,,,0.0,,1.0,,,,,,,,,,,,,,,,,,,,,,,,,,,0.0,6.589,0.0,,,,,,,,,,,,,,,,,,,,,""
14750658251,"Jun 10, 2025, 1:54:35 AM",Evening Ride,Ride,,1013,4.19,133.0,3,false,,,activities/15741424293.fit.gz,,,1013.0,922.0,4189.7,9.22,4.544,23.0,16.0,175.0,187.4,10.8,0.2,,,,,133.0,116.0,,,142.0,,,3.0,,,,,,,,,,,,,0.0,,1.0,,,,,,,,,,,,,,,,,,,,,,,,,,,0.0,4.136,0.0,,,,,,,,,,,,,,,,,,,,,""
14750318729,"Jun 10, 2025, 12:37:29 AM",Evening Ride,Ride,,636,3.06,140.0,3,false,,,activities/15741055458.fit.gz,,,636.0,507.0,3067.9,8.2,6.051,30.0,24.0,174.0,186.2,20.0,0.1,,,,,140.0,131.0,,,119.0,,,3.0,,,,,,,,,,,,,0.0,,1.0,,,,,,,,,,,,,,,,,,,,,,,,,,,0.0,4.824,0.0,,,,,,,,,,,,,,,,,,,,,""
14740988442,"Jun 9, 2025, 6:37:39 AM",Night Ride,Ride,,1805,8.05,144.0,6,false,,,activities/15731078193.fit.gz,,,1805.0,1516.0,8053.7,9.283,5.312,48.0,59.0,189.0,235.8,23.5,-0.1,,,,,144.0,116.0,,,234.0,,,6.0,,,,,,,,,,,,,0.0,,1.0,,,,,,,,,,,,,,,,,,,,,,,,,,,0.0,4.462,59.4,,,,,,,,,,,,,,,,,,,,,""
14739188687,"Jun 8, 2025, 10:56:34 PM",Afternoon E-Bike Ride,E-Bike Ride,,771,2.95,145.0,2,false,,,activities/15729060033.fit.gz,,,771.0,604.0,2951.8,8.75,4.887,38.0,27.0,175.2,191.2,19.0,0.3,,,,,145.0,120.0,,,121.0,,,2.0,,,,,,,,,,,,,0.0,,1.0,,,,,,,,,,,,,,,,,,,,,,,,,,,0.0,3.829,0.0,,,,,,,,,,,,,,,,,,,,,""
14729815176,"Jun 8, 2025, 4:07:50 AM",Night Ride,Ride,Why won't Annette's open for us after the hassle we went through to get to there 😭,2185,10.00,152.0,20,false,,,activities/15718962626.fit.gz,,,2185.0,2010.0,10001.1,9.867,4.976,49.0,42.0,173.4,192.4,33.3,0.1,,,,,152.0,136.0,,,400.0,,,20.0,,,,,,,,,,,0.0,,0.0,,1.0,,,,,,,,,,,,,,,,,,,,,,,,,,,0.0,4.577,0.0,,,,,,,,,,,,,,,,,,,,,media/a52e77e8-b5e0-42b1-8d8a-eeb276c5e080.jpg
14728413004,"Jun 7, 2025, 10:55:06 PM",Afternoon Ride,Ride,,1745,9.31,146.0,6,false,,,activities/15717407253.fit.gz,,,1745.0,1597.0,9314.2,8.85,5.832,64.0,53.0,174.2,193.4,29.9,0.1,,,,,146.0,113.0,,,228.0,,,6.0,,,,,,,,,,,,,0.0,,1.0,,,,,,,,,,,,,,,,,,,,,,,,,,,0.0,5.338,489.0,,,,,,,,,,,,,,,,,,,,,""
14728158449,"Jun 7, 2025, 10:19:31 PM",Afternoon Ride,Ride,,440,2.08,131.0,1,false,,,activities/15717128123.fit.gz,,,440.0,421.0,2086.8,7.78,4.957,19.0,15.0,185.6,194.0,7.3,0.2,,,,,131.0,116.0,,,66.0,,,1.0,,,,,,,,,,,,,0.0,,1.0,,,,,,,,,,,,,,,,,,,,,,,,,,,0.0,4.743,0.0,,,,,,,,,,,,,,,,,,,,,""
14726616896,"Jun 7, 2025, 5:12:59 PM",Lunch Swim,Swim,,3331,"2,150",191.0,92,false,,,activities/15715445489.fit.gz,,,3331.0,3158.0,2150.0,1.58,0.681,0.0,0.0,0.0,0.0,0.0,0.0,,,,17.0,191.0,146.0,,,644.0,,,92.0,,,,,,,,,,,,,0.0,,1.0,,,,,,,,,,,,,,,,,,,,,,,,,,,0.0,0.645,0.0,,,,,,25.0,,,,,,,,,,,,,,,""
14719092953,"Jun 7, 2025, 1:19:05 AM",Evening Ride,Ride,,1138,4.11,149.0,3,false,,,activities/15707316581.fit.gz,,,1138.0,809.0,4112.8,7.578,5.084,18.0,16.0,178.8,194.6,28.6,0.2,,,,,149.0,122.0,,,181.0,,,3.0,,,,,,,,,,,,,0.0,,1.0,,,,,,,,,,,,,,,,,,,,,,,,,,,0.0,3.614,0.0,,,,,,,,,,,,,,,,,,,,,""
14709199886,"Jun 5, 2025, 10:57:20 PM",Afternoon Ride,Ride,,1174,5.76,129.0,3,false,,,activities/15696596010.fit.gz,,,1174.0,1150.0,5766.4,14.42,5.014,49.0,48.0,176.0,187.2,45.6,0.0,,,,,129.0,113.0,,,151.0,,,3.0,,,,,,,,,,,,,0.0,,1.0,,,,,,,,,,,,,,,,,,,,,,,,,,,0.0,4.912,0.0,,,,,,,,,,,,,,,,,,,,,""
14700655290,"Jun 5, 2025, 2:32:13 AM",Night Weight Training,Weight Training,,2676,0,168.0,13,false,,,activities/15687410813.fit.gz,,,2676.0,2676.0,0.0,0.0,0.0,0.0,0.0,0.0,0.0,0.0,0.0,,,,,168.0,112.0,,,327.0,,,13.0,,,,,,,,,,,,,0.0,,1.0,,,,,,,,,,,,,,,,,,,,,,,,,,,0.0,0.0,0.0,,,,,,,,,,,860.0,,,,,,,,,,""
14699021623,"Jun 4, 2025, 10:14:33 PM",Afternoon Ride,Ride,,1234,5.67,128.0,2,false,,,activities/15685661400.fit.gz,,,1234.0,1210.0,5670.0,9.3,4.686,36.0,29.0,174.4,187.0,41.2,0.2,,,,,128.0,83.0,,,79.0,,,2.0,,,,,,,,,,,,,0.0,,1.0,,,,,,,,,,,,,,,,,,,,,,,,,,,0.0,4.595,17.7,,,,,,,,,,,,,,,,,,,,,""
14689533336,"Jun 4, 2025, 1:21:53 AM",Evening Run,Run,,1162,3.22,178.0,38,false,,,activities/15675468393.fit.gz,,,1162.0,1152.0,3222.9,4.18,2.798,35.0,27.0,174.8,188.2,42.3,0.3,,,105.0,79.0,178.0,159.0,,320.0,274.0,,,38.0,367766.0,,,,,,,,319.0,1163.0,,,0.0,,1.0,3442.9,,,,,,,,,,,,,,,,,,,,,,,,,,0.0,2.774,941.3,,,,3004.0,,,185.0,240.0,2.989,,,,,,,,,,,,""
14689528363,"Jun 3, 2025, 10:52:38 PM",tempo intervals,Run,most convincing win this season thus far. I need to work on my serve tho :(,2946,9.70,195.0,164,false,"",On Cloudsurfer,activities/15675463085.fit.gz,,,2946.0,2846.0,9708.4,6.1,3.411,38.0,44.0,180.0,191.6,20.6,-0.1,,,120.0,79.0,195.0,176.0,,402.0,791.0,,,164.0,1144327.0,,,,,,,,405.0,2947.0,0.0,,0.0,,1.0,9885.4,,,,,,,,,,,,,,,,19487204.0,,,,,,,,,,0.0,3.295,2450.8,,,,7512.0,,,760.0,305.0,3.473,,,,,,,,,,,,media/777cf823-18ea-4032-b9bf-5f3203c1ac1f.jpg|media/5cf4bee5-575b-45f2-b2d5-9f334e681e35.jpg
14678631649,"Jun 3, 2025, 2:05:56 AM",Night Ride,Ride,,712,3.57,117.0,2,false,,,activities/15663809816.fit.gz,,,712.0,712.0,3577.3,6.9,5.024,11.0,6.0,176.8,186.8,10.4,0.2,,,,,117.0,109.0,,,87.0,,,2.0,,,,,,,,,,,,,0.0,,1.0,,,,,,,,,,,,,,,,,,,,,,,,,,,0.0,5.024,0.0,,,,,,,,,,,,,,,,,,,,,""
14678116011,"Jun 3, 2025, 12:36:33 AM",Evening E-Bike Ride,E-Bike Ride,,413,3.20,124.0,1,false,,,activities/15663254563.fit.gz,,,413.0,413.0,3208.4,15.74,7.769,13.0,16.0,176.8,184.6,11.8,0.0,,,,,124.0,109.0,,,53.0,,,1.0,,,,,,,,,,,,,0.0,,1.0,,,,,,,,,,,,,,,,,,,,,,,,,,,0.0,7.769,0.0,,,,,,,,,,,,,,,,,,,,,""
14677267589,"Jun 2, 2025, 10:27:42 PM",Afternoon Ride,Ride,,1513,5.96,113.0,3,false,,,activities/15662362848.fit.gz,,,1513.0,1399.0,5963.9,9.529,4.263,14.0,30.0,184.0,206.0,25.0,-0.3,,,,,113.0,96.0,,,131.0,,,3.0,,,,,,,,,,,,,0.0,,1.0,,,,,,,,,,,,,,,,,,,,,,,,,,,0.0,3.942,0.0,,,,,,,,,,,,,,,,,,,,,""
14667753539,"Jun 1, 2025, 11:04:38 PM",Evening Ride,Ride,,1146,5.33,129.0,3,false,,,activities/15652082551.fit.gz,,,1146.0,1113.0,5335.5,8.02,4.794,28.0,21.0,173.8,185.4,20.0,0.1,,,,,129.0,111.0,,,142.0,,,3.0,,,,,,,,,,,,,0.0,,1.0,,,,,,,,,,,,,,,,,,,,,,,,,,,0.0,4.656,574.9,,,,,,,,,,,,,,,,,,,,,""
14667331824,"Jun 1, 2025, 9:41:41 PM",Afternoon Ride,Ride,"",835,4.05,158.0,8,false,,,activities/15651625784.fit.gz,,,835.0,780.0,4054.1,6.84,5.198,41.0,21.0,158.2,182.0,19.2,0.4,,,,,158.0,135.0,,,172.0,,,8.0,,,,,,,,,,,0.0,,0.0,,1.0,,,,,,,,,,,,,,,,,,,,,,,,,,,0.0,4.855,564.4,,,,,,,,,,,,,,,,,,,,,media/1062513a-c235-4b3a-af95-8abb4829709c.mp4
14657473535,"Jun 1, 2025, 1:47:14 AM",Evening Ride,Ride,,990,4.86,141.0,3,false,,,activities/15641041944.fit.gz,,,990.0,923.0,4860.0,8.4,5.265,20.0,23.0,181.8,194.8,22.2,0.0,,,,,141.0,117.0,,,147.0,,,3.0,,,,,,,,,,,,,0.0,,1.0,,,,,,,,,,,,,,,,,,,,,,,,,,,0.0,4.909,0.0,,,,,,,,,,,,,,,,,,,,,""
14657385224,"Jun 1, 2025, 1:33:28 AM",Evening E-Bike Ride,E-Bike Ride,,786,2.81,114.0,1,false,,,activities/15640945635.fit.gz,,,786.0,625.0,2817.2,9.6,4.508,32.0,19.0,178.0,196.8,30.8,0.4,,,,,114.0,95.0,,,68.0,,,1.0,,,,,,,,,,,,,0.0,,1.0,,,,,,,,,,,,,,,,,,,,,,,,,,,0.0,3.584,0.0,,,,,,,,,,,,,,,,,,,,,""
14654656897,"May 31, 2025, 4:58:13 PM",Lunch Swim,Swim,,3319,"2,025",200.0,89,false,,,activities/15637986572.fit.gz,,,3319.0,3265.0,2025.0,1.4,0.62,0.0,0.0,0.0,0.0,0.0,0.0,,,,16.0,200.0,145.0,,,578.0,,,89.0,,,,,,,,,,,,,0.0,,1.0,,,,,,,,,,,,,,,,,,,,,,,,,,,0.0,0.61,0.0,,,,,,25.0,,,,,,,,,,,,,,,""
14637375806,"May 30, 2025, 2:27:12 AM",Night Weight Training,Weight Training,,2384,0,168.0,13,false,,,activities/15619379137.fit.gz,,,2384.0,2384.0,0.0,0.0,0.0,0.0,0.0,0.0,0.0,0.0,0.0,,,,,168.0,123.0,,,344.0,,,13.0,,,,,,,,,,,,,0.0,,1.0,,,,,,,,,,,,,,,,,,,,,,,,,,,0.0,0.0,0.0,,,,,,,,,,,640.0,,,,,,,,,,""
14636102866,"May 29, 2025, 10:40:30 PM",Afternoon Ride,Ride,,1182,5.58,126.0,3,false,,,activities/15618007591.fit.gz,,,1182.0,1015.0,5583.0,9.85,5.5,41.0,26.0,166.2,185.6,39.0,0.3,,,,,126.0,112.0,,,150.0,,,3.0,,,,,,,,,,,,,0.0,,1.0,,,,,,,,,,,,,,,,,,,,,,,,,,,0.0,4.723,0.0,,,,,,,,,,,,,,,,,,,,,""
14626915585,"May 29, 2025, 2:25:52 AM",Night Weight Training,Weight Training,,2306,0,162.0,10,false,,,activities/15608153998.fit.gz,,,2306.0,2306.0,0.0,0.0,0.0,0.0,0.0,0.0,0.0,0.0,0.0,,,,,162.0,108.0,,,275.0,,,10.0,,,,,,,,,,,,,0.0,,1.0,,,,,,,,,,,,,,,,,,,,,,,,,,,0.0,0.0,0.0,,,,,,,,,,,808.0,,,,,,,,,,""
14625410175,"May 28, 2025, 10:19:07 PM",Afternoon Ride,Ride,,1257,5.53,121.0,2,false,,,activities/15606547118.fit.gz,,,1257.0,1103.0,5535.8,9.8,5.019,47.0,24.0,165.8,191.4,43.8,0.5,,,,,121.0,94.0,,,107.0,,,2.0,,,,,,,,,,,,,0.0,,1.0,,,,,,,,,,,,,,,,,,,,,,,,,,,0.0,4.404,35.4,,,,,,,,,,,,,,,,,,,,,""
14616507526,"May 28, 2025, 1:17:31 AM",Evening Run,Run,"",2107,5.66,174.0,25,false,"",On Cloudsurfer,activities/15596980249.fit.gz,,,2107.0,2100.0,5668.6,4.38,2.699,31.0,23.0,172.4,184.4,23.9,0.2,,,81.0,78.0,174.0,142.0,,314.0,443.0,,,25.0,660913.0,,,,,,,,315.0,2108.0,,,0.0,,1.0,5798.9,,,,,,,,,,,,,,,,19487204.0,,,,,,,,,,0.0,2.69,2008.7,,,,5488.0,,,328.0,237.0,2.761,,,,,,,,,,,,""
14616097983,"May 28, 2025, 12:11:20 AM",Evening Run,Run,,1264,3.34,151.0,12,false,,,activities/15596540496.fit.gz,,,1264.0,1198.0,3347.1,5.64,2.794,25.0,11.0,167.8,188.2,23.5,0.3,,,117.0,80.0,151.0,138.0,,356.0,256.0,,,12.0,403358.0,,,,,,,,344.0,1265.0,,,0.0,,1.0,3473.0,,,,,,,,,,,,,,,,,,,,,,,,,,0.0,2.648,934.0,,,,3016.0,,,235.0,259.0,2.899,,,,,,,,,,,,""
14604523899,"May 26, 2025, 5:23:22 PM",Afternoon Run,Run,"When your friends bet that you can't finish 2 miles under 25 minutes on sand but you not only really want to get to the pier but also need to make some money. Threw up two nights in a row definitely didn't help but the view from the pier was worth it. 
Turned out if they had made me touch the green one, id have to swim ",1385,3.37,189.0,18,false,"",,activities/15584133758.fit.gz,,,1385.0,1379.0,3373.6,3.34,2.446,31.0,27.0,163.6,184.0,27.9,0.2,,,117.0,77.0,189.0,142.0,,286.0,283.0,,,18.0,394682.0,,,,,,,,288.0,1386.0,0.0,,0.0,,1.0,3513.0,,,,,,,,,,,,,,,,,,,,,,,,,,0.0,2.436,0.0,,,,3562.0,,,180.0,217.0,2.547,,,,,,,,,,,,media/a3418448-d399-4f2b-815a-fff1922e6e2d.mp4|media/15f9b624-be23-48f4-9ab7-b309797870b4.mp4|media/898c8927-e148-4021-89af-512f43c0de10.jpg
14595142823,"May 25, 2025, 8:54:03 PM",Afternoon Hike,Hike,,1068,1.34,144.0,2,false,,,activities/15573981404.fit.gz,,,1068.0,1037.0,1345.5,4.14,1.297,48.0,23.0,183.0,228.8,25.5,1.7,,,82.0,52.0,144.0,102.0,,,113.0,,,2.0,,,,,,,,,,,,,0.0,,1.0,,,,,,,,,,,,,,,,,,,,,,,,,,,0.0,1.26,0.0,,,,1788.0,,,,,,,1788.0,,,,,,,,,,""
14595140416,"May 25, 2025, 7:58:34 PM",Afternoon Hike,Hike,,1181,0.82,121.0,1,false,,,activities/15573978824.fit.gz,,,1181.0,666.0,827.9,1.913,1.243,10.0,45.0,179.4,227.8,16.2,-5.6,,,76.0,51.0,121.0,94.0,,,95.0,,,1.0,,,,,,,,,,,,,0.0,,1.0,,,,,,,,,,,,,,,,,,,,,,,,,,,0.0,0.701,439.9,,,,1122.0,,,,,,,1122.0,,,,,,,,,,""
14582011279,"May 24, 2025, 4:01:28 PM",Lunch E-Bike Ride,E-Bike Ride,,1730,8.11,135.0,4,false,,,activities/15559835174.fit.gz,,,1730.0,1460.0,8115.5,13.28,5.559,34.0,40.0,173.2,191.2,44.4,-0.1,,,,,135.0,111.0,,,215.0,,,4.0,,,,,,,,,,,,,0.0,,1.0,,,,,,,,,,,,,,,,,,,,,,,,,,,0.0,4.691,0.0,,,,,,,,,,,,,,,,,,,,,""
14565883188,"May 23, 2025, 12:31:07 AM",Evening Ride,Ride,,693,2.86,152.0,2,false,,,activities/15542420671.fit.gz,,,693.0,669.0,2868.2,7.05,4.287,19.0,16.0,180.4,199.6,22.2,0.1,,,,,152.0,110.0,,,88.0,,,2.0,,,,,,,,,,,,,0.0,,1.0,,,,,,,,,,,,,,,,,,,,,,,,,,,0.0,4.139,0.0,,,,,,,,,,,,,,,,,,,,,""
14565173774,"May 22, 2025, 10:20:07 PM",Afternoon Ride,Ride,,1370,5.09,123.0,2,false,,,activities/15541665247.fit.gz,,,1370.0,1057.0,5096.6,8.433,4.822,15.0,9.0,167.2,183.0,46.8,0.2,,,,,123.0,89.0,,,102.0,,,2.0,,,,,,,,,,,,,0.0,,1.0,,,,,,,,,,,,,,,,,,,,,,,,,,,0.0,3.72,0.0,,,,,,,,,,,,,,,,,,,,,""
14495966603,"May 15, 2025, 9:48:37 PM",Afternoon Ride,Ride,,1269,5.48,129.0,3,false,,,activities/15465949436.fit.gz,,,1269.0,1219.0,5488.9,8.18,4.503,35.0,25.0,258.2,270.0,20.5,0.2,,,,,129.0,113.0,,,167.0,,,3.0,,,,,,,,,,,,,0.0,,1.0,,,,,,,,,,,,,,,,,,,,,,,,,,,0.0,4.325,0.0,,,,,,,,,,,,,,,,,,,,,""
14483056001,"May 14, 2025, 10:02:49 PM",Afternoon Ride,Ride,,1613,6.29,125.0,3,false,,,activities/15452124326.fit.gz,,,1613.0,1388.0,6298.6,10.4,4.538,30.0,12.0,286.8,305.0,26.8,0.3,,,,,125.0,105.0,,,173.0,,,3.0,,,,,,,,,,,,,0.0,,1.0,,,,,,,,,,,,,,,,,,,,,,,,,,,0.0,3.905,28.4,,,,,,,,,,,,,,,,,,,,,""
14472899633,"May 13, 2025, 11:24:17 PM",Evening Run,Run,"",2898,6.96,167.0,27,false,"",On Cloudsurfer,activities/15441375703.fit.gz,,,2898.0,2461.0,6965.7,5.54,2.83,37.0,30.0,177.6,191.6,46.3,0.1,,,85.0,79.0,167.0,140.0,,316.0,573.0,,,27.0,780523.0,,,,,,,,303.0,2899.0,,,0.0,,1.0,7145.5,,,,,,,,,,,,,,,,19487204.0,,,,,,,,,,0.0,2.404,2497.5,,,,6560.0,,,418.0,228.0,2.903,,,,,,,,,,,,""
14461564945,"May 12, 2025, 11:43:30 PM",Evening Ride,Ride,,746,3.88,127.0,2,false,,,activities/15429423530.fit.gz,,,746.0,691.0,3882.8,10.137,5.619,34.0,15.0,180.8,205.6,6.5,0.4,,,,,127.0,117.0,,,109.0,,,2.0,,,,,,,,,,,,,0.0,,1.0,,,,,,,,,,,,,,,,,,,,,,,,,,,0.0,5.205,0.0,,,,,,,,,,,,,,,,,,,,,""
14461110485,"May 12, 2025, 10:30:30 PM",Afternoon Ride,Ride,,1552,5.80,132.0,4,false,,,activities/15428950112.fit.gz,,,1552.0,1357.0,5801.6,11.0,4.275,58.0,38.0,167.4,191.2,31.3,0.4,,,,,132.0,110.0,,,178.0,,,4.0,,,,,,,,,,,,,0.0,,1.0,,,,,,,,,,,,,,,,,,,,,,,,,,,0.0,3.738,0.0,,,,,,,,,,,,,,,,,,,,,""
14437957836,"May 10, 2025, 4:22:21 PM",Lunch Ride,Ride,,1325,4.29,120.0,2,false,,,activities/15404407869.fit.gz,,,1325.0,1074.0,4292.2,6.46,3.996,47.0,36.0,173.8,187.4,34.0,0.2,,,,,120.0,100.0,,,121.0,,,2.0,,,,,,,,,,,,,0.0,,1.0,,,,,,,,,,,,,,,,,,,,,,,,,,,0.0,3.239,0.0,,,,,,,,,,,,,,,,,,,,,""
14436649571,"May 10, 2025, 2:02:01 PM",Morning Ride,Ride,,929,3.64,136.0,3,false,,,activities/15403036673.fit.gz,,,929.0,857.0,3648.1,6.4,4.257,11.0,13.0,176.4,187.2,47.9,0.0,,,,,136.0,120.0,,,144.0,,,3.0,,,,,,,,,,,,,0.0,,1.0,,,,,,,,,,,,,,,,,,,,,,,,,,,0.0,3.927,0.0,,,,,,,,,,,,,,,,,,,,,""
14421888575,"May 9, 2025, 2:36:42 AM",Night Weight Training,Weight Training,,2292,0,158.0,10,false,,,activities/15387426541.fit.gz,,,2292.0,2292.0,0.0,0.0,0.0,0.0,0.0,0.0,0.0,0.0,0.0,,,,,158.0,107.0,,,259.0,,,10.0,,,,,,,,,,,,,0.0,,1.0,,,,,,,,,,,,,,,,,,,,,,,,,,,0.0,0.0,0.0,,,,,,,,,,,694.0,,,,,,,,,,""
14420545107,"May 8, 2025, 10:56:53 PM",Afternoon Ride,Ride,,388,1.50,104.0,0,false,,,activities/15386056619.fit.gz,,,388.0,312.0,1502.7,13.8,4.816,23.0,13.0,174.4,189.2,22.2,0.8,,,,,104.0,87.0,,,29.0,,,0.0,,,,,,,,,,,,,0.0,,1.0,,,,,,,,,,,,,,,,,,,,,,,,,,,0.0,3.873,35.4,,,,,,,,,,,,,,,,,,,,,""
14411839775,"May 7, 2025, 11:31:19 PM",fartlek,Run,f solidcore and the wind coming back ,2510,8.61,179.0,95,false,"",On Cloudsurfer,activities/15376854105.fit.gz,,,2510.0,2510.0,8613.7,7.16,3.432,92.0,65.0,159.0,188.8,45.4,0.3,,,86.0,81.0,179.0,162.0,,419.0,652.0,,,95.0,1050363.0,,,,,,,,424.0,2511.0,,,0.0,,1.0,9038.4,,,,,,,,,,,,,,,,19487204.0,,,,,,,,,,0.0,3.432,1873.2,,,,6728.0,,,709.0,319.0,3.601,,,,,,,,,,,,""
14410347102,"May 7, 2025, 10:39:37 PM",Afternoon Ride,Ride,,1488,5.74,131.0,3,false,,,activities/15375284920.fit.gz,,,1488.0,1319.0,5741.9,7.083,4.353,71.0,56.0,174.6,196.0,23.3,0.3,,,,,131.0,108.0,,,177.0,,,3.0,,,,,,,,,,,,,0.0,,1.0,,,,,,,,,,,,,,,,,,,,,,,,,,,0.0,3.859,76.5,,,,,,,,,,,,,,,,,,,,,""
14400473800,"May 6, 2025, 11:26:19 PM",Evening Run,Run,welcome [strava://athletes/48131721/15]Stephen Horvath and [strava://athletes/139177665/12]Jeffrey Tran is still stuck with his pivot table :(,3031,7.13,168.0,22,false,"",On Cloudsurfer,activities/15364938795.fit.gz,,,3031.0,2905.0,7132.0,4.797,2.455,40.0,43.0,181.8,204.4,25.0,-0.1,,,114.0,78.0,168.0,138.0,,321.0,561.0,,,22.0,804566.0,,,,,,,,314.0,3033.0,,,0.0,,1.0,7266.5,,,,,,,,,,,,,,,,19487204.0,,,,,,,,,,0.0,2.353,2485.1,,,,6502.0,,,469.0,236.0,2.501,,,,,,,,,,,,""
14390707776,"May 6, 2025, 2:31:27 AM",Night Ride,Ride,,1709,4.57,127.0,3,false,,,activities/15354714341.fit.gz,,,1709.0,1019.0,4574.1,12.986,4.489,43.0,26.0,167.4,193.0,23.4,0.0,,,,,127.0,111.0,,,142.0,,,3.0,,,,,,,,,,,,,0.0,,1.0,,,,,,,,,,,,,,,,,,,,,,,,,,,0.0,2.676,0.0,,,,,,,,,,,,,,,,,,,,,""
14389498953,"May 5, 2025, 10:44:44 PM",Afternoon Ride,Ride,,1232,4.63,114.0,1,false,,,activities/15353449561.fit.gz,,,1232.0,964.0,4636.5,10.843,4.81,43.0,32.0,283.6,301.4,37.2,0.2,,,,,114.0,88.0,,,88.0,,,1.0,,,,,,,,,,,,,0.0,,1.0,,,,,,,,,,,,,,,,,,,,,,,,,,,0.0,3.763,0.0,,,,,,,,,,,,,,,,,,,,,""
14371936993,"May 4, 2025, 8:08:43 AM",Night Ride,Ride,,1091,2.51,138.0,2,false,,,activities/15334990530.fit.gz,,,1091.0,588.0,2513.9,13.86,4.275,44.0,17.0,160.8,190.2,34.8,1.1,,,,,138.0,125.0,,,179.0,,,2.0,,,,,,,,,,,,,0.0,,1.0,,,,,,,,,,,,,,,,,,,,,,,,,,,0.0,2.304,0.0,,,,,,,,,,,,,,,,,,,,,""
14370724434,"May 4, 2025, 3:16:27 AM",Night Ride,Ride,,1472,5.38,147.0,5,false,,,activities/15333698903.fit.gz,,,1472.0,1182.0,5380.1,6.25,4.552,35.0,23.0,170.8,195.4,21.1,0.2,,,,,147.0,125.0,,,236.0,,,5.0,,,,,,,,,,,,,0.0,,1.0,,,,,,,,,,,,,,,,,,,,,,,,,,,0.0,3.655,0.0,,,,,,,,,,,,,,,,,,,,,""
14350424740,"May 2, 2025, 2:31:18 AM",Night Weight Training,Weight Training,,2316,0,179.0,15,false,,,activities/15312323882.fit.gz,,,2316.0,2316.0,0.0,0.0,0.0,0.0,0.0,0.0,0.0,0.0,0.0,,,,,179.0,110.0,,,295.0,,,15.0,,,,,,,,,,,,,0.0,,1.0,,,,,,,,,,,,,,,,,,,,,,,,,,,0.0,0.0,0.0,,,,,,,,,,,760.0,,,,,,,,,,""
14349398089,"May 1, 2025, 10:53:31 PM",Afternoon Ride,Ride,,1563,6.28,120.0,3,false,,,activities/15311244941.fit.gz,,,1563.0,1423.0,6287.9,8.48,4.419,41.0,30.0,285.0,298.8,44.4,0.2,,,,,120.0,100.0,,,151.0,,,3.0,,,,,,,,,,,,,0.0,,1.0,,,,,,,,,,,,,,,,,,,,,,,,,,,0.0,4.023,0.0,,,,,,,,,,,,,,,,,,,,,""
14339031316,"May 1, 2025, 2:35:48 AM",Night Weight Training,Weight Training,,2329,0,160.0,16,false,,,activities/15300398828.fit.gz,,,2329.0,2329.0,0.0,0.0,0.0,0.0,0.0,0.0,0.0,0.0,0.0,,,,,160.0,125.0,,,348.0,,,16.0,,,,,,,,,,,,,0.0,,1.0,,,,,,,,,,,,,,,,,,,,,,,,,,,0.0,0.0,0.0,,,,,,,,,,,800.0,,,,,,,,,,""
14337567214,"Apr 30, 2025, 10:27:57 PM",Afternoon Ride,Ride,,1463,5.84,130.0,3,false,,,activities/15298878774.fit.gz,,,1463.0,1256.0,5848.7,8.183,4.657,42.0,22.0,283.8,306.2,49.2,0.4,,,,,130.0,110.0,,,169.0,,,3.0,,,,,,,,,,,,,0.0,,1.0,,,,,,,,,,,,,,,,,,,,,,,,,,,0.0,3.998,0.0,,,,,,,,,,,,,,,,,,,,,""
14328114114,"Apr 29, 2025, 11:27:35 PM",Evening run,Run,Welcome [strava://athletes/139177665/12]Jeffrey Tran ,3297,8.15,168.0,43,false,,,activities/15288971667.fit.gz,,,3297.0,2799.0,8149.9,10.4,2.912,48.0,56.0,181.2,213.4,22.2,-0.1,,,123.0,80.0,168.0,143.0,,343.0,657.0,,,43.0,969253.0,,,,,,,,342.0,3297.0,0.0,,0.0,,1.0,8325.9,,,,,,,,,,,,,,,,,,,,,,,,,,0.0,2.472,2947.6,,,,7584.0,,,605.0,257.0,2.975,,,,,,,,,,,,""
14317960933,"Apr 29, 2025, 2:26:59 AM",Night Weight Training,Weight Training,,2217,0,160.0,10,false,,,activities/15278396830.fit.gz,,,2217.0,2217.0,0.0,0.0,0.0,0.0,0.0,0.0,0.0,0.0,0.0,,,,,160.0,111.0,,,269.0,,,10.0,,,,,,,,,,,,,0.0,,1.0,,,,,,,,,,,,,,,,,,,,,,,,,,,0.0,0.0,0.0,,,,,,,,,,,918.0,,,,,,,,,,""
14317263716,"Apr 29, 2025, 12:15:27 AM",Evening Ride,Ride,,768,3.49,140.0,3,false,,,activities/15277668610.fit.gz,,,768.0,657.0,3495.9,7.829,5.321,14.0,19.0,183.4,191.0,8.6,-0.2,,,,,140.0,127.0,,,137.0,,,3.0,,,,,,,,,,,,,0.0,,1.0,,,,,,,,,,,,,,,,,,,,,,,,,,,0.0,4.552,0.0,,,,,,,,,,,,,,,,,,,,,""
14307384628,"Apr 27, 2025, 9:58:52 PM",Afternoon Tennis,Workout,,4709,1.88,180.0,9,false,,,activities/15267320386.fit.gz,,,4709.0,2238.0,1884.1,3.2,0.842,0.0,0.0,178.9,179.2,2.8,0.0,,,123.0,60.0,180.0,111.0,,,439.0,,,9.0,,,,,,,,,,,,,0.0,,1.0,,,,,,,,,,,,,,,,,,,,,,,,,,,0.0,0.4,0.0,,,,3336.0,,,,,,,3336.0,,,,,,,,,,""
14294481069,"Apr 26, 2025, 5:24:26 PM",Lunch Run,Run,This is for the hater who told me that I won't see any Sakura last weekend ,3506,11.29,179.0,123,false,"",On Cloudsurfer,activities/15253789910.fit.gz,,,3506.0,3458.0,11292.4,11.7,3.266,97.0,96.0,170.8,189.8,22.4,0.0,,,121.0,83.0,179.0,161.0,,362.0,893.0,,,123.0,1259148.0,,,,,,,,365.0,3507.0,0.0,,0.0,,1.0,11576.4,,,,,,,,,,,,,,,,19487204.0,,,,,,,,,,0.0,3.221,2395.6,,,,9554.0,,,732.0,274.0,3.348,,,,,,,,,,,,media/fbecf1a9-54e7-4477-9bf9-745139dd84d7.jpg|media/dfe1a443-90b0-435f-b9fb-d1efc2e01924.jpg|media/53d7f97d-c774-4eaf-821f-9202af0ade41.jpg|media/18909986-e33e-487d-ac8d-8460c24c74f4.jpg|media/cbcff9cb-b050-4a29-a4a8-fc7957e8ead3.jpg|media/0142e8f6-d5a0-4351-9162-1c9e3f59d3ef.jpg
14293597673,"Apr 26, 2025, 4:25:00 PM",Lunch E-Bike Ride,E-Bike Ride,,979,4.59,115.0,1,false,,,activities/15252860050.fit.gz,,,979.0,721.0,4594.9,16.32,6.373,45.0,29.0,169.8,192.2,40.0,0.4,,,,,115.0,83.0,,,63.0,,,1.0,,,,,,,,,,,,,0.0,,1.0,,,,,,,,,,,,,,,,,,,,,,,,,,,0.0,4.693,0.0,,,,,,,,,,,,,,,,,,,,,""
14288500113,"Apr 26, 2025, 7:33:17 AM",Night E-Bike Ride,E-Bike Ride,,647,4.01,115.0,1,false,,,activities/15247527197.fit.gz,,,647.0,614.0,4011.0,10.32,6.533,58.0,41.0,162.6,187.6,15.3,0.5,,,,,115.0,94.0,,,55.0,,,1.0,,,,,,,,,,,,,0.0,,1.0,,,,,,,,,,,,,,,,,,,,,,,,,,,0.0,6.199,0.0,,,,,,,,,,,,,,,,,,,,,""
14277888701,"Apr 25, 2025, 12:55:29 AM",Evening Ride,Ride,,1254,5.99,151.0,12,false,,,activities/15236392676.fit.gz,,,1254.0,1238.0,5993.6,8.75,4.841,57.0,40.0,159.8,185.4,41.1,0.3,,,,,151.0,135.0,,,248.0,,,12.0,,,,,,,,,,,,,0.0,,1.0,,,,,,,,,,,,,,,,,,,,,,,,,,,0.0,4.78,550.8,,,,,,,,,,,,,,,,,,,,,""
14267821780,"Apr 23, 2025, 10:57:49 PM",Afternoon E-Bike Ride,E-Bike Ride,"",1084,2.98,134.0,2,false,,,activities/15225882740.fit.gz,,,1084.0,612.0,2980.9,8.875,4.871,28.0,20.0,185.6,195.8,37.0,0.0,,,,,134.0,112.0,,,111.0,,,2.0,,,,,,,,,,,0.0,,0.0,,1.0,,,,,,,,,,,,,,,,,,,,,,,,,,,0.0,2.75,0.0,,,,,,,,,,,,,,,,,,,,,media/f0c596c7-3ca1-4289-ae19-684f5b0d8324.jpg|media/0a9f3f04-cb9f-4db1-87d1-89e7c3ba715a.mp4
14267324696,"Apr 23, 2025, 10:29:06 PM",Afternoon Ride,Ride,[strava://athletes/48131721/15]Stephen Horvath I really hope jackson park has better trees than this one I'm seeing in gold coast lol,1027,5.02,152.0,7,false,,,activities/15225371342.fit.gz,,,1027.0,934.0,5025.4,7.488,5.381,36.0,20.0,289.4,307.2,29.6,0.3,,,,,152.0,123.0,,,169.0,,,7.0,,,,,,,,,,,0.0,,0.0,,1.0,,,,,,,,,,,,,,,,,,,,,,,,,,,0.0,4.893,0.0,,,,,,,,,,,,,,,,,,,,,media/88c7a709-fb3e-4289-9285-8b0243b139ef.jpg
14257783322,"Apr 22, 2025, 11:25:52 PM",Evening Run,Run,Do [strava://athletes/125507724/13]Lexi Opperman or I have the better running girlie selfie angle ?,2916,7.13,151.0,15,false,"",On Cloudsurfer,activities/15215419156.fit.gz,,,2916.0,2553.0,7130.8,11.243,2.793,31.0,37.0,179.2,196.0,24.1,-0.1,,,123.0,78.0,151.0,133.0,,313.0,547.0,,,15.0,799248.0,,,,,,,,305.0,2917.0,0.0,,0.0,,1.0,7256.6,,,,,,,,,,,,,,,,19487204.0,,,,,,,,,,0.0,2.445,2491.4,,,,6696.0,,,425.0,229.0,2.842,,,,,,,,,,,,media/586e396d-d918-48b2-929a-0cd41bc49c68.mp4|media/2beee939-ffff-4a3d-a284-55a69051a7be.jpg|media/c7a552af-0535-43a8-a6c8-52fbbbdaff07.jpg|media/c7d191ce-8b0f-4393-ae59-fe843269ca34.jpg
14248181413,"Apr 22, 2025, 2:33:36 AM",Night Weight Training,Weight Training,,2294,0,162.0,13,false,,,activities/15205408226.fit.gz,,,2294.0,2294.0,0.0,0.0,0.0,0.0,0.0,0.0,0.0,0.0,0.0,,,,,162.0,111.0,,,283.0,,,13.0,,,,,,,,,,,,,0.0,,1.0,,,,,,,,,,,,,,,,,,,,,,,,,,,0.0,0.0,0.0,,,,,,,,,,,932.0,,,,,,,,,,""
14247060640,"Apr 21, 2025, 10:51:21 PM",Afternoon Ride,Ride,,1390,5.34,106.0,2,false,,,activities/15204240250.fit.gz,,,1390.0,1207.0,5341.7,7.433,4.426,56.0,46.0,284.8,301.8,49.5,0.2,,,,,106.0,88.0,,,101.0,,,2.0,,,,,,,,,,,,,0.0,,1.0,,,,,,,,,,,,,,,,,,,,,,,,,,,0.0,3.843,0.0,,,,,,,,,,,,,,,,,,,,,""
14237631801,"Apr 20, 2025, 10:51:58 PM",tempo interval,Run,Burning some calories before tasting [strava://athletes/27218112/15]Connor Hagimori 's personalized chili ,3890,12.83,183.0,111,false,"",On Cloudsurfer,activities/15194383789.fit.gz,,,3890.0,3824.0,12831.7,10.1,3.356,128.0,62.0,132.2,212.4,45.5,0.5,,,115.0,80.0,183.0,155.0,,392.0,957.0,,,111.0,1510624.0,,,,,,,,397.0,3891.0,0.0,,0.0,,1.0,13383.8,,,,,,,,,,,,,,,,19487204.0,,,,,,,,,,0.0,3.299,2679.5,,,,10314.0,,,961.0,298.0,3.5,,,,,,,,,,,,media/36001ff4-5ffd-4db3-89d3-c9c10282143c.jpg
14225426525,"Apr 19, 2025, 4:21:21 PM",Lunch Swim,Swim,,3095,"2,000",204.0,40,false,,,activities/15181541179.fit.gz,,,3095.0,3062.0,2000.0,1.4,0.653,0.0,0.0,0.0,0.0,0.0,0.0,,,,16.0,204.0,124.0,,,472.0,,,40.0,,,,,,,,,,,,,0.0,,1.0,,,,,,,,,,,,,,,,,,,,,,,,,,,0.0,0.646,0.0,,,,,,25.0,,,,,,,,,,,,,,,""
14209555446,"Apr 18, 2025, 5:16:40 AM",Night E-Bike Ride,E-Bike Ride,"",841,5.97,128.0,2,false,,,activities/15164928127.fit.gz,,,841.0,841.0,5974.1,10.76,7.104,47.0,47.0,176.6,191.6,25.0,0.0,,,,,128.0,112.0,,,109.0,,,2.0,,,,,,,,,,,0.0,,0.0,,1.0,,,,,,,,,,,,,,,,,,,,,,,,,,,0.0,7.104,0.0,,,,,,,,,,,,,,,,,,,,,""
14209491236,"Apr 18, 2025, 4:53:52 AM",Night E-Bike Ride,E-Bike Ride,,792,5.67,128.0,2,false,,,activities/15164860478.fit.gz,,,792.0,756.0,5676.8,9.38,7.509,70.0,54.0,170.0,195.0,24.4,0.4,,,,,128.0,120.0,,,124.0,,,2.0,,,,,,,,,,,,,0.0,,1.0,,,,,,,,,,,,,,,,,,,,,,,,,,,0.0,7.168,0.0,,,,,,,,,,,,,,,,,,,,,""
14209382965,"Apr 18, 2025, 4:01:54 AM",Night Ride,Ride,,1349,5.61,146.0,5,false,,,activities/15164744824.fit.gz,,,1349.0,1171.0,5617.0,7.88,4.797,33.0,17.0,179.4,195.2,41.3,0.2,,,,,146.0,124.0,,,210.0,,,5.0,,,,,,,,,,,,,0.0,,1.0,,,,,,,,,,,,,,,,,,,,,,,,,,,0.0,4.164,0.0,,,,,,,,,,,,,,,,,,,,,""
14208713667,"Apr 18, 2025, 12:37:42 AM",Evening E-Bike Ride,E-Bike Ride,[strava://athletes/23498370/13]Ignacio Jasso I still e-bike when I need to ,1038,5.84,140.0,3,false,,,activities/15164041404.fit.gz,,,1038.0,922.0,5847.3,9.443,6.342,44.0,38.0,178.4,196.2,9.5,0.1,,,,,140.0,114.0,,,142.0,,,3.0,,,,,,,,,,,0.0,,0.0,,1.0,,,,,,,,,,,,,,,,,,,,,,,,,,,0.0,5.633,0.0,,,,,,,,,,,,,,,,,,,,,""
14208711058,"Apr 17, 2025, 11:09:47 PM",Fartlek,Run,"",2537,8.64,184.0,96,false,"",On Cloudsurfer,activities/15164038701.fit.gz,,,2537.0,2519.0,8643.6,8.04,3.431,70.0,113.0,169.6,221.8,36.6,-0.5,,,87.0,81.0,184.0,163.0,,412.0,651.0,,,96.0,1043184.0,,,,,,,,424.0,2538.0,0.0,,0.0,,1.0,8919.9,,,,,,,,,,,,,,,,19487204.0,,,,,,,,,,0.0,3.407,1592.8,,,,6806.0,,,716.0,319.0,3.541,,,,,,,,,,,,""
14207967490,"Apr 17, 2025, 10:32:22 PM",Afternoon Ride,Ride,,1257,5.79,118.0,2,false,,,activities/15163269622.fit.gz,,,1257.0,1155.0,5789.5,13.56,5.013,44.0,23.0,224.2,246.2,44.9,0.4,,,,,118.0,92.0,,,98.0,,,2.0,,,,,,,,,,,,,0.0,,1.0,,,,,,,,,,,,,,,,,,,,,,,,,,,0.0,4.606,67.3,,,,,,,,,,,,,,,,,,,,,""
14199790842,"Apr 17, 2025, 2:21:55 AM",Night Ride,Ride,,1860,8.52,147.0,7,false,,,activities/15154722194.fit.gz,,,1860.0,1738.0,8519.7,8.48,4.902,39.0,30.0,168.6,194.0,48.3,0.1,,,,,147.0,120.0,,,271.0,,,7.0,,,,,,,,,,,,,0.0,,1.0,,,,,,,,,,,,,,,,,,,,,,,,,,,0.0,4.58,39.3,,,,,,,,,,,,,,,,,,,,,""
14198981018,"Apr 16, 2025, 11:12:48 PM",Evening Ride,Ride,,1974,8.25,147.0,8,false,,,activities/15153886900.fit.gz,,,1974.0,1504.0,8254.5,8.22,5.488,58.0,54.0,167.0,188.2,19.3,0.1,,,,,147.0,118.0,,,272.0,,,8.0,,,,,,,,,,,,,0.0,,1.0,,,,,,,,,,,,,,,,,,,,,,,,,,,0.0,4.182,0.0,,,,,,,,,,,,,,,,,,,,,""
14198653211,"Apr 16, 2025, 10:22:42 PM",Afternoon Ride,Ride,,1192,5.53,133.0,3,false,,,activities/15153550560.fit.gz,,,1192.0,1095.0,5531.8,12.1,5.052,20.0,10.0,225.0,235.4,27.6,0.2,,,,,133.0,104.0,,,136.0,,,3.0,,,,,,,,,,,,,0.0,,1.0,,,,,,,,,,,,,,,,,,,,,,,,,,,0.0,4.641,57.2,,,,,,,,,,,,,,,,,,,,,""
14189616200,"Apr 15, 2025, 11:28:52 PM",Evening Run,Run,"",2911,8.25,159.0,45,false,"",On Cloudsurfer,activities/15144135203.fit.gz,,,2911.0,2683.0,8258.1,5.82,3.078,54.0,33.0,169.2,195.6,33.3,0.2,,,108.0,81.0,159.0,145.0,,360.0,631.0,,,45.0,967492.0,,,,,,,,353.0,2912.0,,,0.0,,1.0,8435.3,,,,,,,,,,,,,,,,19487204.0,,,,,,,,,,0.0,2.837,2940.8,,,,7370.0,,,568.0,265.0,3.144,,,,,,,,,,,,""
14180302796,"Apr 15, 2025, 1:28:13 AM",Evening Tennis,Workout,"lost to [strava://athletes/88348816/15]William Hammond in an intense tie-break. Down 4-3. Will be continued
audi is also a significantly better car with how bad the toyota looked js",1893,0.96,162.0,4,false,"",,activities/15134444034.fit.gz,,,1893.0,1221.0,962.5,2.55,0.788,0.0,0.0,182.1,182.2,0.6,0.0,,,114.0,57.0,162.0,116.0,,,253.0,,,4.0,,,,,,,,,,,0.0,,0.0,,1.0,,,,,,,,,,,,,,,,,,,,,,,,,,,0.0,0.508,0.0,,,,1948.0,,,,,,,1948.0,,,,,,,,,,media/5e186731-6456-4c7f-bd9e-8ff1682e9121.jpg|media/46b42bab-1692-41d0-b935-938fc8b030be.jpg
14179346296,"Apr 14, 2025, 10:52:03 PM",Afternoon Ride,Ride,,1323,5.49,119.0,2,false,,,activities/15133453734.fit.gz,,,1323.0,1228.0,5495.3,7.771,4.475,88.0,72.0,286.2,306.4,28.6,0.3,,,,,119.0,92.0,,,108.0,,,2.0,,,,,,,,,,,,,0.0,,1.0,,,,,,,,,,,,,,,,,,,,,,,,,,,0.0,4.154,64.3,,,,,,,,,,,,,,,,,,,,,""
14158287113,"Apr 12, 2025, 4:13:54 PM",Lunch Swim,Swim,,3053,"2,025",193.0,87,false,,,activities/15111393834.fit.gz,,,3053.0,2964.0,2025.0,1.4,0.683,0.0,0.0,0.0,0.0,0.0,0.0,,,,14.0,193.0,147.0,,,638.0,,,87.0,,,,,,,,,,,,,0.0,,1.0,,,,,,,,,,,,,,,,,,,,,,,,,,,0.0,0.663,0.0,,,,,,25.0,,,,,,,,,,,,,,,""
14151351116,"Apr 12, 2025, 4:31:47 AM",Night Ride,Ride,sorry [strava://athletes/97941015/8]Kevin Wu ill show up earlier next time,1334,5.51,147.0,6,false,"",,activities/15104115154.fit.gz,,,1334.0,1163.0,5510.3,10.16,4.738,33.0,18.0,168.6,188.2,30.0,0.3,,,,,147.0,128.0,,,225.0,,,6.0,,,,,,,,,,,,,0.0,,1.0,,,,,,,,,,,,,,,,,,,,,,,,,,,0.0,4.131,0.0,,,,,,,,,,,,,,,,,,,,,""
14142425448,"Apr 11, 2025, 2:30:56 AM",Night Weight Training,Weight Training,,2468,0,161.0,9,false,,,activities/15094756259.fit.gz,,,2468.0,2468.0,0.0,0.0,0.0,0.0,0.0,0.0,0.0,0.0,0.0,,,,,161.0,110.0,,,285.0,,,9.0,,,,,,,,,,,,,0.0,,1.0,,,,,,,,,,,,,,,,,,,,,,,,,,,0.0,0.0,0.0,,,,,,,,,,,792.0,,,,,,,,,,""
14131767779,"Apr 9, 2025, 10:35:10 PM",Afternoon Ride,Ride,"",1314,5.48,120.0,2,false,,,activities/15083653158.fit.gz,,,1314.0,1211.0,5488.0,11.56,4.532,19.0,15.0,246.8,254.8,24.2,0.1,,,,,120.0,96.0,,,117.0,,,2.0,,,,,,,,,,,0.0,,0.0,,1.0,,,,,,,,,,,,,,,,,,,,,,,,,,,0.0,4.177,0.0,,,,,,,,,,,,,,,,,,,,,media/6d4f54c9-5f29-43db-b2b6-20d3866be79f.jpg
14122179547,"Apr 8, 2025, 11:28:52 PM",Evening Run,Run,"",2862,8.16,157.0,37,false,"",On Cloudsurfer,activities/15073664012.fit.gz,,,2862.0,2728.0,8162.0,11.08,2.992,56.0,49.0,178.8,206.4,47.6,0.1,,,118.0,80.0,157.0,142.0,,350.0,617.0,,,37.0,952910.0,,,,,,,,349.0,2863.0,,,0.0,,1.0,8331.9,,,,,,,,,,,,,,,,19487204.0,,,,,,,,,,0.0,2.852,2949.8,,,,7320.0,,,546.0,262.0,3.054,,,,,,,,,,,,""
14112704084,"Apr 8, 2025, 3:45:16 AM",Night Weight Training,Weight Training,,948,0,138.0,2,false,,,activities/15063805625.fit.gz,,,948.0,948.0,0.0,0.0,0.0,0.0,0.0,0.0,0.0,0.0,0.0,,,,,138.0,107.0,,,116.0,,,2.0,,,,,,,,,,,,,0.0,,1.0,,,,,,,,,,,,,,,,,,,,,,,,,,,0.0,0.0,0.0,,,,,,,,,,,648.0,,,,,,,,,,""
14089649149,"Apr 5, 2025, 4:55:59 PM",Lunch Ride,Ride,,669,2.27,130.0,1,false,,,activities/15039691375.fit.gz,,,669.0,516.0,2270.6,5.219,4.4,8.0,6.0,183.0,189.2,17.4,0.0,,,,,130.0,121.0,,,104.0,,,1.0,,,,,,,,,,,,,0.0,,1.0,,,,,,,,,,,,,,,,,,,,,,,,,,,0.0,3.394,0.0,,,,,,,,,,,,,,,,,,,,,""
14089411324,"Apr 5, 2025, 4:25:49 PM",Lunch Ride,Ride,,1016,4.67,154.0,11,false,,,activities/15039439473.fit.gz,,,1016.0,934.0,4674.1,7.48,5.004,14.0,9.0,174.0,182.0,6.3,0.1,,,,,154.0,139.0,,,219.0,,,11.0,,,,,,,,,,,,,0.0,,1.0,,,,,,,,,,,,,,,,,,,,,,,,,,,0.0,4.6,0.0,,,,,,,,,,,,,,,,,,,,,""
14087763578,"Apr 5, 2025, 12:04:21 PM",steeplechase half fr,Run,"a few things to note: 
1. i didn't know that i need to be this good at jumping over puddleS
2. i appreciate the volunteers for handing out drinks but jeez pls do it right. Like don't hold onto the cup when im getting it, just leave it on your palms. There was one water cup i got that ended up only drink 10% of it because of the spill from getting the cup  ",5959,21.19,188.0,221,false,"",On Cloudsurfer,activities/15037706489.fit.gz,,,5959.0,5919.0,21193.9,5.4,3.581,81.0,72.0,171.0,185.0,18.0,0.0,,,90.0,84.0,188.0,163.0,,425.0,1570.0,,,221.0,2513672.0,,,,,,,,427.0,5960.0,0.0,,0.0,,1.0,21458.3,,,,,,,,,,,,,,,,19487204.0,,,,,,,,,,0.0,3.557,1356.5,,,,16636.0,,,1706.0,321.0,3.625,,,,,,,,,,,,media/53a3a7d2-991d-404d-9cf1-c31b8414303b.jpg|media/c60bc346-1e14-4d77-9aff-06a735603eaf.mp4|media/5dcea279-8110-457f-8854-2eeb17c6ee83.jpg|media/f330ef5a-e703-46ce-aa22-9999cf7ae94e.jpg
14086311308,"Apr 5, 2025, 11:28:41 AM",Morning Ride,Ride,,960,4.35,143.0,6,false,,,activities/15036165697.fit.gz,,,960.0,960.0,4349.2,5.783,4.53,12.0,3.0,173.0,185.8,3.7,0.2,,,,,143.0,130.0,,,179.0,,,6.0,,,,,,,,,,,,,0.0,,1.0,,,,,,,,,,,,,,,,,,,,,,,,,,,0.0,4.53,597.6,,,,,,,,,,,,,,,,,,,,,""
14074230651,"Apr 4, 2025, 2:32:14 AM",Night Weight Training,Weight Training,,2626,0,166.0,10,false,,,activities/15023447861.fit.gz,,,2626.0,2626.0,0.0,0.0,0.0,0.0,0.0,0.0,0.0,0.0,0.0,,,,,166.0,110.0,,,304.0,,,10.0,,,,,,,,,,,,,0.0,,1.0,,,,,,,,,,,,,,,,,,,,,,,,,,,0.0,0.0,0.0,,,,,,,,,,,940.0,,,,,,,,,,""
14073108601,"Apr 3, 2025, 10:46:02 PM",Afternoon Ride,Ride,"",1335,5.19,136.0,3,false,,,activities/15022281339.fit.gz,,,1335.0,1176.0,5195.6,9.98,4.418,17.0,13.0,179.2,187.6,12.5,0.0,,,,,136.0,112.0,,,166.0,,,3.0,,,,,,,,,,,0.0,,0.0,,1.0,,,,,,,,,,,,,,,,,,,,,,,,,,,0.0,3.892,0.0,,,,,,,,,,,,,,,,,,,,,media/0f7e0524-9db5-4ee8-b209-0f712c430731.jpg
14064620864,"Apr 2, 2025, 11:01:06 PM",Tempo Interval,Run,"",4050,12.84,172.0,115,false,"",On Cloudsurfer,activities/15013338863.fit.gz,,,4050.0,4009.0,12839.4,7.72,3.203,109.0,101.0,178.4,188.6,33.3,0.0,,,113.0,81.0,172.0,157.0,,393.0,979.0,,,115.0,1521233.0,,,,,,,,391.0,4054.0,,,0.0,,1.0,13306.8,,,,,,,,,,,,,,,,19487204.0,,,,,,,,,,0.0,3.17,929.3,,,,10430.0,,,973.0,294.0,3.319,,,,,,,,,,,,""
14054671671,"Apr 1, 2025, 11:26:46 PM",Evening Run,Run,"",2947,7.24,154.0,21,false,"",On Cloudsurfer,activities/15002817379.fit.gz,,,2947.0,2451.0,7239.2,14.98,2.954,55.0,61.0,176.0,210.6,26.3,0.0,,,102.0,80.0,154.0,137.0,,345.0,567.0,,,21.0,847139.0,,,,,,,,335.0,2948.0,,,0.0,,1.0,7448.9,,,,,,,,,,,,,,,,19487204.0,,,,,,,,,,0.0,2.456,0.0,,,,6664.0,,,519.0,252.0,3.039,,,,,,,,,,,,""
14053281793,"Apr 1, 2025, 10:04:11 PM",Afternoon Ride,Ride,,1578,3.11,120.0,2,false,,,activities/15001362993.fit.gz,,,1578.0,753.0,3115.3,6.483,4.137,19.0,6.0,171.8,193.4,30.5,-0.1,,,,,120.0,110.0,,,134.0,,,2.0,,,,,,,,,,,,,0.0,,1.0,,,,,,,,,,,,,,,,,,,,,,,,,,,0.0,1.974,0.0,,,,,,,,,,,,,,,,,,,,,""
14044544154,"Apr 1, 2025, 2:37:38 AM",Night Weight Training,Weight Training,,2324,0,172.0,10,false,,,activities/14992049690.fit.gz,,,2324.0,2324.0,0.0,0.0,0.0,0.0,0.0,0.0,0.0,0.0,0.0,,,,,172.0,109.0,,,279.0,,,10.0,,,,,,,,,,,,,0.0,,1.0,,,,,,,,,,,,,,,,,,,,,,,,,,,0.0,0.0,0.0,,,,,,,,,,,794.0,,,,,,,,,,""
14025797485,"Mar 30, 2025, 5:21:25 AM",Night Ride,Ride,,351,1.69,119.0,0,false,,,activities/14971932059.fit.gz,,,351.0,351.0,1692.9,7.74,4.823,21.0,4.0,182.2,200.0,9.7,1.0,,,,,119.0,81.0,,,21.0,,,0.0,,,,,,,,,,,,,0.0,,1.0,,,,,,,,,,,,,,,,,,,,,,,,,,,0.0,4.823,0.0,,,,,,,,,,,,,,,,,,,,,""
14024361260,"Mar 29, 2025, 10:02:09 PM",My condo down payment gotta be postponed until further notice,Ride,"",1157,5.26,150.0,9,false,,,activities/14970356831.fit.gz,,,1157.0,1083.0,5266.6,8.467,4.863,42.0,37.0,174.0,191.8,18.0,0.1,,,,,150.0,134.0,,,226.0,,,9.0,,,,,,,,,,,0.0,,0.0,,1.0,,,,,,,,,,,,,,,,,,,,,,,,,,,0.0,4.552,0.0,,,,,,,,,,,,,,,,,,,,,media/e9106c61-27e2-4d48-9f52-138f1327bd15.jpg|media/835a1be5-4e70-4baf-a9c0-b4e0eb701469.jpg|media/a3e6bf04-d9fe-4593-afdc-fc53f60af651.jpg|media/a89eacee-983a-4d3a-ab31-d794db2146ba.jpg|media/3888ca63-c30b-44e3-8b8a-4888cd2ffe96.jpg|media/67605fc6-3008-491c-bacf-62cf46f4e7a2.mp4|media/d6398505-4a63-4c81-b7de-99693ba26eab.jpg|media/068f593c-596c-49e9-9eea-9cae5f00f9a9.jpg|media/300d74d8-851c-4e6e-9205-08e12930e0e3.mp4
14022447849,"Mar 29, 2025, 4:27:54 PM",Lunch Swim,Swim,,2948,"2,000",200.0,113,false,,,activities/14968285936.fit.gz,,,2948.0,2917.0,2000.0,2.28,0.686,0.0,0.0,0.0,0.0,0.0,0.0,,,,15.0,200.0,153.0,,,657.0,,,113.0,,,,,,,,,,,,,0.0,,1.0,,,,,,,,,,,,,,,,,,,,,,,,,,,0.0,0.678,0.0,,,,,,25.0,,,,,,,,,,,,,,,""
14007852327,"Mar 28, 2025, 2:25:34 AM",Night Weight Training,Weight Training,,2159,0,169.0,15,false,,,activities/14952528544.fit.gz,,,2159.0,2159.0,0.0,0.0,0.0,0.0,0.0,0.0,0.0,0.0,0.0,,,,,169.0,121.0,,,316.0,,,15.0,,,,,,,,,,,,,0.0,,1.0,,,,,,,,,,,,,,,,,,,,,,,,,,,0.0,0.0,0.0,,,,,,,,,,,854.0,,,,,,,,,,""
14006543003,"Mar 27, 2025, 10:10:46 PM",Afternoon Ride,Ride,,1179,5.64,126.0,2,false,,,activities/14951136042.fit.gz,,,1179.0,1120.0,5647.5,12.4,5.042,47.0,26.0,165.6,189.0,31.3,0.4,,,,,126.0,101.0,,,118.0,,,2.0,,,,,,,,,,,,,0.0,,1.0,,,,,,,,,,,,,,,,,,,,,,,,,,,0.0,4.79,0.0,,,,,,,,,,,,,,,,,,,,,""
13998549438,"Mar 27, 2025, 2:28:37 AM",Night Weight Training,Weight Training,,1956,0,160.0,8,false,,,activities/14942548209.fit.gz,,,1956.0,1956.0,0.0,0.0,0.0,0.0,0.0,0.0,0.0,0.0,0.0,,,,,160.0,115.0,,,257.0,,,8.0,,,,,,,,,,,,,0.0,,1.0,,,,,,,,,,,,,,,,,,,,,,,,,,,0.0,0.0,0.0,,,,,,,,,,,770.0,,,,,,,,,,""
13988226128,"Mar 25, 2025, 11:24:34 PM",Evening Run,Run,"",3073,7.05,148.0,13,false,"",On Cloudsurfer,activities/14931496937.fit.gz,,,3073.0,2579.0,7052.5,8.42,2.735,56.0,38.0,170.8,205.4,50.0,0.3,,,103.0,79.0,148.0,130.0,,318.0,538.0,,,13.0,823655.0,,,,,,,,312.0,3074.0,,,0.0,,1.0,7254.6,,,,,,,,,,,,,,,,19487204.0,,,,,,,,,,0.0,2.295,0.0,,,,6788.0,,,470.0,235.0,2.813,,,,,,,,,,,,""
13978358829,"Mar 25, 2025, 12:38:40 AM",Evening Tennis,Workout,down 4-5 against [strava://athletes/88348816/15]William Hammond. To be continued ,2197,1.07,156.0,4,false,"",,activities/14920982482.fit.gz,,,2197.0,1439.0,1071.2,2.18,0.744,0.0,0.0,182.0,182.1,1.6,0.0,,,99.0,56.0,156.0,108.0,,,245.0,,,4.0,,,,,,,,,,,,,0.0,,1.0,,,,,,,,,,,,,,,,,,,,,,,,,,,0.0,0.488,0.0,,,,2134.0,,,,,,,2134.0,,,,,,,,,,""
13967287749,"Mar 23, 2025, 6:24:48 PM",Afternoon E-Bike Ride,E-Bike Ride,,431,2.07,115.0,1,false,,,activities/14909081654.fit.gz,,,431.0,431.0,2077.9,8.96,4.821,35.0,4.0,179.2,213.8,29.8,1.6,,,,,115.0,99.0,,,43.0,,,1.0,,,,,,,,,,,,,0.0,,1.0,,,,,,,,,,,,,,,,,,,,,,,,,,,0.0,4.821,0.0,,,,,,,,,,,,,,,,,,,,,""
13966221192,"Mar 23, 2025, 4:32:26 PM",Lunch Ride,Ride,"",254,1.21,128.0,0,false,,,activities/14907944186.fit.gz,,,254.0,222.0,1216.7,6.51,5.481,12.0,0.0,178.6,192.2,48.5,1.1,,,,,128.0,115.0,,,36.0,,,0.0,,,,,,,,,,,0.0,,0.0,,1.0,,,,,,,,,,,,,,,,,,,,,,,,,,,0.0,4.79,0.0,,,,,,,,,,,,,,,,,,,,,media/6cdb8107-a144-4c63-bbe5-cd4cb027067d.jpg
13964728795,"Mar 23, 2025, 1:32:28 PM",Hows your chamomile tea,Run,"",2052,8.23,163.0,37,false,"",On Cloudsurfer,activities/14906351758.fit.gz,,,2052.0,2017.0,8234.0,12.7,4.082,44.0,29.0,183.4,209.0,10.9,0.2,,,91.0,84.0,163.0,146.0,,438.0,492.0,,,37.0,892878.0,,,,,7.0,,,441.0,2053.0,0.0,64.0,0.0,,1.0,8345.3,,,,,,,,,,,,,,,,19487204.0,,,,,,,,,,0.0,4.013,0.0,,,,5748.0,,,627.0,332.0,4.137,,,,,,,,,,,,media/f9860438-570b-40db-8553-8e8748ecde7b.jpg|media/56743ab6-2553-4c1c-b246-99dd587258dd.jpg|media/5c8f91c5-379f-4106-9bf8-ef04a69eefec.jpg|media/17381012-7400-4aec-aa75-6257e1b212a6.jpg
13959222718,"Mar 23, 2025, 12:13:50 AM",Evening Ride,Ride,,1399,5.80,158.0,9,false,,,activities/14900445363.fit.gz,,,1399.0,1215.0,5808.2,8.837,4.78,53.0,40.0,181.0,205.8,38.7,0.3,,,,,158.0,119.0,,,224.0,,,9.0,,,,,,,,,,,,,0.0,,1.0,,,,,,,,,,,,,,,,,,,,,,,,,,,0.0,4.152,0.0,,,,,,,,,,,,,,,,,,,,,""
13957875266,"Mar 22, 2025, 7:56:47 PM",Unhinged lake dive,Ride,"",1252,4.39,100.0,2,false,,,activities/14898977421.fit.gz,,,1252.0,1117.0,4392.6,8.32,3.932,29.0,23.0,172.2,184.4,8.6,0.1,,,,,100.0,86.0,,,85.0,,,2.0,,,,,,,,,,,0.0,,0.0,,1.0,,,,,,,,,,,,,,,,,,,,,,,,,,,0.0,3.508,0.0,,,,,,,,,,,,,,,,,,,,,media/347362eb-10c9-495c-b588-4991bc55da26.mp4
13957380154,"Mar 22, 2025, 6:21:02 PM",Afternoon E-Bike Ride,E-Bike Ride,,1655,8.06,124.0,3,false,,,activities/14898437183.fit.gz,,,1655.0,1233.0,8059.4,8.96,6.536,94.0,63.0,154.4,198.0,27.5,0.4,,,,,124.0,104.0,,,167.0,,,3.0,,,,,,,,,,,,,0.0,,1.0,,,,,,,,,,,,,,,,,,,,,,,,,,,0.0,4.87,0.0,,,,,,,,,,,,,,,,,,,,,""
13956871253,"Mar 22, 2025, 5:29:48 PM",Lunch E-Bike Ride,E-Bike Ride,,881,5.19,128.0,2,false,,,activities/14897886263.fit.gz,,,881.0,744.0,5190.0,11.267,6.976,24.0,27.0,175.6,190.8,45.7,-0.1,,,,,128.0,114.0,,,117.0,,,2.0,,,,,,,,,,,,,0.0,,1.0,,,,,,,,,,,,,,,,,,,,,,,,,,,0.0,5.891,0.0,,,,,,,,,,,,,,,,,,,,,""
13956625871,"Mar 22, 2025, 4:04:31 PM",Lunch Swim,Swim,,4511,"2,025",203.0,74,false,,,activities/14897619814.fit.gz,,,4511.0,3049.0,2025.0,1.94,0.664,0.0,0.0,0.0,0.0,0.0,0.0,,,,14.0,203.0,142.0,,,593.0,,,74.0,,,,,,,,,,,,,0.0,,1.0,,,,,,,,,,,,,,,,,,,,,,,,,,,0.0,0.449,0.0,,,,,,25.0,,,,,,,,,,,,,,,""
13941269053,"Mar 21, 2025, 12:00:03 AM",It's actually parlor West loop 😭,Ride,"",624,2.44,138.0,3,false,,,activities/14881070020.fit.gz,,,624.0,551.0,2443.1,8.133,4.434,10.0,10.0,174.2,179.6,11.8,0.2,,,,,138.0,126.0,,,108.0,,,3.0,,,,,,,,,,,0.0,,0.0,,1.0,,,,,,,,,,,,,,,,,,,,,,,,,,,0.0,3.915,28.0,,,,,,,,,,,,,,,,,,,,,""
13941005211,"Mar 20, 2025, 11:42:45 PM",Parlor River North for NCAA game with the boys,Ride,Saw [strava://athletes/126951231/12]Shyn Ru Looi in the wilderness of Chicago for the first time. V exciting,384,1.70,132.0,1,false,"",,activities/14880790059.fit.gz,,,384.0,345.0,1703.2,20.747,4.937,6.0,0.0,178.2,184.6,5.0,0.4,,,,,132.0,123.0,,,66.0,,,1.0,,,,,,,,,,,0.0,,0.0,,1.0,,,,,,,,,,,,,,,,,,,,,,,,,,,0.0,4.435,0.0,,,,,,,,,,,,,,,,,,,,,""
13941004373,"Mar 20, 2025, 10:14:07 PM",Fartlek,Run,Want to die,2514,8.39,186.0,91,false,,,activities/14880789087.fit.gz,,,2514.0,2504.0,8397.6,5.94,3.354,58.0,42.0,160.6,194.4,18.0,0.2,,,113.0,82.0,186.0,162.0,,399.0,640.0,,,91.0,1000370.0,,,,,,,,407.0,2515.0,0.0,,0.0,,1.0,8541.3,,,,,,,,,,,,,,,,,,,,,,,,,,0.0,3.34,0.0,,,,6880.0,,,654.0,306.0,3.411,,,,,,,,,,,,""
13932456650,"Mar 20, 2025, 2:19:51 AM",Night Weight Training,Weight Training,,2419,0,156.0,8,false,,,activities/14871537315.fit.gz,,,2419.0,2419.0,0.0,0.0,0.0,0.0,0.0,0.0,0.0,0.0,0.0,,,,,156.0,110.0,,,283.0,,,8.0,,,,,,,,,,,,,0.0,,1.0,,,,,,,,,,,,,,,,,,,,,,,,,,,0.0,0.0,0.0,,,,,,,,,,,938.0,,,,,,,,,,""
13922052039,"Mar 18, 2025, 11:28:39 PM",Evening Run,Run,,3104,8.05,171.0,49,false,,,activities/14860267930.fit.gz,,,3104.0,2835.0,8052.6,11.06,2.84,26.0,37.0,180.8,201.4,33.3,-0.1,,,118.0,79.0,171.0,145.0,,327.0,655.0,,,49.0,931242.0,,,,,,,,324.0,3105.0,,,0.0,,1.0,8147.4,,,,,,,,,,,,,,,,,,,,,,,,,,0.0,2.594,0.0,,,,7506.0,,,512.0,244.0,2.874,,,,,,,,,,,,""
13912845548,"Mar 18, 2025, 2:39:29 AM",Night Weight Training,Workout,"",2412,0,156.0,9,false,,,activities/14850319796.fit.gz,,,2412.0,2412.0,0.0,0.0,0.0,0.0,0.0,0.0,0.0,0.0,0.0,,,,,156.0,113.0,,,300.0,,,9.0,,,,,,,,,,,0.0,,0.0,,1.0,,,,,,,,,,,,,,,,,,,,,,,,,,,0.0,0.0,0.0,,,,,,,,,,,828.0,,,,,,,,,,media/35b014f0-0543-4650-8892-6a6e46528839.jpg|media/91e214e5-881f-45d0-8a6d-0603b4fa8a86.jpg
13894469674,"Mar 16, 2025, 4:34:39 AM",NOTD,Ride,"",1185,5.41,144.0,5,false,,,activities/14830397871.fit.gz,,,1185.0,1106.0,5418.6,6.988,4.899,34.0,16.0,171.2,194.8,15.9,0.4,,,,,144.0,126.0,,,198.0,,,5.0,,,,,,,,,,,0.0,,0.0,,1.0,,,,,,,,,,,,,,,,,,,,,,,,,,,0.0,4.573,0.0,,,,,,,,,,,,,,,,,,,,,media/77a2b64c-b4f5-4bfc-b29b-c28a8ae39609.mp4|media/60164bc5-8b95-4d25-b00e-5cf36c58b187.mp4|media/22b2a832-13d5-4826-932a-5dde70ed3ad8.mp4|media/0a8025ab-532c-4e8b-aba3-73541f57f056.jpg
13894234315,"Mar 16, 2025, 2:30:18 AM",Night Ride,Ride,,1247,5.75,146.0,6,false,,,activities/14830133028.fit.gz,,,1247.0,1204.0,5749.1,7.72,4.775,16.0,12.0,180.2,186.0,6.7,0.1,,,,,146.0,128.0,,,212.0,,,6.0,,,,,,,,,,,,,0.0,,1.0,,,,,,,,,,,,,,,,,,,,,,,,,,,0.0,4.61,0.0,,,,,,,,,,,,,,,,,,,,,""
13890221936,"Mar 15, 2025, 3:05:26 PM",Morning Ride,Ride,,1178,5.21,155.0,12,false,,,activities/14825730281.fit.gz,,,1178.0,1117.0,5213.3,7.067,4.667,99.0,91.0,176.2,197.8,46.6,0.2,,,,,155.0,136.0,,,235.0,,,12.0,,,,,,,,,,,,,0.0,,1.0,,,,,,,,,,,,,,,,,,,,,,,,,,,0.0,4.426,19.7,,,,,,,,,,,,,,,,,,,,,""
13885357460,"Mar 15, 2025, 4:00:27 AM",Night Ride,Ride,hbd [strava://athletes/139177665/12]Jeffrey Tran ,847,3.30,148.0,8,false,"",,activities/14820457635.fit.gz,,,847.0,784.0,3306.4,6.14,4.217,13.0,7.0,180.4,189.8,42.9,0.2,,,,,148.0,136.0,,,171.0,,,8.0,,,,,,,,,,,,,0.0,,1.0,,,,,,,,,,,,,,,,,,,,,,,,,,,0.0,3.904,0.0,,,,,,,,,,,,,,,,,,,,,""
13885035499,"Mar 15, 2025, 12:23:59 AM",Evening Ride,Ride,,1138,3.48,169.0,15,false,,,activities/14820098433.fit.gz,,,1138.0,953.0,3485.7,7.214,3.658,22.0,10.0,182.2,194.4,19.6,0.3,,,,,169.0,143.0,,,242.0,,,15.0,,,,,,,,,,,,,0.0,,1.0,,,,,,,,,,,,,,,,,,,,,,,,,,,0.0,3.063,0.0,,,,,,,,,,,,,,,,,,,,,""
13877125788,"Mar 14, 2025, 2:37:59 AM",Nets chocked 😭,Ride,"",843,4.35,171.0,19,false,,,activities/14811454624.fit.gz,,,843.0,753.0,4355.7,8.94,5.784,22.0,13.0,175.8,188.2,35.3,0.2,,,,,171.0,153.0,,,203.0,,,19.0,,,,,,,,,,,0.0,,0.0,,1.0,,,,,,,,,,,,,,,,,,,,,,,,,,,0.0,5.167,0.0,,,,,,,,,,,,,,,,,,,,,media/360954ff-a162-42bf-a74e-dbf2aff48bf6.jpg|media/57484640-cf85-4a87-b0a6-de5bbb6e3a4d.jpg
13876166696,"Mar 13, 2025, 10:55:21 PM",Afternoon Ride,Ride,,1845,8.71,164.0,25,false,,,activities/14810425666.fit.gz,,,1845.0,1675.0,8712.2,12.08,5.201,35.0,25.0,176.0,194.0,27.0,0.1,,,,,164.0,141.0,,,378.0,,,25.0,,,,,,,,,,,,,0.0,,1.0,,,,,,,,,,,,,,,,,,,,,,,,,,,0.0,4.722,0.0,,,,,,,,,,,,,,,,,,,,,""
13873044669,"Mar 13, 2025, 6:02:49 PM",Afternoon Ride,Ride,,1170,5.22,140.0,5,false,,,activities/14807871405.fit.gz,,,1170.0,1069.0,5228.5,7.283,4.891,28.0,17.0,176.2,197.0,47.2,0.3,,,,,140.0,123.0,,,184.0,,,5.0,,,,,,,,,,,,,0.0,,1.0,,,,,,,,,,,,,,,,,,,,,,,,,,,0.0,4.469,8.2,,,,,,,,,,,,,,,,,,,,,""
13872276549,"Mar 13, 2025, 4:39:34 PM",Lunch Ride,Ride,,1129,4.90,163.0,17,false,,,activities/14807047803.fit.gz,,,1129.0,985.0,4906.2,8.38,4.981,29.0,21.0,175.6,189.6,50.0,0.3,,,,,163.0,144.0,,,242.0,,,17.0,,,,,,,,,,,,,0.0,,1.0,,,,,,,,,,,,,,,,,,,,,,,,,,,0.0,4.346,0.0,,,,,,,,,,,,,,,,,,,,,""
13857549433,"Mar 11, 2025, 11:29:01 PM",Evening Run,Run,"",2743,6.93,163.0,21,false,"",On Cloudsurfer,activities/14791041723.fit.gz,,,2743.0,2489.0,6932.2,5.24,2.785,60.0,49.0,170.6,196.8,39.4,0.2,,,90.0,80.0,163.0,137.0,,330.0,544.0,,,21.0,831315.0,,,,,4.0,,,332.0,2744.0,,27.0,0.0,,1.0,7166.2,,,,,,,,,,,,,,,,19487204.0,,,,,,,,,,0.0,2.527,0.0,,,,6738.0,,,475.0,250.0,2.879,,,,,,,,,,,,""
13848459401,"Mar 11, 2025, 2:30:42 AM",Night Weight Training,Weight Training,,2657,0,165.0,15,false,,,activities/14781264980.fit.gz,,,2657.0,2657.0,0.0,0.0,0.0,0.0,0.0,0.0,0.0,0.0,0.0,,,,,165.0,122.0,,,368.0,,,15.0,,,,,,,,,,,,,0.0,,1.0,,,,,,,,,,,,,,,,,,,,,,,,,,,0.0,0.0,0.0,,,,,,,,,,,866.0,,,,,,,,,,""
13838291123,"Mar 9, 2025, 9:37:51 PM",Afternoon Tennis,Workout,,763,0.40,130.0,1,false,,,activities/14770225020.fit.gz,,,763.0,469.0,401.3,2.243,0.856,0.0,0.0,182.2,182.2,0.0,0.0,,,101.0,58.0,130.0,108.0,,,88.0,,,1.0,,,,,,,,,,,,,0.0,,1.0,,,,,,,,,,,,,,,,,,,,,,,,,,,0.0,0.526,0.0,,,,708.0,,,,,,,708.0,,,,,,,,,,""
13828057089,"Mar 8, 2025, 8:11:24 PM",Kevin wu,Run,"[strava://athletes/97941015/8]Kevin Wu wants to run 11 today. I told him to meet at the meet up point attached. For him to get to that point takes about 1.5 miles and 4 miles for me. 11-1.5*2 = 8 miles, meaning we would need to go south for 4 before we turn around. If that math adds up,  i should really only hit around 16. Weather was very nice today. With us splitting an energy gel and me only drink one cup of water with LMNT, im surprised i didn't cramp",11150,28.99,191.0,260,false,"",On Cloudsurfer,activities/14759103726.fit.gz,,,11150.0,10044.0,28993.5,5.62,2.887,230.0,223.0,167.2,195.8,46.9,0.0,,,113.0,79.0,191.0,152.0,,335.0,2318.0,,,260.0,3357547.0,,,,,,,,338.0,11151.0,0.0,,0.0,,1.0,29861.0,,,,,,,,,,,,,,,,19487204.0,,,,,,,,,,0.0,2.6,0.0,,,,26616.0,,,1999.0,254.0,2.973,,,,,,,,,,,,media/3744d973-b409-41dc-a89c-48e5f458fe2c.jpg|media/201aa127-5e4c-4195-be2c-41decfd5b8a7.mp4
13810211181,"Mar 6, 2025, 11:26:15 PM",first studio 3 class,Weight Training,"",3138,0,175.0,22,false,"",,activities/14739688199.fit.gz,,,3138.0,3138.0,0.0,0.0,0.0,0.0,0.0,0.0,0.0,0.0,0.0,,,,,175.0,125.0,,,456.0,,,22.0,,,,,,,,,,,,,0.0,,1.0,,,,,,,,,,,,,,,,,,,,,,,,,,,0.0,0.0,0.0,,,,,,,,,,,2640.0,,,,,,,,,,""
13801878939,"Mar 6, 2025, 3:31:20 AM",Night Weight Training,Weight Training,,2218,0,173.0,19,false,,,activities/14730650537.fit.gz,,,2218.0,2218.0,0.0,0.0,0.0,0.0,0.0,0.0,0.0,0.0,0.0,,,,,173.0,124.0,,,339.0,,,19.0,,,,,,,,,,,,,0.0,,1.0,,,,,,,,,,,,,,,,,,,,,,,,,,,0.0,0.0,0.0,,,,,,,,,,,774.0,,,,,,,,,,""
13791871414,"Mar 4, 2025, 11:45:04 PM",Afternoon Run,Run,"",3193,10.31,182.0,98,false,"",On Cloudsurfer,activities/14719845852.fit.gz,,,3193.0,3080.0,10315.2,6.06,3.349,67.0,39.0,156.8,189.2,46.7,0.3,,,118.0,80.0,182.0,158.0,,400.0,792.0,,,98.0,1233291.0,,,,,,,,400.0,3194.0,,,0.0,,1.0,10596.3,,,,,,,,,,,,,,,,19487204.0,,,,,,,,,,0.0,3.231,0.0,,,,8236.0,,,803.0,301.0,3.44,,,,,,,,,,,,""
13782987308,"Mar 4, 2025, 3:29:38 AM",Night Weight Training,Weight Training,,2325,0,180.0,16,false,,,activities/14710264192.fit.gz,,,2325.0,2325.0,0.0,0.0,0.0,0.0,0.0,0.0,0.0,0.0,0.0,,,,,180.0,119.0,,,312.0,,,16.0,,,,,,,,,,,,,0.0,,1.0,,,,,,,,,,,,,,,,,,,,,,,,,,,0.0,0.0,0.0,,,,,,,,,,,754.0,,,,,,,,,,""
13763403256,"Mar 1, 2025, 10:17:55 PM",Afternoon Ride,Ride,,2028,5.36,100.0,2,false,,,activities/14688959805.fit.gz,,,2028.0,1646.0,5361.2,7.1,3.257,28.0,37.0,186.2,217.8,35.3,-0.1,,,,,100.0,78.0,,,96.0,,,2.0,,,,,,,,,,,,,0.0,,1.0,,,,,,,,,,,,,,,,,,,,,,,,,,,0.0,2.644,84.3,,,,,,,,,,,,,,,,,,,,,""
13762457040,"Mar 1, 2025, 6:17:40 PM",Lunch Swim,Swim,"Quiet pls, coach [strava://athletes/139177665/12]Jeffrey Tran in session 🫡🤫
points of focus moving forward: 
- keep my hips up
- head should look down so straight that i can put a milk on my head without spilling
- Freestyle/back stroke: bring in my forearm sooner once either arm is under water
- include interval training moving forward with 50/100 m at a time with rest no longer than 10 seconds",6095,"2,075",183.0,41,false,"",,activities/14687905799.fit.gz,,,6095.0,5481.0,2075.0,15.42,0.379,0.0,0.0,0.0,0.0,0.0,0.0,,,,18.0,183.0,110.0,,,638.0,,,41.0,,,,,,,,,,,0.0,,0.0,,1.0,,,,,,,,,,,,,,,,,,,,,,,,,,,0.0,0.34,0.0,,,,,,25.0,,,,,,,,,,,,,,,""
13747203743,"Feb 28, 2025, 3:25:54 AM",Night Weight Training,Weight Training,,2140,0,169.0,17,false,,,activities/14671278059.fit.gz,,,2140.0,2140.0,0.0,0.0,0.0,0.0,0.0,0.0,0.0,0.0,0.0,,,,,169.0,127.0,,,323.0,,,17.0,,,,,,,,,,,,,0.0,,1.0,,,,,,,,,,,,,,,,,,,,,,,,,,,0.0,0.0,0.0,,,,,,,,,,,726.0,,,,,,,,,,""
13737590607,"Feb 26, 2025, 11:58:45 PM",rumble pop up,Weight Training,"",2455,0,178.0,16,false,"",,activities/14660864244.fit.gz,,,2455.0,2455.0,0.0,0.0,0.0,0.0,0.0,0.0,0.0,0.0,0.0,,,,,178.0,126.0,,,366.0,,,16.0,,,,,,,,,,,,,0.0,,1.0,,,,,,,,,,,,,,,,,,,,,,,,,,,0.0,0.0,0.0,,,,,,,,,,,604.0,,,,,,,,,,""
13728701877,"Feb 25, 2025, 11:24:38 PM",Afternoon Run,Run,"",3595,11.50,188.0,119,false,"",On Cloudsurfer,activities/14651230201.fit.gz,,,3595.0,3547.0,11504.9,4.84,3.244,72.0,37.0,148.8,185.8,37.5,0.3,,,92.0,81.0,188.0,159.0,,378.0,884.0,,,119.0,1340469.0,,,,,,,,383.0,3596.0,0.0,,0.0,,1.0,11788.6,,,,,,,,,,,,,,,,19487204.0,,,,,,,,,,0.0,3.2,0.0,,,,9618.0,,,828.0,288.0,3.324,,,,,,,,,,,,media/773839d1-1dd2-454c-ad6b-68c3d77fa83c.jpg|media/d6383dff-c18d-430b-a1dc-8763a924df03.mp4
13719538471,"Feb 25, 2025, 3:26:04 AM",Night Weight Training,Weight Training,,2337,0,163.0,10,false,,,activities/14641295761.fit.gz,,,2337.0,2337.0,0.0,0.0,0.0,0.0,0.0,0.0,0.0,0.0,0.0,,,,,163.0,107.0,,,262.0,,,10.0,,,,,,,,,,,,,0.0,,1.0,,,,,,,,,,,,,,,,,,,,,,,,,,,0.0,0.0,0.0,,,,,,,,,,,756.0,,,,,,,,,,""
13709993777,"Feb 23, 2025, 9:14:31 PM",教小朋友滑雪,Alpine Ski,"",9189,6.86,153.0,7,false,,,activities/14630905965.fit.gz,,,9189.0,2288.0,6863.3,13.96,3.0,439.0,637.0,188.4,232.6,50.0,-0.3,,,,,153.0,107.0,,,631.0,,,7.0,,20,,,,,,,,,0.0,,0.0,,1.0,,,,,,,,,,,,,,,,,,,,,,,,,,,0.0,0.747,0.0,,,,,,,,,,,,,,,,,,,,,media/65463c1f-1e67-49bf-9575-be2d249c61bf.mp4|media/00b352e0-2bd5-4930-85f8-3988fb51a2d7.mp4|media/b0bdca52-775e-4978-9687-ba0d014c5ef3.mp4|media/2af859fe-b126-41c8-b4dc-5e5ab4f1e212.jpg|media/90b51a21-1239-4f9c-9e52-8ba53a19ce2a.jpg|media/6a1c951d-01d6-4458-aac4-0a3cf6c59f4b.jpg
13698558287,"Feb 22, 2025, 6:59:07 PM",Kasama,Ride,"",1261,5.94,144.0,6,false,,,activities/14618477495.fit.gz,,,1261.0,1173.0,5947.7,6.867,5.071,15.0,10.0,183.6,193.4,6.2,0.1,,,,,144.0,127.0,,,214.0,,,6.0,,,,,,,,,,,0.0,,0.0,,1.0,,,,,,,,,,,,,,,,,,,,,,,,,,,0.0,4.717,0.0,,,,,,,,,,,,,,,,,,,,,media/9b695d32-3bf0-4976-b1a8-feafb9f1f469.jpg|media/a2b4419c-df40-4754-84f9-c26d8f7a2fbe.jpg|media/c5b2cd8d-6af7-4ceb-907b-3811feb5935b.jpg|media/531b13d8-4023-4dd0-9dd1-3d1b5bc24c8a.mp4
13698351965,"Feb 22, 2025, 6:32:19 PM",Lunch Ride,Ride,,1069,4.29,144.0,6,false,,,activities/14618245391.fit.gz,,,1069.0,994.0,4294.5,7.717,4.32,17.0,8.0,172.8,182.4,17.6,0.2,,,,,144.0,130.0,,,187.0,,,6.0,,,,,,,,,,,,,0.0,,1.0,,,,,,,,,,,,,,,,,,,,,,,,,,,0.0,4.017,79.0,,,,,,,,,,,,,,,,,,,,,""
13698145276,"Feb 22, 2025, 5:22:46 PM",Lunch Swim,Swim,,3263,"2,000",194.0,73,false,,,activities/14618016436.fit.gz,,,3263.0,3252.0,2000.0,0.98,0.615,0.0,0.0,0.0,0.0,0.0,0.0,,,,18.0,194.0,141.0,,,597.0,,,73.0,,,,,,,,,,,,,0.0,,1.0,,,,,,,,,,,,,,,,,,,,,,,,,,,0.0,0.613,0.0,,,,,,25.0,,,,,,,,,,,,,,,""
13691387341,"Feb 22, 2025, 1:14:32 AM",Tyan生日快樂🫶,Ride,"",1182,5.39,161.0,17,false,,,activities/14610625581.fit.gz,,,1182.0,1093.0,5393.5,10.011,4.935,35.0,16.0,171.2,189.6,4.7,0.3,,,,,161.0,142.0,,,255.0,,,17.0,,,,,,,,,,,0.0,,0.0,,1.0,,,,,,,,,,,,,,,,,,,,,,,,,,,0.0,4.563,0.0,,,,,,,,,,,,,,,,,,,,,media/2e01d46c-234b-48b7-a936-4c3508595301.mp4
13683927976,"Feb 21, 2025, 4:33:10 AM",Night Ride,Ride,"",1442,5.82,156.0,14,false,,,activities/14602433287.fit.gz,,,1442.0,1364.0,5826.1,6.42,4.271,20.0,14.0,189.0,201.4,29.7,0.1,,,,,156.0,131.0,,,261.0,,,14.0,,,,,,,,,,,0.0,,0.0,,1.0,,,,,,,,,,,,,,,,,,,,,,,,,,,0.0,4.04,0.0,,,,,,,,,,,,,,,,,,,,,media/69ac4a56-5894-442c-af94-d0c837b1f2ab.jpg|media/c4d587fa-cbc0-4e34-b8b1-71aa871d3d6e.jpg
13683510168,"Feb 21, 2025, 1:24:22 AM",Evening Run,Run,"",3037,8.85,178.0,53,false,"",On Cloudsurfer,activities/14601970045.fit.gz,,,3037.0,2960.0,8851.5,4.2,2.99,49.0,44.0,179.2,196.6,26.0,0.0,,,84.0,79.0,178.0,145.0,,361.0,670.0,,,53.0,1045321.0,,,,,,,,365.0,3038.0,,,0.0,,1.0,9010.6,,,,,,,,,,,,,,,,19487204.0,,,,,,,,,,0.0,2.915,0.0,,,,7664.0,,,634.0,274.0,3.044,,,,,,,,,,,,""
13675217118,"Feb 20, 2025, 3:46:31 AM",Night Weight Training,Weight Training,,1810,0,177.0,26,false,,,activities/14592894657.fit.gz,,,1810.0,1810.0,0.0,0.0,0.0,0.0,0.0,0.0,0.0,0.0,0.0,,,,,177.0,142.0,,,352.0,,,26.0,,,,,,,,,,,,,0.0,,1.0,,,,,,,,,,,,,,,,,,,,,,,,,,,0.0,0.0,0.0,,,,,,,,,,,650.0,,,,,,,,,,""
13665626725,"Feb 19, 2025, 12:29:38 AM",今天真的很冷,Run,回家路上不小心遇到一群人在一家離我家走路10分鐘的奶茶店下圍棋,2636,8.35,182.0,77,false,"",On Cloudsurfer,activities/14582430042.fit.gz,,,2636.0,2558.0,8358.8,8.66,3.268,77.0,45.0,145.6,192.8,49.2,0.4,,,112.0,82.0,182.0,156.0,,391.0,649.0,,,77.0,1006405.0,,,,,,,,396.0,2637.0,,,0.0,,1.0,8574.6,,,,,,,,,,,,,,,,19487204.0,,,,,,,,,,0.0,3.171,0.0,,,,6906.0,,,649.0,298.0,3.352,,,,,,,,,,,,""
13656850146,"Feb 18, 2025, 3:36:22 AM",Night Weight Training,Weight Training,,2206,0,171.0,18,false,,,activities/14572883235.fit.gz,,,2206.0,2206.0,0.0,0.0,0.0,0.0,0.0,0.0,0.0,0.0,0.0,,,,,171.0,122.0,,,324.0,,,18.0,,,,,,,,,,,,,0.0,,1.0,,,,,,,,,,,,,,,,,,,,,,,,,,,0.0,0.0,0.0,,,,,,,,,,,792.0,,,,,,,,,,""
13636424816,"Feb 15, 2025, 5:13:30 PM",Lunch Swim,Swim,,3063,"2,025",192.0,77,false,,,activities/14550468081.fit.gz,,,3063.0,3057.0,2025.0,1.58,0.662,0.0,0.0,0.0,0.0,0.0,0.0,,,,17.0,192.0,143.0,,,590.0,,,77.0,,,,,,,,,,,,,0.0,,1.0,,,,,,,,,,,,,,,,,,,,,,,,,,,0.0,0.661,0.0,,,,,,25.0,,,,,,,,,,,,,,,""
13621391104,"Feb 14, 2025, 12:12:39 AM",Evening Pilates,Workout,,601,0,110.0,1,false,,,activities/14533927835.fit.gz,,,601.0,601.0,0.0,0.0,0.0,0.0,0.0,0.0,0.0,0.0,0.0,,,70.0,68.0,110.0,87.0,,,43.0,,,1.0,,,,,,,,,,,,,0.0,,1.0,,,,,,,,,,,,,,,,,,,,,,,,,,,0.0,0.0,0.0,,,,,,,,,,,24.0,,,,,,,,,,""
13621092784,"Feb 13, 2025, 11:02:18 PM",apartment tour #2,Ride,"bigger kitchen, living room, common space closet
newly renovated 
tbh i really like this unit ",1389,5.38,153.0,7,false,"",,activities/14533606430.fit.gz,,,1389.0,1305.0,5382.4,7.88,4.124,21.0,12.0,180.4,192.0,17.0,0.2,,,,,153.0,124.0,,,227.0,,,7.0,,,,,,,,,,,0.0,,0.0,,1.0,,,,,,,,,,,,,,,,,,,,,,,,,,,0.0,3.875,0.0,,,,,,,,,,,,,,,,,,,,,media/543527fd-6f32-4342-a927-2efde0f9537e.mp4
13620859583,"Feb 13, 2025, 10:22:50 PM",Afternoon E-Bike Ride to apartment #2,E-Bike Ride,"",1698,5.12,132.0,2,false,"",,activities/14533356589.fit.gz,,,1698.0,755.0,5122.6,9.58,6.785,16.0,10.0,177.4,191.8,45.0,0.1,,,,,132.0,115.0,,,119.0,,,2.0,,,,,,,,,,,,,0.0,,1.0,,,,,,,,,,,,,,,,,,,,,,,,,,,0.0,3.017,18.2,,,,,,,,,,,,,,,,,,,,,""
13617883708,"Feb 13, 2025, 3:47:13 PM",Apartment tour #1,Ride,"newly renovated 
bigger bathroom, smaller bedroom, smaller closet
smaller living room
bigger entry way
no high top bar table 
convenient location for work, airport and grocery store
central air ",1286,5.13,154.0,16,false,"",,activities/14530155361.fit.gz,,,1286.0,1168.0,5133.8,7.02,4.395,18.0,18.0,180.6,193.4,30.0,0.0,,,,,154.0,135.0,,,257.0,,,16.0,,,,,,,,,,,0.0,,0.0,,1.0,,,,,,,,,,,,,,,,,,,,,,,,,,,0.0,3.992,0.0,,,,,,,,,,,,,,,,,,,,,media/59e893ec-0e81-4af6-ba57-86454b1b49d2.mp4
13604519298,"Feb 12, 2025, 12:28:45 AM",Evening Run,Run,"",2255,5.67,181.0,101,false,"",On Cloudsurfer,activities/14515536557.fit.gz,,,2255.0,2080.0,5676.2,6.78,2.729,88.0,55.0,147.6,198.4,38.5,0.7,,,92.0,79.0,181.0,169.0,,333.0,548.0,,,101.0,710257.0,,,,,,,,357.0,2256.0,,,0.0,,1.0,6057.1,,,,,,,,,,,,,,,,19487204.0,,,,,,,,,,0.0,2.517,0.0,,,,5562.0,,,450.0,268.0,2.912,,,,,,,,,,,,""
13595965669,"Feb 11, 2025, 3:33:10 AM",Night Weight Training,Weight Training,,2577,0,178.0,15,false,,,activities/14506221700.fit.gz,,,2577.0,2577.0,0.0,0.0,0.0,0.0,0.0,0.0,0.0,0.0,0.0,,,,,178.0,123.0,,,374.0,,,15.0,,,,,,,,,,,,,0.0,,1.0,,,,,,,,,,,,,,,,,,,,,,,,,,,0.0,0.0,0.0,,,,,,,,,,,674.0,,,,,,,,,,""
13587031795,"Feb 9, 2025, 11:16:32 PM",Afternoon Ride,Ride,,3998,3.66,164.0,7,false,,,activities/14496387893.fit.gz,,,3998.0,854.0,3663.8,12.343,4.29,11.0,28.0,163.0,193.2,49.4,-0.6,,,,,164.0,125.0,,,275.0,,,7.0,,,,,,,,,,,,,0.0,,1.0,,,,,,,,,,,,,,,,,,,,,,,,,,,0.0,0.916,0.0,,,,,,,,,,,,,,,,,,,,,""
13575488197,"Feb 8, 2025, 5:21:12 PM",Lunch Run,Run,"",4552,13.54,179.0,134,false,"",On Cloudsurfer,activities/14483742983.fit.gz,,,4552.0,4505.0,13544.5,8.16,3.007,80.0,77.0,172.6,185.6,15.2,0.0,,,86.0,80.0,179.0,156.0,,349.0,1059.0,,,134.0,1576898.0,,,,,,,,351.0,4553.0,0.0,,0.0,,1.0,13742.8,,,,,,,,,,,,,,,,19487204.0,,,,,,,,,,0.0,2.976,0.0,,,,12094.0,,,881.0,264.0,3.051,,,,,,,,,,,,media/c59d862a-2a91-44be-bf8c-bc2e81421132.jpg
13574771817,"Feb 8, 2025, 4:45:38 PM",Morning Ride,Ride,"",1098,5.36,167.0,25,false,,,activities/14482959032.fit.gz,,,1098.0,1014.0,5362.9,9.84,5.289,36.0,26.0,176.8,195.6,10.2,0.2,,,,,167.0,153.0,,,270.0,,,25.0,,,,,,,,,,,0.0,,0.0,,1.0,,,,,,,,,,,,,,,,,,,,,,,,,,,0.0,4.884,91.5,,,,,,,,,,,,,,,,,,,,,media/c29cfda2-df61-46d1-868e-14681ac7cbea.jpg
13568789600,"Feb 8, 2025, 1:58:39 AM",Evening Ride,Ride,,1282,5.21,160.0,16,false,,,activities/14476406273.fit.gz,,,1282.0,1192.0,5214.5,6.875,4.375,24.0,10.0,172.4,188.4,44.4,0.3,,,,,160.0,138.0,,,265.0,,,16.0,,,,,,,,,,,,,0.0,,1.0,,,,,,,,,,,,,,,,,,,,,,,,,,,0.0,4.067,0.0,,,,,,,,,,,,,,,,,,,,,""
13568178501,"Feb 7, 2025, 11:52:40 PM",Afternoon Ride,Ride,,714,3.36,162.0,11,false,,,activities/14475745160.fit.gz,,,714.0,676.0,3365.5,6.367,4.979,13.0,14.0,184.8,194.2,4.7,0.0,,,,,162.0,145.0,,,164.0,,,11.0,,,,,,,,,,,,,0.0,,1.0,,,,,,,,,,,,,,,,,,,,,,,,,,,0.0,4.714,0.0,,,,,,,,,,,,,,,,,,,,,""
13560933950,"Feb 7, 2025, 12:58:14 AM",Evening Run with Stephen,Run,DW he didn't pass out this time ,3781,9.98,160.0,39,false,"",On Cloudsurfer,activities/14467745321.fit.gz,,,3781.0,3603.0,9984.9,5.2,2.771,112.0,103.0,170.0,190.0,45.7,0.1,,,112.0,77.0,160.0,138.0,,323.0,756.0,,,39.0,1163632.0,,,,,,,,329.0,3782.0,0.0,,0.0,,1.0,10516.3,,,,,,,,,,,,,,,,19487204.0,,,,,,,,,,0.0,2.641,4.0,,,,9280.0,,,641.0,247.0,2.919,,,,,,,,,,,,media/865fe41c-b7da-4a72-a561-7cead77fdb1c.mp4
13551472279,"Feb 5, 2025, 11:42:11 PM",E-bike ride to ebc,E-Bike Ride,guest pass for $40 is a crime ,425,1.53,104.0,0,false,,,activities/14457392782.fit.gz,,,425.0,345.0,1534.0,14.26,4.446,15.0,3.0,172.2,191.8,21.1,1.2,,,,,104.0,90.0,,,34.0,,,0.0,,,,,,,,,,,0.0,,0.0,,1.0,,,,,,,,,,,,,,,,,,,,,,,,,,,0.0,3.609,38.2,,,,,,,,,,,,,,,,,,,,,""
13542717079,"Feb 5, 2025, 12:27:49 AM",Evening Run,Run,"",2755,8.25,161.0,49,false,"",On Cloudsurfer,activities/14447825451.fit.gz,,,2755.0,2626.0,8249.0,6.62,3.141,92.0,55.0,148.2,193.4,48.6,0.4,,,99.0,81.0,161.0,146.0,,375.0,628.0,,,49.0,987878.0,,,,,,,,378.0,2756.0,,,0.0,,1.0,8548.9,,,,,,,,,,,,,,,,19487204.0,,,,,,,,,,0.0,2.994,0.0,,,,7108.0,,,617.0,284.0,3.255,,,,,,,,,,,,""
13533777920,"Feb 4, 2025, 3:29:20 AM",Night Weight Training,Weight Training,,2118,0,163.0,8,false,,,activities/14438094013.fit.gz,,,2118.0,2118.0,0.0,0.0,0.0,0.0,0.0,0.0,0.0,0.0,0.0,,,,,163.0,111.0,,,257.0,,,8.0,,,,,,,,,,,,,0.0,,1.0,,,,,,,,,,,,,,,,,,,,,,,,,,,0.0,0.0,0.0,,,,,,,,,,,780.0,,,,,,,,,,""
13489579278,"Jan 30, 2025, 3:39:41 AM",Night Weight Training,Weight Training,,2242,0,169.0,18,false,,,activities/14389755989.fit.gz,,,2242.0,2242.0,0.0,0.0,0.0,0.0,0.0,0.0,0.0,0.0,0.0,,,,,169.0,126.0,,,358.0,,,18.0,,,,,,,,,,,,,0.0,,1.0,,,,,,,,,,,,,,,,,,,,,,,,,,,0.0,0.0,0.0,,,,,,,,,,,740.0,,,,,,,,,,""
13479889513,"Jan 29, 2025, 12:26:03 AM",Evening Run,Run,"",3093,8.11,169.0,66,false,"",On Cloudsurfer,activities/14379223096.fit.gz,,,3093.0,2769.0,8111.5,4.5,2.929,47.0,62.0,180.0,219.6,49.3,-0.2,,,89.0,80.0,169.0,151.0,,338.0,671.0,,,66.0,936980.0,,,,,5.0,,,329.0,3094.0,,49.0,0.0,,1.0,8266.7,,,,,,,,,,,,,,,,19487204.0,,,,,,,,,,0.0,2.623,0.0,,,,7448.0,,,525.0,247.0,2.985,,,,,,,,,,,,""
13462012247,"Jan 26, 2025, 5:53:08 PM",Morning Alpine Ski @copper day 3,Alpine Ski,"",19784,21.11,156.0,16,false,"",,activities/14359764641.fit.gz,,,19784.0,5305.0,21112.9,15.26,3.98,245.8,3591.0,2957.8,3673.2,48.9,0.0,,,,,156.0,106.0,,,1286.0,,,16.0,,13,,,,,,,,,0.0,,0.0,,1.0,,,,,,,,,,,,,,,,,,,,,,,,,,,0.0,1.067,942.1,,,,,,,,,,,,,,,,,,,,,media/f3a815cf-51c5-4383-9ad8-24cfd7113c76.jpg|media/d72dbf1f-022e-405d-8311-79b2aa86c075.jpg
13452675071,"Jan 25, 2025, 6:38:22 PM",Lunch Alpine Ski @copper day 2,Alpine Ski,"",16865,17.42,153.0,20,false,"",,activities/14349565318.fit.gz,,,16865.0,5534.0,17422.8,11.9,3.148,89.6,3128.0,2976.6,3672.8,49.0,-3.9,,,,,153.0,114.0,,,1654.0,,,20.0,,10,,,,,,,,,0.0,,0.0,,1.0,,,,,,,,,,,,,,,,,,,,,,,,,,,0.0,1.033,159.2,,,,,,,,,,,,,,,,,,,,,media/b05c4113-c7e5-4217-9a2d-8b4cc7946491.mp4|media/ec1f746b-c7d8-4565-a5af-322e2e5d4075.mp4|media/e6f9dccc-4a6c-4875-9c13-8410f6d33c46.mp4|media/62358b27-ea5d-4cb4-9f2a-c238fe20bdb6.mp4|media/15653218-2949-4e9d-9d7b-364b696bbdc4.jpg|media/76f3c760-d92c-4db6-9811-eee0f7c3949a.jpg|media/f4eed085-3d20-4619-8d27-c87c436671cc.jpg|media/6e20523d-1b0e-45a7-96a5-74a1f478cbc3.mp4
13443513181,"Jan 24, 2025, 10:37:46 PM",Afternoon Snowboard,Snowboard,,1691,0.98,149.0,4,false,,,activities/14339602199.fit.gz,,,1691.0,881.0,981.4,5.06,1.114,77.2,110.0,2968.0,2995.2,43.1,-1.7,,,,,149.0,126.0,,,308.0,,,4.0,,4,,,,,,,,,,,0.0,,1.0,,,,,,,,,,,,,,,,,,,,,,,,,,,0.0,0.58,45.5,,,,,,,,,,,,,,,,,,,,,""
13427911919,"Jan 23, 2025, 12:03:42 AM",Flu run,Run,"who knew i actually can get sick in california
Got stopped by a car on the way back and the lady in the passenger seat asked me if i play soccer",3006,8.06,172.0,54,false,"",On Cloudsurfer,activities/14322655252.fit.gz,,,3006.0,2702.0,8068.9,7.44,2.986,76.0,83.0,6.4,38.4,18.7,-0.1,,,120.0,80.0,172.0,148.0,,344.0,674.0,,,54.0,933958.0,,,,,5.0,,,328.0,3007.0,0.0,48.0,0.0,,1.0,8280.8,,,,,,,,,,,,,,,,19487204.0,,,,,,,,,,0.0,2.684,0.0,,,,7238.0,,,508.0,247.0,3.065,,,,,,,,,,,,media/396be6a4-6af9-46a9-85cc-b5cca2384ab1.mp4
13408552833,"Jan 20, 2025, 5:59:14 PM",Morning Hike,Hike,"",8410,7.60,154.0,24,false,,,activities/14301826337.fit.gz,,,8410.0,6363.0,7600.4,2.533,1.194,528.0,587.0,25.0,553.4,50.0,-0.8,,,124.0,57.0,154.0,109.0,,,872.0,,,24.0,,,,,,,,,,,0.0,,0.0,,1.0,,,,,,,,,,,,,,,,,,,,,,,,,,,0.0,0.904,7601.8,,,,11376.0,,,,,,,11376.0,,,,,,,,,,media/107d8697-accb-445d-9bfc-c7b65733ca53.mp4
13401524350,"Jan 19, 2025, 10:52:35 PM",Afternoon Ride,Ride,"",2138,9.13,158.0,12,false,,,activities/14294155867.fit.gz,,,2138.0,1861.0,9138.7,7.46,4.911,48.0,39.0,-13.8,6.0,19.7,0.1,,,,,158.0,126.0,,,345.0,,,12.0,,,,,,,,,,,0.0,,0.0,,1.0,,,,,,,,,,,,,,,,,,,,,,,,,,,0.0,4.274,0.0,,,,,,,,,,,,,,,,,,,,,media/8cb303ee-b7f6-4ea8-b0eb-1d8891869fef.jpg|media/ed72fb32-191c-49ff-85eb-69ccc327dbfa.mp4|media/2ab88e13-8f2b-41b0-8565-a09141957a0a.jpg|media/96ec97ab-bdb3-4016-8337-0e992a06c43f.mp4|media/cbe0644c-4349-490f-99ae-5c318d52a00d.jpg|media/958f46f0-99c0-45d4-805f-83afa1876739.jpg|media/eb224bd3-6a88-4abb-86b0-de30ed5b93cf.mp4
13392645478,"Jan 19, 2025, 1:48:26 AM",Evening Walk,Walk,,52,0.01,123.0,0,false,,,activities/14284560675.fit.gz,,,52.0,23.0,18.9,1.783,0.822,1.0,0.0,195.0,201.2,11.7,32.8,,,60.0,56.0,123.0,118.0,,,3.0,,,0.0,,,,,,,,,,,,,0.0,,1.0,,,,,,,,,,,,,,,,,,,,,,,,,,,0.0,0.363,0.0,,,,32.0,,,,,,,,,,,,,,,,,""
13392645481,"Jan 19, 2025, 1:34:04 AM",Evening Run,Run,,833,0.55,169.0,2,false,,,activities/14284560633.fit.gz,,,833.0,425.0,550.8,7.78,1.296,21.0,11.0,186.2,199.2,41.2,1.6,,,113.0,70.0,169.0,132.0,,181.0,84.0,,,2.0,55076.0,,,,,,,,143.0,547.0,,,0.0,,1.0,643.9,,,,,,,,,,,,,,,,,,,,,,,,,,0.0,0.661,0.0,,,,718.0,,,17.0,108.0,1.515,,,,,,,,,,,,""
13390450869,"Jan 18, 2025, 5:52:34 PM",Lunch Swim,Swim,,3526,"2,075",185.0,73,false,,,activities/14282185383.fit.gz,,,3526.0,3395.0,2075.0,2.28,0.611,0.0,0.0,0.0,0.0,0.0,0.0,,,,16.0,185.0,139.0,,,605.0,,,73.0,,,,,,,,,,,,,0.0,,1.0,,,,,,,,,,,,,,,,,,,,,,,,,,,0.0,0.588,0.0,,,,,,25.0,,,,,,,,,,,,,,,""
13383749129,"Jan 18, 2025, 2:56:24 AM",Evening Ride,Ride,,789,3.18,153.0,6,false,,,activities/14274936379.fit.gz,,,789.0,690.0,3184.4,9.4,4.615,21.0,14.0,176.4,189.0,17.8,0.2,,,,,153.0,134.0,,,155.0,,,6.0,,,,,,,,,,,,,0.0,,1.0,,,,,,,,,,,,,,,,,,,,,,,,,,,0.0,4.036,0.0,,,,,,,,,,,,,,,,,,,,,""
13375243661,"Jan 17, 2025, 12:05:48 AM",Evening Run,Run,"",2738,8.97,173.0,74,false,"",On Cloudsurfer,activities/14265721287.fit.gz,,,2738.0,2698.0,8974.4,6.46,3.326,60.0,34.0,157.6,187.8,22.5,0.3,,,114.0,82.0,173.0,155.0,,391.0,680.0,,,74.0,1055959.0,,,,,8.0,,,391.0,2739.0,,116.0,0.0,,1.0,9157.1,,,,,,,,,,,,,,,,19487204.0,,,,,,,,,,0.0,3.278,0.0,,,,7392.0,,,657.0,294.0,3.394,,,,,,,,,,,,""
13367282906,"Jan 16, 2025, 3:33:35 AM",Night Weight Training,Weight Training,,2048,0,165.0,11,false,,,activities/14257175400.fit.gz,,,2048.0,2048.0,0.0,0.0,0.0,0.0,0.0,0.0,0.0,0.0,0.0,,,,,165.0,114.0,,,262.0,,,11.0,,,,,,,,,,,,,0.0,,1.0,,,,,,,,,,,,,,,,,,,,,,,,,,,0.0,0.0,0.0,,,,,,,,,,,732.0,,,,,,,,,,""
13357727800,"Jan 15, 2025, 12:29:39 AM",I know what you're thinking and yes way,Run,[strava://athletes/125149905/16]Gregory Houchins and me and lvrc vs the world ,2703,8.05,168.0,59,false,"",On Cloudsurfer,activities/14246939941.fit.gz,,,2703.0,2609.0,8054.3,7.76,3.087,122.0,77.0,139.6,204.8,49.1,0.6,,,89.0,82.0,168.0,150.0,,386.0,628.0,,,59.0,1017361.0,,,,,,,,407.0,2704.0,0.0,,0.0,,1.0,8496.5,,,,,,,,,,,,,,,,19487204.0,,,,,,,,,,0.0,2.98,0.0,,,,7164.0,,,703.0,306.0,3.257,,,,,,,,,,,,media/a3ddd8e5-e19e-4b0a-a9d7-7866e7f7ffe2.jpg|media/a6e6405f-ad0c-48af-8f98-3aced116f305.jpg|media/a3b5fe6a-bcc1-4203-9e03-ef676f33b087.mp4
13349016221,"Jan 14, 2025, 3:34:45 AM",Night Weight Training,Weight Training,,2486,0,177.0,18,false,,,activities/14237612361.fit.gz,,,2486.0,2486.0,0.0,0.0,0.0,0.0,0.0,0.0,0.0,0.0,0.0,,,,,177.0,124.0,,,357.0,,,18.0,,,,,,,,,,,,,0.0,,1.0,,,,,,,,,,,,,,,,,,,,,,,,,,,0.0,0.0,0.0,,,,,,,,,,,836.0,,,,,,,,,,""
13340097250,"Jan 13, 2025, 4:14:04 AM",Night Ride,Ride,,917,4.42,139.0,4,false,,,activities/14228041086.fit.gz,,,917.0,917.0,4423.6,8.45,4.824,13.0,11.0,178.4,187.0,7.6,0.0,,,,,139.0,126.0,,,158.0,,,4.0,,,,,,,,,,,,,0.0,,1.0,,,,,,,,,,,,,,,,,,,,,,,,,,,0.0,4.824,0.0,,,,,,,,,,,,,,,,,,,,,""
13339856433,"Jan 13, 2025, 2:34:27 AM",Evening Ride,Ride,,747,3.02,145.0,5,false,,,activities/14227775750.fit.gz,,,747.0,672.0,3025.7,7.12,4.503,24.0,10.0,180.2,198.8,22.2,0.5,,,,,145.0,133.0,,,145.0,,,5.0,,,,,,,,,,,,,0.0,,1.0,,,,,,,,,,,,,,,,,,,,,,,,,,,0.0,4.05,0.0,,,,,,,,,,,,,,,,,,,,,""
13339678598,"Jan 13, 2025, 1:05:07 AM",Evening Ride,Ride,,1260,3.46,146.0,5,false,,,activities/14227582976.fit.gz,,,1260.0,744.0,3460.0,10.367,4.651,27.0,20.0,167.8,193.8,22.2,-0.4,,,,,146.0,131.0,,,177.0,,,5.0,,,,,,,,,,,,,0.0,,1.0,,,,,,,,,,,,,,,,,,,,,,,,,,,0.0,2.746,0.0,,,,,,,,,,,,,,,,,,,,,""
13327499096,"Jan 11, 2025, 5:20:35 PM",Lunch Swim,Swim,,3129,"2,025",210.0,109,false,,,activities/14214478019.fit.gz,,,3129.0,3067.0,2025.0,1.48,0.66,0.0,0.0,0.0,0.0,0.0,0.0,,,,17.0,210.0,152.0,,,685.0,,,109.0,,,,,,,,,,,,,0.0,,1.0,,,,,,,,,,,,,,,,,,,,,,,,,,,0.0,0.647,0.0,,,,,,25.0,,,,,,,,,,,,,,,""
13312916672,"Jan 10, 2025, 12:49:41 AM",Jimmy Butler needs to stop horsing around and play ball,Run,"",2782,8.79,184.0,80,false,"",On Cloudsurfer,activities/14198805678.fit.gz,,,2782.0,2738.0,8792.9,5.68,3.211,103.0,61.0,143.2,191.4,37.6,0.5,,,114.0,82.0,184.0,155.0,,389.0,682.0,,,80.0,1063547.0,,,,,,,,392.0,2783.0,,,0.0,,1.0,9169.8,,,,,,,,,,,,,,,,19487204.0,,,,,,,,,,0.0,3.161,0.0,,,,7490.0,,,672.0,295.0,3.349,,,,,,,,,,,,""
13304807899,"Jan 9, 2025, 3:29:37 AM",Night Weight Training,Weight Training,,2515,0,162.0,13,false,,,activities/14190115189.fit.gz,,,2515.0,2515.0,0.0,0.0,0.0,0.0,0.0,0.0,0.0,0.0,0.0,,,,,162.0,125.0,,,369.0,,,13.0,,,,,,,,,,,,,0.0,,1.0,,,,,,,,,,,,,,,,,,,,,,,,,,,0.0,0.0,0.0,,,,,,,,,,,750.0,,,,,,,,,,""
13296121726,"Jan 8, 2025, 3:36:20 AM",Night Weight Training,Weight Training,,2075,0,167.0,14,false,,,activities/14180833320.fit.gz,,,2075.0,2075.0,0.0,0.0,0.0,0.0,0.0,0.0,0.0,0.0,0.0,,,,,167.0,124.0,,,317.0,,,14.0,,,,,,,,,,,,,0.0,,1.0,,,,,,,,,,,,,,,,,,,,,,,,,,,0.0,0.0,0.0,,,,,,,,,,,754.0,,,,,,,,,,""
13286832088,"Jan 7, 2025, 3:34:33 AM",Night Weight Training,Weight Training,,2640,0,172.0,22,false,,,activities/14170887586.fit.gz,,,2640.0,2640.0,0.0,0.0,0.0,0.0,0.0,0.0,0.0,0.0,0.0,,,,,172.0,127.0,,,385.0,,,22.0,,,,,,,,,,,,,0.0,,1.0,,,,,,,,,,,,,,,,,,,,,,,,,,,0.0,0.0,0.0,,,,,,,,,,,978.0,,,,,,,,,,""
13236501418,"Jan 1, 2025, 8:39:14 AM",Night Ride,Ride,,1293,4.79,143.0,7,false,,,activities/14116670200.fit.gz,,,1293.0,1293.0,4791.5,5.278,3.706,18.0,9.0,173.4,186.0,7.9,0.2,,,,,143.0,130.0,,,233.0,,,7.0,,,,,,,,,,,,,0.0,,1.0,,,,,,,,,,,,,,,,,,,,,,,,,,,0.0,3.706,0.0,,,,,,,,,,,,,,,,,,,,,""
13233692966,"Dec 31, 2024, 5:59:19 PM",Lunch Weight Training at ebc,Workout,"played 4 pickup games eith brooke prior to the workout. Despite my 3s werent falling much, we managed to win 3-1 with the last game where we picked up a guy with better handle than both of us 😜",2071,0,155.0,8,false,,,activities/14113549904.fit.gz,,,2071.0,2071.0,0.0,0.0,0.0,0.0,0.0,0.0,0.0,0.0,0.0,,,,,155.0,113.0,,,248.0,,,8.0,,,,,,,,,,,0.0,,0.0,,1.0,,,,,,,,,,,,,,,,,,,,,,,,,,,0.0,0.0,0.0,,,,,,,,,,,184.0,,,,,,,,,,""
13228029270,"Dec 31, 2024, 3:16:38 AM",Night Weight Training,Weight Training,,2338,0,169.0,16,false,,,activities/14107423874.fit.gz,,,2338.0,2338.0,0.0,0.0,0.0,0.0,0.0,0.0,0.0,0.0,0.0,,,,,169.0,123.0,,,337.0,,,16.0,,,,,,,,,,,,,0.0,,1.0,,,,,,,,,,,,,,,,,,,,,,,,,,,0.0,0.0,0.0,,,,,,,,,,,1036.0,,,,,,,,,,""
13210456819,"Dec 28, 2024, 5:30:30 PM",Lunch Swim,Swim,,3170,"2,000",185.0,80,false,,,activities/14088402519.fit.gz,,,3170.0,3052.0,2000.0,2.1,0.655,0.0,0.0,0.0,0.0,0.0,0.0,,,,17.0,185.0,142.0,,,641.0,,,80.0,,,,,,,,,,,,,0.0,,1.0,,,,,,,,,,,,,,,,,,,,,,,,,,,0.0,0.631,0.0,,,,,,25.0,,,,,,,,,,,,,,,""
13197863353,"Dec 26, 2024, 11:02:55 PM",Afternoon Run,Run,"",2519,8.06,173.0,62,false,"",On Cloudsurfer,activities/14074857182.fit.gz,,,2519.0,2495.0,8065.2,14.56,3.233,47.0,23.0,149.8,185.8,49.5,0.3,,,85.0,82.0,173.0,151.0,,386.0,608.0,,,62.0,962949.0,,,,,,,,389.0,2520.0,,,0.0,,1.0,8223.5,,,,,,,,,,,,,,,,19487204.0,,,,,,,,,,0.0,3.202,0.0,,,,6784.0,,,597.0,292.0,3.296,,,,,,,,,,,,""
13189939370,"Dec 25, 2024, 10:04:34 PM",Afternoon Run,Run,"",2841,8.81,182.0,74,false,"",On Cloudsurfer,activities/14066354315.fit.gz,,,2841.0,2796.0,8816.7,7.1,3.153,55.0,26.0,147.0,183.6,20.0,0.3,,,116.0,81.0,182.0,153.0,,372.0,684.0,,,74.0,1039167.0,,,,,,,,374.0,2841.0,,,0.0,,1.0,8996.3,,,,,,,,,,,,,,,,19487204.0,,,,,,,,,,0.0,3.103,0.0,,,,7538.0,,,623.0,281.0,3.218,,,,,,,,,,,,""
13185276834,"Dec 25, 2024, 5:54:04 AM",Night Ride,Ride,,1061,4.70,149.0,12,false,,,activities/14061316878.fit.gz,,,1061.0,1061.0,4702.8,6.614,4.432,22.0,7.0,165.8,188.2,18.6,0.3,,,,,149.0,139.0,,,222.0,,,12.0,,,,,,,,,,,,,0.0,,1.0,,,,,,,,,,,,,,,,,,,,,,,,,,,0.0,4.432,0.0,,,,,,,,,,,,,,,,,,,,,""
13183663311,"Dec 24, 2024, 6:50:11 PM",Lunch Run,Run,"",2448,8.06,187.0,79,false,"",On Cloudsurfer,activities/14059554381.fit.gz,,,2448.0,2430.0,8061.2,6.84,3.317,68.0,33.0,141.8,183.0,49.3,0.4,,,88.0,83.0,187.0,157.0,,392.0,607.0,,,79.0,951544.0,,,,,5.0,,,397.0,2449.0,,43.0,0.0,,1.0,8277.5,,,,,,,,,,,,,,,,19487204.0,,,,,,,,,,0.0,3.293,0.0,,,,6662.0,,,605.0,298.0,3.406,,,,,,,,,,,,""
13178546895,"Dec 24, 2024, 4:12:50 AM","It's been real, Old Town Pourhouse",Ride,"",507,2.54,142.0,1,false,"",,activities/14054082238.fit.gz,,,507.0,507.0,2548.1,7.939,5.026,14.0,9.0,181.4,189.8,4.0,0.3,,,,,142.0,109.0,,,66.0,,,1.0,,,,,,,,,,,,,0.0,,1.0,,,,,,,,,,,,,,,,,,,,,,,,,,,0.0,5.026,0.0,,,,,,,,,,,,,,,,,,,,,""
13169716015,"Dec 22, 2024, 4:42:05 PM",Morning Tennis,Workout,,1139,0.11,134.0,3,false,,,activities/14044571296.fit.gz,,,1139.0,1139.0,109.0,1.621,0.096,0.0,0.0,0.0,0.0,0.0,0.0,,,70.0,55.0,134.0,110.0,,,140.0,,,3.0,,,,,,,,,,,,,0.0,,1.0,,,,,,,,,,,,,,,,,,,,,,,,,,,0.0,0.096,0.0,,,,,,,,,,,658.0,,,,,,,,,,""
13163607701,"Dec 21, 2024, 6:24:08 PM",Lunch Swim,Swim,,3178,"2,050",206.0,109,false,,,activities/14037991662.fit.gz,,,3178.0,3162.0,2050.0,2.28,0.648,0.0,0.0,0.0,0.0,0.0,0.0,,,,17.0,206.0,151.0,,,698.0,,,109.0,,,,,,,,,,,,,0.0,,1.0,,,,,,,,,,,,,,,,,,,,,,,,,,,0.0,0.645,0.0,,,,,,25.0,,,,,,,,,,,,,,,""
13152742265,"Dec 20, 2024, 3:21:05 AM",Night Weight Training,Weight Training,,2134,0,166.0,11,false,,,activities/14026285993.fit.gz,,,2134.0,2134.0,0.0,0.0,0.0,0.0,0.0,0.0,0.0,0.0,0.0,,,,,166.0,113.0,,,266.0,,,11.0,,,,,,,,,,,,,0.0,,1.0,,,,,,,,,,,,,,,,,,,,,,,,,,,0.0,0.0,0.0,,,,,,,,,,,820.0,,,,,,,,,,""
13138567354,"Dec 17, 2024, 11:30:02 PM",No bacon wrapped dates 😭,Ride,"",1289,3.58,151.0,4,false,,,activities/14011061684.fit.gz,,,1289.0,1134.0,3586.7,10.183,3.163,9.0,14.0,179.4,193.0,21.6,-0.1,,,,,151.0,110.0,,,152.0,,,4.0,,,,,,,,,,,0.0,,0.0,,1.0,,,,,,,,,,,,,,,,,,,,,,,,,,,0.0,2.783,0.0,,,,,,,,,,,,,,,,,,,,,""
13137994155,"Dec 17, 2024, 9:15:20 PM",Afternoon Weight Training,Weight Training,,2811,0,173.0,28,false,,,activities/14010457451.fit.gz,,,2811.0,2811.0,0.0,0.0,0.0,0.0,0.0,0.0,0.0,0.0,0.0,,,,,173.0,130.0,,,431.0,,,28.0,,,,,,,,,,,,,0.0,,1.0,,,,,,,,,,,,,,,,,,,,,,,,,,,0.0,0.0,0.0,,,,,,,,,,,928.0,,,,,,,,,,""
13124162902,"Dec 15, 2024, 9:24:31 PM",Afternoon Ride,Ride,going to [strava://athletes/145853406/13]Clarisse Chia 's going away hangout and she's somehow 30 minutes late ,498,2.52,158.0,5,false,"",,activities/13995652524.fit.gz,,,498.0,482.0,2526.3,7.767,5.241,24.0,5.0,167.8,188.8,7.8,0.7,,,,,158.0,126.0,,,90.0,,,5.0,,,,,,,,,,,,,0.0,,1.0,,,,,,,,,,,,,,,,,,,,,,,,,,,0.0,5.073,0.0,,,,,,,,,,,,,,,,,,,,,""
13115755172,"Dec 14, 2024, 5:40:00 PM",Lunch Swim,Swim,,3581,"2,000",195.0,70,false,,,activities/13986660344.fit.gz,,,3581.0,3187.0,2000.0,1.48,0.628,0.0,0.0,0.0,0.0,0.0,0.0,,,,18.0,195.0,140.0,,,582.0,,,70.0,,,,,,,,,,,,,0.0,,1.0,,,,,,,,,,,,,,,,,,,,,,,,,,,0.0,0.559,0.0,,,,,,25.0,,,,,,,,,,,,,,,""
13104432519,"Dec 13, 2024, 3:17:43 AM",Night Weight Training,Weight Training,,2515,0,166.0,16,false,,,activities/13974499907.fit.gz,,,2515.0,2515.0,0.0,0.0,0.0,0.0,0.0,0.0,0.0,0.0,0.0,,,,,166.0,124.0,,,371.0,,,16.0,,,,,,,,,,,,,0.0,,1.0,,,,,,,,,,,,,,,,,,,,,,,,,,,0.0,0.0,0.0,,,,,,,,,,,962.0,,,,,,,,,,""
13090022125,"Dec 11, 2024, 12:24:40 AM",Evening Run,Run,,3064,8.30,169.0,62,false,,,activities/13959054787.fit.gz,,,3064.0,2703.0,8307.2,7.04,3.073,99.0,108.0,174.6,224.4,28.0,-0.1,,,86.0,81.0,169.0,150.0,,378.0,656.0,,,62.0,1022249.0,,,,,,,,375.0,3065.0,,,0.0,,1.0,8619.6,,,,,,,,,,,,,,,,,,,,,,,,,,0.0,2.711,0.0,,,,7138.0,,,676.0,282.0,3.189,,,,,,,,,,,,""
13082753585,"Dec 10, 2024, 12:34:35 AM",Evening Run,Run,"",2540,8.67,179.0,83,false,"",On Cloudsurfer,activities/13951289108.fit.gz,,,2540.0,2520.0,8676.0,6.105,3.443,67.0,35.0,155.0,188.6,46.0,0.4,,,85.0,81.0,179.0,160.0,,411.0,655.0,,,83.0,1039494.0,,,,,,,,413.0,2540.0,,,0.0,,1.0,8896.6,,,,,,,,,,,,,,,,19487204.0,,,,,,,,,,0.0,3.416,0.0,,,,6814.0,,,681.0,311.0,3.53,,,,,,,,,,,,""
13074726402,"Dec 8, 2024, 5:26:20 PM",Lunch Tennis,Workout,,5925,2.93,175.0,13,false,,,activities/13942746225.fit.gz,,,5925.0,3660.0,2934.9,8.95,0.802,0.0,0.0,178.7,179.0,2.2,0.0,,,110.0,58.0,175.0,114.0,,,627.0,,,13.0,,,,,,,,,,,,,0.0,,1.0,,,,,,,,,,,,,,,,,,,,,,,,,,,0.0,0.495,0.0,,,,,,,,,,,5682.0,,,,,,,,,,""
13066957148,"Dec 7, 2024, 4:33:06 PM",Morning Swim,Swim,,3401,"2,025",157.0,27,false,,,activities/13934474582.fit.gz,,,3401.0,3275.0,2025.0,1.94,0.618,0.0,0.0,0.0,0.0,0.0,0.0,,,,16.0,157.0,112.0,,,441.0,,,27.0,,,,,,,,,,,,,0.0,,1.0,,,,,,,,,,,,,,,,,,,,,,,,,,,0.0,0.595,0.0,,,,,,25.0,,,,,,,,,,,,,,,""
13049732277,"Dec 5, 2024, 3:30:18 AM",Night Weight Training,Weight Training,,2128,0,184.0,23,false,,,activities/13916014767.fit.gz,,,2128.0,2128.0,0.0,0.0,0.0,0.0,0.0,0.0,0.0,0.0,0.0,,,,,184.0,133.0,,,366.0,,,23.0,,,,,,,,,,,,,0.0,,1.0,,,,,,,,,,,,,,,,,,,,,,,,,,,0.0,0.0,0.0,,,,,,,,,,,1106.0,,,,,,,,,,""
13042451141,"Dec 4, 2024, 3:28:36 AM",Night Weight Training,Weight Training,,1968,0,183.0,21,false,,,activities/13908298158.fit.gz,,,1968.0,1968.0,0.0,0.0,0.0,0.0,0.0,0.0,0.0,0.0,0.0,,,,,183.0,128.0,,,318.0,,,21.0,,,,,,,,,,,,,0.0,,1.0,,,,,,,,,,,,,,,,,,,,,,,,,,,0.0,0.0,0.0,,,,,,,,,,,838.0,,,,,,,,,,""
13034840364,"Dec 3, 2024, 3:23:56 AM",Night Weight Training,Weight Training,,2399,0,178.0,25,false,,,activities/13900165905.fit.gz,,,2399.0,2399.0,0.0,0.0,0.0,0.0,0.0,0.0,0.0,0.0,0.0,,,,,178.0,135.0,,,413.0,,,25.0,,,,,,,,,,,,,0.0,,1.0,,,,,,,,,,,,,,,,,,,,,,,,,,,0.0,0.0,0.0,,,,,,,,,,,1104.0,,,,,,,,,,""
13017640214,"Nov 30, 2024, 4:48:28 PM",Morning Swim,Swim,,3402,"2,025",186.0,54,false,,,activities/13881738291.fit.gz,,,3402.0,3283.0,2025.0,1.94,0.617,0.0,0.0,0.0,0.0,0.0,0.0,,,,15.0,186.0,134.0,,,563.0,,,54.0,,,,,,,,,,,,,0.0,,1.0,,,,,,,,,,,,,,,,,,,,,,,,,,,0.0,0.595,0.0,,,,,,25.0,,,,,,,,,,,,,,,""
12998128485,"Nov 27, 2024, 9:12:35 PM",Afternoon Weight Training,Weight Training,,2899,0,172.0,13,false,,,activities/13860740025.fit.gz,,,2899.0,2899.0,0.0,0.0,0.0,0.0,0.0,0.0,0.0,0.0,0.0,,,,,172.0,117.0,,,376.0,,,13.0,,,,,,,,,,,,,0.0,,1.0,,,,,,,,,,,,,,,,,,,,,,,,,,,0.0,0.0,0.0,,,,,,,,,,,24.0,,,,,,,,,,""
12991280127,"Nov 26, 2024, 10:48:33 PM",Afternoon Run,Run,"",2611,8.46,174.0,67,false,"",On Cloudsurfer,activities/13853438239.fit.gz,,,2611.0,2576.0,8463.8,5.14,3.286,48.0,39.0,172.2,190.0,10.4,0.1,,,88.0,82.0,174.0,154.0,,385.0,641.0,,,67.0,991957.0,,,,,6.0,,,385.0,2612.0,,67.0,0.0,,1.0,8601.5,,,,,,,,,,,,,,,,19487204.0,,,,,,,,,,0.0,3.242,0.0,,,,7044.0,,,606.0,289.0,3.339,,,,,,,,,,,,""
12984485129,"Nov 26, 2024, 3:35:42 AM",Night Weight Training,Weight Training,,1609,0,170.0,13,false,,,activities/13846168493.fit.gz,,,1609.0,1609.0,0.0,0.0,0.0,0.0,0.0,0.0,0.0,0.0,0.0,,,,,170.0,128.0,,,281.0,,,13.0,,,,,,,,,,,,,0.0,,1.0,,,,,,,,,,,,,,,,,,,,,,,,,,,0.0,0.0,0.0,,,,,,,,,,,12.0,,,,,,,,,,""
12976559347,"Nov 24, 2024, 11:19:21 PM",Afternoon Ride,Ride,,312,1.49,134.0,1,false,,,activities/13837799641.fit.gz,,,312.0,292.0,1497.0,7.167,5.127,9.0,3.0,177.8,188.0,16.1,0.5,,,,,134.0,122.0,,,51.0,,,1.0,,,,,,,,,,,,,0.0,,1.0,,,,,,,,,,,,,,,,,,,,,,,,,,,0.0,4.798,0.0,,,,,,,,,,,,,,,,,,,,,""
12976468040,"Nov 24, 2024, 10:42:29 PM",Afternoon Ride,Ride,,1033,2.61,126.0,2,false,,,activities/13837701457.fit.gz,,,1033.0,843.0,2613.7,7.26,3.1,26.0,5.0,172.2,197.0,27.8,0.5,,,,,126.0,108.0,,,119.0,,,2.0,,,,,,,,,,,,,0.0,,1.0,,,,,,,,,,,,,,,,,,,,,,,,,,,0.0,2.53,0.0,,,,,,,,,,,,,,,,,,,,,""
12967345219,"Nov 23, 2024, 6:06:18 PM",Lunch Swim,Swim,,3156,"2,025",200.0,82,false,,,activities/13827937320.fit.gz,,,3156.0,3112.0,2025.0,1.4,0.651,0.0,0.0,0.0,0.0,0.0,0.0,,,,16.0,200.0,144.0,,,614.0,,,82.0,,,,,,,,,,,,,0.0,,1.0,,,,,,,,,,,,,,,,,,,,,,,,,,,0.0,0.642,0.0,,,,,,25.0,,,,,,,,,,,,,,,""
12962158869,"Nov 23, 2024, 3:45:02 AM",Night Ride,Ride,"",1993,6.97,136.0,7,false,,,activities/13822515401.fit.gz,,,1993.0,1834.0,6977.8,5.717,3.805,21.0,39.0,169.8,195.6,38.6,-0.2,,,,,136.0,122.0,,,292.0,,,7.0,,,,,,,,,,,0.0,,0.0,,1.0,,,,,,,,,,,,,,,,,,,,,,,,,,,0.0,3.501,22.1,,,,,,,,,,,,,,,,,,,,,media/460029bf-2989-4f3d-a8df-7b90b21a80ce.mp4
12961821668,"Nov 23, 2024, 12:25:49 AM",Evening Ride,Ride,,1527,6.01,141.0,5,false,,,activities/13822146328.fit.gz,,,1527.0,1288.0,6010.5,8.456,4.667,52.0,51.0,173.8,204.6,43.1,-0.1,,,,,141.0,120.0,,,224.0,,,5.0,,,,,,,,,,,,,0.0,,1.0,,,,,,,,,,,,,,,,,,,,,,,,,,,0.0,3.936,0.0,,,,,,,,,,,,,,,,,,,,,""
12955843063,"Nov 22, 2024, 3:23:26 AM",Night Weight Training,Weight Training,"*me working out with my headset on
*guy next to me signal to talk to me
*me pause music
""Hey man you training for something?""
""Health""
""That's it?""
""Yea i just finished a race recently so there's really nothing else.""
""Your calves look huge dude. You work your calves a lot?""
""Nah just genetics.""
""No way""
""Ye actually. My siblings all get the same comments."" 
""That's so cool. You a student at depaul?"" *pulling out his phone as he speaks
""Nah im old. Im closer to 30s than you think."" *Him slowly put his phone away
""I see. Well have a good one man.""
""You too."" *He proceeded to walk away. 
Man, can't be friend with an old dude in his late 20s? 
",2385,0,160.0,16,false,"",,activities/13815689057.fit.gz,,,2385.0,2385.0,0.0,0.0,0.0,0.0,0.0,0.0,0.0,0.0,0.0,,,,,160.0,122.0,,,347.0,,,16.0,,,,,,5.0,,,,,,43.0,0.0,,1.0,,,,,,,,,,,,,,,,,,,,,,,,,,,0.0,0.0,0.0,,,,,,,,,,,6.0,,,,,,,,,,""
12948838033,"Nov 21, 2024, 3:31:45 AM",Night Weight Training,Weight Training,,1793,0,157.0,7,false,,,activities/13808394384.fit.gz,,,1793.0,1793.0,0.0,0.0,0.0,0.0,0.0,0.0,0.0,0.0,0.0,,,,,157.0,114.0,,,232.0,,,7.0,,,,,,,,,,,,,0.0,,1.0,,,,,,,,,,,,,,,,,,,,,,,,,,,0.0,0.0,0.0,,,,,,,,,,,12.0,,,,,,,,,,""
12941427566,"Nov 20, 2024, 4:18:30 AM",Night Ride,Ride,,2211,8.69,138.0,7,false,,,activities/13800433092.fit.gz,,,2211.0,2012.0,8693.2,7.71,4.321,225.0,167.0,128.6,207.6,48.5,0.5,,,,,138.0,115.0,,,279.0,,,7.0,,,,,,,,,,,,,0.0,,1.0,,,,,,,,,,,,,,,,,,,,,,,,,,,0.0,3.932,0.0,,,,,,,,,,,,,,,,,,,,,""
12940404507,"Nov 19, 2024, 11:12:01 PM",Afternoon Ride,Ride,,2048,8.28,133.0,5,false,,,activities/13799340105.fit.gz,,,2048.0,1735.0,8284.7,7.383,4.775,78.0,69.0,158.0,188.2,47.1,0.2,,,,,133.0,112.0,,,255.0,,,5.0,,,,,,,,,,,,,0.0,,1.0,,,,,,,,,,,,,,,,,,,,,,,,,,,0.0,4.045,0.0,,,,,,,,,,,,,,,,,,,,,""
12924686588,"Nov 17, 2024, 6:53:26 PM",Afternoon E-Bike Ride,E-Bike Ride,,2196,4.81,125.0,2,false,,,activities/13782438870.fit.gz,,,2196.0,1292.0,4813.5,10.22,3.726,44.0,26.0,-6.4,23.8,50.0,0.4,,,,,125.0,89.0,,,148.0,,,2.0,,,,,,,,,,,,,0.0,,1.0,,,,,,,,,,,,,,,,,,,,,,,,,,,0.0,2.192,0.0,,,,,,,,,,,,,,,,,,,,,""
12915268580,"Nov 16, 2024, 12:00:54 PM",This is home?,Run,"Need to thank kristen faulkner for giving me the thought of even attempting this one. Knowing the odds she had to get through to win gold this year was inspiring even though im nowhere close to her achievement. 
My wheel started to wobble at mile 22 and finally came off at 24. It's frustrating thinking i might not have to deal with cramps this year. The upside is that this is the furtherest ive ever run without one",13264,42.50,179.0,451,false,"",On Cloudsurfer,activities/13772254141.fit.gz,,,13264.0,12990.0,42503.2,4.94,3.272,321.0,343.0,22.6,89.2,27.2,-0.1,,,119.0,81.0,179.0,161.0,,383.0,3184.0,,,451.0,4981645.0,,,,,10.0,,,389.0,13265.0,0.0,793.0,0.0,,1.0,43204.0,,,,,,,,,,,,,,,,19487204.0,,,,,,,,,,0.0,3.204,6168.3,,,,35148.0,,,3146.0,292.0,3.326,,,,,,,,,,,,media/7b4d75a3-fea8-408d-a988-96c6c306a265.mp4|media/667145bd-72c3-4372-ba31-4819b0e08e0c.jpg|media/0b593ffb-ed8c-43ca-a7ef-15850e2c7967.jpg|media/2847cf79-2a7a-4e06-9275-225c70ed0a33.mp4|media/e307ee36-578e-481a-bc26-d321bf7346bd.jpg|media/2809737b-d553-4e8d-8d82-3e29659b4933.jpg|media/a64fd06b-7282-4032-8e48-2058c771f122.jpg
12909531398,"Nov 15, 2024, 10:53:59 PM",shuttle drop off to the highest point of richmond,Run,shakeout?,641,1.63,152.0,6,false,"",,activities/13766080967.fit.gz,,,641.0,611.0,1630.2,4.36,2.668,80.0,8.0,87.0,159.0,44.4,4.4,,,84.0,79.0,152.0,137.0,,381.0,137.0,,,6.0,233019.0,,,,,8.0,,,388.0,642.0,,26.0,0.0,,1.0,1980.2,,,,,,,,,,,,,,,,,,,,,,,,,,0.0,2.543,0.0,,,,1604.0,,,151.0,292.0,3.241,,,,,,,,,,,,media/05db3d3a-4ee2-443d-b169-465152dbbc1e.jpg
12896144709,"Nov 13, 2024, 10:58:59 PM",Speed run,Run,having fever sucks ,1558,5.01,181.0,57,false,"",On Cloudsurfer,activities/13751654132.fit.gz,,,1558.0,1552.0,5012.0,5.8,3.229,51.0,16.0,-27.4,6.6,17.7,0.7,,,87.0,82.0,181.0,162.0,,385.0,396.0,,,57.0,597676.0,,,,,7.0,,,390.0,1559.0,0.0,49.0,0.0,,1.0,5180.7,,,,,,,,,,,,,,,,19487204.0,,,,,,,,,,0.0,3.217,85.2,,,,4230.0,,,372.0,293.0,3.338,,,,,,,,,,,,""
12888122987,"Nov 13, 2024, 12:28:30 AM",Evening Run,Run,"",3180,8.24,175.0,55,false,"",On Cloudsurfer,activities/13743056137.fit.gz,,,3180.0,2950.0,8245.3,6.58,2.795,98.0,61.0,136.8,189.0,43.7,0.5,,,115.0,79.0,175.0,149.0,,327.0,672.0,,,55.0,963274.0,,,,,3.0,,,331.0,3181.0,,24.0,0.0,,1.0,8631.0,,,,,,,,,,,,,,,,19487204.0,,,,,,,,,,0.0,2.593,0.0,,,,7816.0,,,547.0,249.0,2.926,,,,,,,,,,,,""
12870205161,"Nov 10, 2024, 4:02:44 PM",Motherf***** Florida is hot in November,Run,"florida can really break or make an athlete. 
[strava://athletes/88348816/15]William Hammond said he's about to die ",5891,16.12,179.0,140,false,"",On Cloudsurfer,activities/13723832856.fit.gz,,,5891.0,5437.0,16128.6,5.14,2.966,172.0,169.0,13.6,41.4,36.5,0.0,,,120.0,79.0,179.0,154.0,,349.0,1314.0,,,140.0,1896333.0,,,,,8.0,,,348.0,5892.0,0.0,234.0,0.0,,1.0,16826.1,,,,,,,,,,,,,,,,19487204.0,,,,,,,,,,0.0,2.738,1970.5,,,,14526.0,,,1121.0,262.0,3.095,,,,,,,,,,,,media/5ec7cec1-958d-4927-9fc4-91b5f150035e.mp4|media/f9a609a5-0804-4da1-a6d6-9c73799916c7.mp4|media/bd3bc555-5b26-41b1-8cd6-7c689df56e50.mp4|media/5c4a758e-b811-4c56-8e20-8eb2a5fbe05e.mp4|media/54398c10-0876-44ef-b298-9bfcaf3504fe.mp4|media/d65f7f7a-9c56-4ead-ac06-08a64f340aeb.mp4|media/12030b97-95a5-4edd-bb90-10ba6d5ab0e5.jpg|media/9dc5f83b-4ec2-4cb4-9226-7509f21c00e9.jpg|media/48621f2c-e6f8-4b42-b970-c0205a70d705.jpg
12848344620,"Nov 7, 2024, 10:56:38 PM",Wow actually made it even without the flight delay,Walk,"",1095,0.56,132.0,1,false,,,activities/13700281607.fit.gz,,,1095.0,454.0,560.0,3.94,1.233,27.0,17.0,164.4,181.0,46.2,-0.2,,,82.0,56.0,132.0,98.0,,,91.0,,,1.0,,,,,,,,,,,0.0,,0.0,,1.0,,,,,,,,,,,,,,,,,,,,,,,,,,,0.0,0.511,0.0,,,,732.0,,,,,,,,,,,,,,,,,""
12845216835,"Nov 7, 2024, 3:01:18 PM",Morning Weight Training,Weight Training,,1662,0,144.0,4,false,,,activities/13696957753.fit.gz,,,1662.0,1662.0,0.0,0.0,0.0,0.0,0.0,0.0,0.0,0.0,0.0,,,,,144.0,106.0,,,182.0,,,4.0,,,,,,,,,,,,,0.0,,1.0,,,,,,,,,,,,,,,,,,,,,,,,,,,0.0,0.0,0.0,,,,,,,,,,,20.0,,,,,,,,,,""
12841478673,"Nov 6, 2024, 11:57:28 PM",Interval,Run,"",1823,6.32,184.0,60,false,"",On Cloudsurfer,activities/13692905135.fit.gz,,,1823.0,1823.0,6324.9,5.78,3.47,39.0,24.0,162.4,184.0,21.3,0.2,,,99.0,81.0,184.0,158.0,,413.0,461.0,,,60.0,752184.0,,,,,4.0,,,419.0,1824.0,0.0,20.0,0.0,,1.0,6458.7,,,,,,,,,,,,,,,,19487204.0,,,,,,,,,,0.0,3.47,0.0,,,,4952.0,,,502.0,315.0,3.543,,,,,,,,,,,,""
12833409979,"Nov 6, 2024, 12:29:07 AM",RFK ftw,Run,https://www.instagram.com/reel/DBUKPA3yIR3/?utm_source=ig_web_copy_link,2578,8.10,164.0,58,false,"",On Cloudsurfer,activities/13684261472.fit.gz,,,2578.0,2504.0,8104.2,7.24,3.237,67.0,46.0,157.2,183.4,35.0,0.3,,,114.0,81.0,164.0,151.0,,387.0,620.0,,,58.0,971781.0,,,,,5.0,,,390.0,2579.0,0.0,45.0,0.0,,1.0,8317.9,,,,,,,,,,,,,,,,19487204.0,,,,,,,,,,0.0,3.144,0.0,,,,6748.0,,,615.0,293.0,3.322,,,,,,,,,,,,""
12825640804,"Nov 5, 2024, 3:24:09 AM",Night Weight Training,Weight Training,,2722,0,162.0,10,false,,,activities/13675958139.fit.gz,,,2722.0,2722.0,0.0,0.0,0.0,0.0,0.0,0.0,0.0,0.0,0.0,,,,,162.0,111.0,,,309.0,,,10.0,,,,,,,,,,,,,0.0,,1.0,,,,,,,,,,,,,,,,,,,,,,,,,,,0.0,0.0,0.0,,,,,,,,,,,8.0,,,,,,,,,,""
12815024894,"Nov 3, 2024, 1:35:02 PM",Not that hot chocolate,Run,Paced [strava://athletes/97941015/8]Kevin Wu at perfect 8:30 mile pace. Glad he didn't pass out like [strava://athletes/48131721/15]Stephen Horvath ,3125,9.92,131.0,6,false,"",On Cloudsurfer,activities/13664546154.fit.gz,,,3125.0,3071.0,9920.5,15.96,3.23,80.0,85.0,187.6,223.2,15.8,-0.1,,,117.0,82.0,131.0,94.0,,372.0,542.0,,,6.0,1151951.0,,,,,3.0,,,377.0,3126.0,0.0,25.0,0.0,,1.0,10138.9,,,,,,,,,,,,,,,,19487204.0,,,,,,,,,,0.0,3.175,0.0,,,,8528.0,,,696.0,283.0,3.301,,,,,,,,,,,,media/bc9d8f08-031c-4048-ad87-4f8c70e6ecb0.mp4|media/3e0f04c6-29ae-454f-a42a-286071e7427c.mp4
12808156332,"Nov 2, 2024, 9:28:57 PM",Need to ride off all that marshmellow and chocolate,Ride,"",1210,5.49,139.0,4,false,,,activities/13657176637.fit.gz,,,1210.0,1190.0,5498.8,6.733,4.621,81.0,73.0,165.2,195.0,22.2,0.1,,,,,139.0,120.0,,,182.0,,,4.0,,,,,,,,,,,0.0,,0.0,,1.0,,,,,,,,,,,,,,,,,,,,,,,,,,,0.0,4.544,30.5,,,,,,,,,,,,,,,,,,,,,media/1f3f5e3b-b0f9-4574-86fb-42e28a5cc611.jpg|media/3f0ba825-aed2-45f8-ae04-ca4cf0b8a9cb.jpg
12807742001,"Nov 2, 2024, 7:46:57 PM",hot chocolate bib pickup after brutal OT lost against Syracuse :(,E-Bike Ride,"",1376,8.06,121.0,2,false,"",,activities/13656724888.fit.gz,,,1376.0,1228.0,8063.2,8.8,6.566,111.0,89.0,154.4,197.2,43.6,0.3,,,,,121.0,98.0,,,125.0,,,2.0,,,,,,,,,,,,,0.0,,1.0,,,,,,,,,,,,,,,,,,,,,,,,,,,0.0,5.86,0.0,,,,,,,,,,,,,,,,,,,,,""
12807229971,"Nov 2, 2024, 6:10:46 PM",Afternoon Ride,Ride,,1118,4.95,146.0,10,false,,,activities/13656162140.fit.gz,,,1118.0,1025.0,4957.0,7.571,4.836,70.0,65.0,169.2,187.2,48.6,0.1,,,,,146.0,137.0,,,225.0,,,10.0,,,,,,,,,,,,,0.0,,1.0,,,,,,,,,,,,,,,,,,,,,,,,,,,0.0,4.434,68.3,,,,,,,,,,,,,,,,,,,,,""
12807228436,"Nov 2, 2024, 2:22:26 PM",Watch was malfunction during the first mile,Run,also had to take a shit in navy pier ,6652,20.94,182.0,237,false,"",On Cloudsurfer,activities/13656160152.fit.gz,,,6652.0,6232.0,20942.7,8.72,3.361,152.0,153.0,159.8,201.8,38.2,0.0,,,106.0,80.0,182.0,163.0,,395.0,1602.0,,,237.0,2465570.0,,,,,5.0,,,392.0,6653.0,0.0,112.0,0.0,,1.0,21400.5,,,,,,,,,,,,,,,,19487204.0,,,,,,,,,,0.0,3.148,0.0,,,,16724.0,,,1606.0,295.0,3.434,,,,,,,,,,,,""
12793826919,"Nov 1, 2024, 2:25:56 AM",Night Weight Training,Weight Training,,2251,0,168.0,15,false,,,activities/13641708614.fit.gz,,,2251.0,2251.0,0.0,0.0,0.0,0.0,0.0,0.0,0.0,0.0,0.0,,,,,168.0,120.0,,,321.0,,,15.0,,,,,,,,,,,,,0.0,,1.0,,,,,,,,,,,,,,,,,,,,,,,,,,,0.0,0.0,0.0,,,,,,,,,,,14.0,,,,,,,,,,""
12793299835,"Oct 31, 2024, 11:27:59 PM",can't see s***,Ride,can't return any [strava://athletes/97941015/8]Kevin Wu's serve. Heck i couldn't even tell when he served sometimes,1706,9.47,146.0,6,false,"",,activities/13641133804.fit.gz,,,1706.0,1706.0,9476.6,9.12,5.555,132.0,122.0,170.8,189.4,33.0,0.1,,,,,146.0,112.0,,,218.0,,,6.0,,,,,,,,,,,,,0.0,,1.0,,,,,,,,,,,,,,,,,,,,,,,,,,,0.0,5.555,51.9,,,,,,,,,,,,,,,,,,,,,""
12792972264,"Oct 31, 2024, 10:22:56 PM",Ride to play pickleball in grant park,Ride,"",1885,9.44,141.0,7,false,"",,activities/13640778883.fit.gz,,,1885.0,1804.0,9442.7,8.6,5.234,154.0,116.0,150.4,198.2,44.4,0.4,,,,,141.0,124.0,,,287.0,,,7.0,,,,,,,,,,,,,0.0,,1.0,,,,,,,,,,,,,,,,,,,,,,,,,,,0.0,5.009,42.9,,,,,,,,,,,,,,,,,,,,,""
12786361552,"Oct 30, 2024, 11:10:28 PM",Speed run,Run,"",3474,12.02,186.0,134,false,"",On Cloudsurfer,activities/13633636368.fit.gz,,,3474.0,3471.0,12022.9,5.26,3.464,76.0,66.0,165.8,185.0,17.9,0.1,,,118.0,80.0,186.0,162.0,,414.0,891.0,,,134.0,1436104.0,,,,,7.0,,,422.0,3475.0,,110.0,0.0,,1.0,12287.3,,,,,,,,,,,,,,,,19487204.0,,,,,,,,,,0.0,3.461,0.0,,,,9282.0,,,970.0,317.0,3.54,,,,,,,,,,,,""
12777887957,"Oct 29, 2024, 11:27:13 PM",Evening Run,Run,,3398,8.04,164.0,26,false,,,activities/13624571561.fit.gz,,,3398.0,3052.0,8040.4,6.92,2.634,54.0,77.0,167.8,205.2,49.1,-0.3,,,87.0,78.0,164.0,135.0,,307.0,628.0,,,26.0,946566.0,,,,,,,,304.0,3399.0,,,0.0,,1.0,8226.0,,,,,,,,,,,,,,,,,,,,,,,,,,0.0,2.366,0.0,,,,8070.0,,,494.0,229.0,2.695,,,,,,,,,,,,""
12770079485,"Oct 29, 2024, 2:43:28 AM",Sometimes you just have to believe in giants defense 💀🤡,Weight Training,Clutch bo nix and cedric tillman  pickup on sunday morning. Thank god pickens wasn't able to stay inbound after his catch with 9:49left in the 4th and wilson fumbled the ball with 4:30 left in the 4th that put my team back on top ,2680,0,156.0,9,false,"",,activities/13616201672.fit.gz,,,2680.0,2680.0,0.0,0.0,0.0,0.0,0.0,0.0,0.0,0.0,0.0,,,,,156.0,107.0,,,294.0,,,9.0,,,,,,6.0,,,,,0.0,70.0,0.0,,1.0,,,,,,,,,,,,,,,,,,,,,,,,,,,0.0,0.0,0.0,,,,,,,,,,,6.0,,,,,,,,,,media/d8892dca-c84c-4bb0-abde-6809db368216.jpg|media/31012081-c44d-4808-98ca-2f40f66e04ec.jpg|media/78752766-2549-45b4-a5a7-f643cc7d8be3.jpg
12760822394,"Oct 27, 2024, 7:06:31 PM",Burn calories from late dinner last night,Ride,"",2405,11.51,146.0,8,false,,,activities/13606201127.fit.gz,,,2405.0,2194.0,11513.5,8.22,5.248,160.0,171.0,160.0,201.0,43.5,-0.1,,,,,146.0,117.0,,,318.0,,,8.0,,,,,,,,,,,0.0,,0.0,,1.0,,,,,,,,,,,,,,,,,,,,,,,,,,,0.0,4.787,0.0,,,,,,,,,,,,,,,,,,,,,""
12751489042,"Oct 26, 2024, 2:36:16 PM",Two more weeks of this bs,Run,"",7908,25.76,180.0,278,false,"",On Cloudsurfer,activities/13596103436.fit.gz,,,7908.0,7826.0,25765.2,5.682,3.292,369.0,287.0,90.4,205.6,40.1,0.3,,,87.0,80.0,180.0,161.0,,396.0,1945.0,,,278.0,3100356.0,,,,,7.0,,,405.0,7909.0,0.0,249.0,0.0,,1.0,26647.0,,,,,,,,,,,,,,,,19487204.0,,,,,,,,,,0.0,3.258,0.0,,,,21004.0,,,2040.0,305.0,3.405,,,,,,,,,,,,""
12738270929,"Oct 24, 2024, 11:38:07 PM",Power Pyramid Gone wrong,Run,One part was supposed to be 5:00 at 5k pace but i put in 5k at 5k pace. Ye my hamstrings was scared,3642,11.95,170.0,60,false,"",On Cloudsurfer,activities/13581716347.fit.gz,,,3642.0,3587.0,11955.2,5.7,3.333,68.0,99.0,178.6,212.4,19.0,-0.3,,,110.0,80.0,170.0,144.0,,397.0,830.0,,,60.0,1420307.0,,,,,6.0,,,414.0,3643.0,,94.0,0.0,,1.0,12171.2,,,,,,,,,,,,,,,,19487204.0,,,,,,,,,,0.0,3.283,0.0,,,,9468.0,,,979.0,311.0,3.393,,,,,,,,,,,,""
12730566975,"Oct 24, 2024, 2:32:37 AM",Night Weight Training,Weight Training,,2468,0,170.0,22,false,,,activities/13573455016.fit.gz,,,2468.0,2468.0,0.0,0.0,0.0,0.0,0.0,0.0,0.0,0.0,0.0,,,,,170.0,127.0,,,369.0,,,22.0,,,,,,,,,,,,,0.0,,1.0,,,,,,,,,,,,,,,,,,,,,,,,,,,0.0,0.0,0.0,,,,,,,,,,,8.0,,,,,,,,,,""
12730063979,"Oct 24, 2024, 12:16:38 AM",Post company happy hour,Ride,"",1229,5.21,137.0,3,false,,,activities/13572916852.fit.gz,,,1229.0,1130.0,5209.5,9.444,4.61,121.0,69.0,147.0,197.4,49.7,1.0,,,,,137.0,112.0,,,157.0,,,3.0,,,,,,,,,,,0.0,,0.0,,1.0,,,,,,,,,,,,,,,,,,,,,,,,,,,0.0,4.239,101.7,,,,,,,,,,,,,,,,,,,,,""
12722652792,"Oct 22, 2024, 11:28:23 PM",Evening Run,Run,"",3328,8.24,171.0,25,false,,On Cloudsurfer,activities/13564985572.fit.gz,,,3328.0,3166.0,8241.7,6.388,2.603,47.0,50.0,177.8,202.4,24.1,-0.1,,,88.0,78.0,171.0,135.0,,303.0,627.0,,,25.0,944836.0,,,,,,,,309.0,3330.0,0.0,,0.0,,1.0,8414.3,,,,,,,,,,,,,,,,19487204.0,,,,,,,,,,0.0,2.476,0.0,,,,8028.0,,,498.0,232.0,2.658,,,,,,,,,,,,""
12713657400,"Oct 22, 2024, 2:24:08 AM",Night Weight Training,Weight Training,,2462,0,156.0,6,false,,,activities/13555386900.fit.gz,,,2462.0,2462.0,0.0,0.0,0.0,0.0,0.0,0.0,0.0,0.0,0.0,,,,,156.0,99.0,,,229.0,,,6.0,,,,,,,,,,,,,0.0,,1.0,,,,,,,,,,,,,,,,,,,,,,,,,,,0.0,0.0,0.0,,,,,,,,,,,10.0,,,,,,,,,,""
12705646773,"Oct 21, 2024, 12:52:30 AM",Drafted too many center 😒,Ride,what happens when the draft is set during a dinner reservation you made 2.5 weeks ago ,2115,6.49,134.0,4,false,"",,activities/13546773928.fit.gz,,,2115.0,1556.0,6496.3,10.684,4.175,62.0,56.0,177.6,194.0,25.9,0.1,,,,,134.0,107.0,,,220.0,,,4.0,,,,,,,,,,,0.0,,0.0,,1.0,,,,,,,,,,,,,,,,,,,,,,,,,,,0.0,3.072,0.0,,,,,,,,,,,,,,,,,,,,,media/31d4c87e-697b-4c38-8352-5a4462418395.jpg
12705261489,"Oct 20, 2024, 11:13:19 PM",Izakaya,Ride,chicken sandwich was elite,1415,6.19,141.0,4,false,,,activities/13546355144.fit.gz,,,1415.0,1275.0,6192.6,7.875,4.857,57.0,46.0,172.4,191.4,39.8,0.2,,,,,141.0,116.0,,,191.0,,,4.0,,,,,,,,,,,0.0,,0.0,,1.0,,,,,,,,,,,,,,,,,,,,,,,,,,,0.0,4.376,0.0,,,,,,,,,,,,,,,,,,,,,""
12703591939,"Oct 20, 2024, 3:47:29 PM",Morning Tennis,Workout,,7146,2.87,183.0,10,false,,,activities/13544540978.fit.gz,,,7146.0,3603.0,2871.5,2.194,0.797,0.0,0.0,180.3,180.5,2.0,0.0,,,123.0,57.0,183.0,99.0,,,531.0,,,10.0,,,,,,,,,,,,,0.0,,1.0,,,,,,,,,,,,,,,,,,,,,,,,,,,0.0,0.402,0.0,,,,,,,,,,,5288.0,,,,,,,,,,""
12697799699,"Oct 20, 2024, 6:14:28 AM",Night Ride,Ride,,1289,6.44,157.0,12,false,,,activities/13538339268.fit.gz,,,1289.0,1250.0,6445.2,13.701,5.156,31.0,25.0,166.4,184.4,30.2,0.1,,,,,157.0,136.0,,,250.0,,,12.0,,,,,,,,,,,,,0.0,,1.0,,,,,,,,,,,,,,,,,,,,,,,,,,,0.0,5.0,489.3,,,,,,,,,,,,,,,,,,,,,""
12697518104,"Oct 20, 2024, 2:23:12 AM",Night Ride,Ride,,3563,6.88,150.0,14,false,,,activities/13538027196.fit.gz,,,3563.0,1784.0,6880.2,7.244,3.857,60.0,63.0,157.0,184.8,46.4,-0.1,,,,,150.0,130.0,,,386.0,,,14.0,,,,,,,,,,,,,0.0,,1.0,,,,,,,,,,,,,,,,,,,,,,,,,,,0.0,1.931,0.0,,,,,,,,,,,,,,,,,,,,,""
12694906483,"Oct 19, 2024, 2:50:51 PM",Omg when is my salt going to be delivered,Run,"Plan to push for a faster pace today just to see where my body is at, but then found out im out of salt. Almost had cramps while taking off my shoes once i got home 😵‍💫",8813,28.99,198.0,461,false,"",On Cloudsurfer,activities/13535185716.fit.gz,,,8813.0,8709.0,28990.8,7.674,3.329,248.0,241.0,172.0,202.6,28.8,0.0,,,87.0,80.0,198.0,172.0,,391.0,2335.0,,,461.0,3408518.0,,,,,8.0,,,396.0,8814.0,0.0,374.0,0.0,,1.0,29635.5,,,,,,,,,,,,,,,,19487204.0,,,,,,,,,,0.0,3.29,0.0,,,,23170.0,,,2172.0,298.0,3.403,,,,,,,,,,,,""
12689535955,"Oct 19, 2024, 5:17:30 AM",Texas hold'em,Ride,i really need to study for poker nights moving forward. Trying to recall strategies i had from 3 years ago was not helpful and stressed me out too much ,1512,9.13,139.0,5,false,,,activities/13529412118.fit.gz,,,1512.0,1512.0,9135.1,12.212,6.042,56.0,41.0,158.8,188.4,17.7,0.2,,,,,139.0,121.0,,,241.0,,,5.0,,,,,,,,,,,0.0,,0.0,,1.0,,,,,,,,,,,,,,,,,,,,,,,,,,,0.0,6.042,512.8,,,,,,,,,,,,,,,,,,,,,media/cbe772ba-615c-4f41-9a19-637002324d1d.jpg|media/4aea393e-64c6-4df5-920a-ebed53b8bcf2.jpg|media/44de93fd-9bfa-4ecd-920f-a0a30fadbef3.jpg|media/7ba417d7-17de-4b5e-adba-2fce276e1988.jpg
12688955624,"Oct 19, 2024, 12:56:44 AM",Evening Ride,Ride,,1835,9.12,151.0,14,false,,,activities/13528779320.fit.gz,,,1835.0,1703.0,9120.3,7.86,5.355,81.0,62.0,156.8,193.4,43.0,0.2,,,,,151.0,132.0,,,343.0,,,14.0,,,,,,,,,,,,,0.0,,1.0,,,,,,,,,,,,,,,,,,,,,,,,,,,0.0,4.97,0.0,,,,,,,,,,,,,,,,,,,,,""
12682069223,"Oct 18, 2024, 1:50:19 AM",Evening Ride,Ride,,1519,6.47,166.0,26,false,,,activities/13521367009.fit.gz,,,1519.0,1444.0,6474.0,9.362,4.483,100.0,82.0,165.8,207.4,48.9,0.3,,,,,166.0,145.0,,,343.0,,,26.0,,,,,,,,,,,,,0.0,,1.0,,,,,,,,,,,,,,,,,,,,,,,,,,,0.0,4.262,0.0,,,,,,,,,,,,,,,,,,,,,""
12681659124,"Oct 17, 2024, 11:50:07 PM",Evening E-Bike Ride,E-Bike Ride,,1002,4.06,117.0,1,false,,,activities/13520931910.fit.gz,,,1002.0,846.0,4068.7,9.768,4.809,54.0,46.0,200.6,218.8,25.6,0.2,,,,,117.0,93.0,,,87.0,,,1.0,,,,,,,,,,,,,0.0,,1.0,,,,,,,,,,,,,,,,,,,,,,,,,,,0.0,4.061,93.1,,,,,,,,,,,,,,,,,,,,,""
12681350058,"Oct 17, 2024, 10:49:59 PM",Go hokies,Workout,"",2559,1.63,182.0,15,false,,,activities/13520606594.fit.gz,,,2559.0,1955.0,1636.7,2.442,0.837,0.0,0.0,183.6,183.9,1.7,0.0,,,114.0,57.0,182.0,117.0,,,358.0,,,15.0,,,,,,,,,,,0.0,,0.0,,1.0,,,,,,,,,,,,,,,,,,,,,,,,,,,0.0,0.64,0.0,,,,,,,,,,,2430.0,,,,,,,,,,media/5c7fa798-5bf9-4816-9ed7-f57212d46b49.mp4
12680995216,"Oct 17, 2024, 10:22:11 PM",Afternoon Ride,Ride,,499,2.00,123.0,0,false,,,activities/13520233946.fit.gz,,,499.0,416.0,1999.1,17.644,4.805,40.0,27.0,166.4,184.2,19.8,0.8,,,,,123.0,83.0,,,35.0,,,0.0,,,,,,,,,,,,,0.0,,1.0,,,,,,,,,,,,,,,,,,,,,,,,,,,0.0,4.006,1102.6,,,,,,,,,,,,,,,,,,,,,""
12674007825,"Oct 16, 2024, 10:49:36 PM",Tempo interval,Run,"",3787,12.83,183.0,128,false,"",On Cloudsurfer,activities/13512751605.fit.gz,,,3787.0,3776.0,12830.7,6.584,3.398,110.0,51.0,121.2,184.0,21.2,0.5,,,101.0,80.0,183.0,159.0,,393.0,968.0,,,128.0,1484198.0,,,,,5.0,,,400.0,3788.0,0.0,68.0,0.0,,1.0,13193.2,,,,,,,,,,,,,,,,19487204.0,,,,,,,,,,0.0,3.388,0.0,,,,10012.0,,,952.0,301.0,3.494,,,,,,,,,,,,media/601d3214-dedc-4355-8ba4-e645d708024f.jpg|media/795b718f-2626-4167-b205-fbe248b33ce7.jpg|media/34a82d6b-3f20-49a4-aa1b-f7ca6d347ce3.jpg
12665637424,"Oct 15, 2024, 11:28:34 PM",Not Super Dry,Run,"Having so much fun running in such nice weather that i clocked sub 7:30 for the last two miles, something Ive never done since shamrock shuffle ",2512,8.18,168.0,32,false,"",On Cloudsurfer,activities/13503831341.fit.gz,,,2512.0,2494.0,8182.6,5.796,3.281,80.0,58.0,160.0,209.0,34.6,0.3,,,118.0,81.0,168.0,141.0,,398.0,580.0,,,32.0,994564.0,,,,,5.0,,,420.0,2513.0,,45.0,0.0,,1.0,8537.0,,,,,,,,,,,,,,,,19487204.0,,,,,,,,,,0.0,3.257,0.0,,,,6690.0,,,,,3.423,,,,,,,,,,,,""
12657940509,"Oct 15, 2024, 2:28:00 AM",Night Weight Training,Weight Training,,2125,0,167.0,11,false,,,activities/13495609207.fit.gz,,,2125.0,2125.0,0.0,0.0,0.0,0.0,0.0,0.0,0.0,0.0,0.0,,,,,167.0,119.0,,,293.0,,,11.0,,,,,,,,,,,,,0.0,,1.0,,,,,,,,,,,,,,,,,,,,,,,,,,,0.0,0.0,0.0,,,,,,,,,,,32.0,,,,,,,,,,""
12655268035,"Oct 14, 2024, 5:35:02 PM",Lunch Ride,Ride,,812,2.86,125.0,1,false,,,activities/13492764778.fit.gz,,,812.0,618.0,2863.5,8.616,4.633,46.0,24.0,160.0,187.0,46.0,0.8,,,,,125.0,96.0,,,83.0,,,1.0,,,,,,,,,,,,,0.0,,1.0,,,,,,,,,,,,,,,,,,,,,,,,,,,0.0,3.526,0.0,,,,,,,,,,,,,,,,,,,,,""
12648944368,"Oct 13, 2024, 7:44:21 PM",Afternoon Ride,Ride,"",2088,9.02,151.0,12,false,"",,activities/13485914602.fit.gz,,,2088.0,1901.0,9028.0,14.607,4.749,169.0,136.0,158.4,192.6,49.6,0.3,,,,,151.0,126.0,,,341.0,,,12.0,,,,,,,,,,,,,0.0,,1.0,,,,,,,,,,,,,,,,,,,,,,,,,,,0.0,4.324,0.0,,,,,,,,,,,,,,,,,,,,,""
12641747370,"Oct 13, 2024, 3:25:56 AM",Night Ride,Ride,,1415,6.10,130.0,4,false,,,activities/13478179765.fit.gz,,,1415.0,1319.0,6108.8,12.771,4.631,73.0,61.0,165.6,192.2,44.9,0.2,,,,,130.0,114.0,,,197.0,,,4.0,,,,,,,,,,,,,0.0,,1.0,,,,,,,,,,,,,,,,,,,,,,,,,,,0.0,4.317,45.3,,,,,,,,,,,,,,,,,,,,,""
12641095694,"Oct 12, 2024, 11:49:14 PM",Evening Ride,Ride,,875,3.18,143.0,3,false,,,activities/13477475596.fit.gz,,,875.0,674.0,3180.6,9.044,4.719,50.0,46.0,186.4,201.6,44.8,0.2,,,,,143.0,114.0,,,127.0,,,3.0,,,,,,,,,,,,,0.0,,1.0,,,,,,,,,,,,,,,,,,,,,,,,,,,0.0,3.635,0.0,,,,,,,,,,,,,,,,,,,,,""
12640059198,"Oct 12, 2024, 8:08:51 PM",Afternoon Ride,Ride,,950,3.86,142.0,6,false,,,activities/13476354276.fit.gz,,,950.0,851.0,3860.4,7.377,4.536,37.0,37.0,166.6,185.0,43.7,0.0,,,,,142.0,131.0,,,181.0,,,6.0,,,,,,,,,,,,,0.0,,1.0,,,,,,,,,,,,,,,,,,,,,,,,,,,0.0,4.064,0.0,,,,,,,,,,,,,,,,,,,,,""
12639461096,"Oct 12, 2024, 3:27:26 PM",Gas pedal 🙂‍↕️,Run,"",8081,25.76,182.0,256,false,"",On Cloudsurfer,activities/13475698829.fit.gz,,,8081.0,7985.0,25761.3,6.418,3.226,241.0,225.0,159.2,190.6,27.1,0.1,,,108.0,80.0,182.0,158.0,,380.0,1980.0,,,256.0,3030242.0,,,,,4.0,,,384.0,8082.0,0.0,88.0,0.0,,1.0,26467.4,,,,,,,,,,,,,,,,19487204.0,,,,,,,,,,0.0,3.188,0.0,,,,21378.0,,,,,3.315,,,,,,,,,,,,media/7a92a07e-1c48-4b5a-a96b-2034c703f618.mp4
12633757808,"Oct 12, 2024, 5:04:41 AM",Night Ride,Ride,,1081,4.42,136.0,3,false,,,activities/13469513798.fit.gz,,,1081.0,1037.0,4423.6,16.487,4.266,46.0,47.0,183.0,207.0,35.1,0.0,,,,,136.0,115.0,,,153.0,,,3.0,,,,,,,,,,,,,0.0,,1.0,,,,,,,,,,,,,,,,,,,,,,,,,,,0.0,4.092,0.0,,,,,,,,,,,,,,,,,,,,,""
12632927224,"Oct 11, 2024, 11:57:01 PM",John summit,Ride,"",1367,6.48,147.0,5,false,,,activities/13468614912.fit.gz,,,1367.0,1227.0,6487.7,10.24,5.287,97.0,43.0,115.0,168.8,31.5,0.7,,,,,147.0,122.0,,,217.0,,,5.0,,,,,,,,,,,0.0,,0.0,,1.0,,,,,,,,,,,,,,,,,,,,,,,,,,,0.0,4.746,0.0,,,,,,,,,,,,,,,,,,,,,media/f88b7e91-7fb1-43bf-ba53-3fa06dc52c99.jpg|media/cfd31117-4cad-43d7-9de9-f48713820315.jpg
12625509513,"Oct 10, 2024, 10:55:18 PM",Afternoon Run,Run,"",2915,8.87,165.0,61,false,"",On Cloudsurfer,activities/13460616330.fit.gz,,,2915.0,2838.0,8875.5,5.456,3.127,57.0,33.0,158.8,190.6,26.9,0.3,,,87.0,79.0,165.0,146.0,,366.0,672.0,,,61.0,1041406.0,,,,,,,,365.0,2916.0,,,0.0,,1.0,9080.4,,,,,,,,,,,,,,,,19487204.0,,,,,,,,,,0.0,3.045,0.0,,,,7502.0,,,,,3.2,,,,,,,,,,,,""
12618399175,"Oct 10, 2024, 1:43:10 AM",Evening Ride,Ride,,915,3.75,146.0,6,false,,,activities/13452981587.fit.gz,,,915.0,810.0,3753.4,6.232,4.634,65.0,47.0,173.2,196.6,48.7,0.5,,,,,146.0,132.0,,,180.0,,,6.0,,,,,,,,,,,,,0.0,,1.0,,,,,,,,,,,,,,,,,,,,,,,,,,,0.0,4.102,0.0,,,,,,,,,,,,,,,,,,,,,""
12618207251,"Oct 9, 2024, 11:23:50 PM",Yasso,Run,wish my marathon is this weekend ,4872,15.85,180.0,106,false,"",On Cloudsurfer,activities/13452778058.fit.gz,,,4872.0,4864.0,15852.8,5.388,3.259,72.0,69.0,172.4,190.8,21.3,0.0,,,114.0,81.0,180.0,150.0,,382.0,1168.0,,,106.0,1858523.0,,,,,,,,385.0,4873.0,0.0,,0.0,,1.0,16031.1,,,,,,,,,,,,,,,,19487204.0,,,,,,,,,,0.0,3.254,0.0,,,,13068.0,,,,,3.296,,,,,,,,,,,,""
12610096464,"Oct 8, 2024, 11:23:27 PM",Evening Run,Run,"",3332,6.99,154.0,30,false,"",On Cloudsurfer,activities/13444144899.fit.gz,,,3332.0,2629.0,6993.2,5.876,2.66,38.0,57.0,175.6,225.6,37.7,-0.3,,,84.0,80.0,154.0,142.0,,357.0,538.0,,,30.0,827315.0,,,,,,,,345.0,2634.0,,,0.0,,1.0,7074.8,,,,,,,,,,,,,,,,19487204.0,,,,,,,,,,0.0,2.099,0.0,,,,6170.0,,,,,2.691,,,,,,,,,,,,""
12602405584,"Oct 8, 2024, 2:23:04 AM",Night Weight Training,Weight Training,,2592,0,166.0,14,false,,,activities/13435972133.fit.gz,,,2592.0,2592.0,0.0,0.0,0.0,0.0,0.0,0.0,0.0,0.0,0.0,,,,,166.0,121.0,,,371.0,,,14.0,,,,,,,,,,,,,0.0,,1.0,,,,,,,,,,,,,,,,,,,,,,,,,,,0.0,0.0,0.0,,,,,,,,,,,6.0,,,,,,,,,,""
12599512157,"Oct 7, 2024, 5:41:58 PM",No egg tarts 😒,Ride,"",1077,2.35,115.0,1,false,,,activities/13432921220.fit.gz,,,1077.0,720.0,2350.1,10.949,3.264,23.0,2.0,178.4,346.6,46.0,7.2,,,,,115.0,100.0,,,87.0,,,1.0,,,,,,,,,,,0.0,,0.0,,1.0,,,,,,,,,,,,,,,,,,,,,,,,,,,0.0,2.182,107.1,,,,,,,,,,,,,,,,,,,,,""
12593900528,"Oct 6, 2024, 8:48:21 PM",Afternoon Tennis,Workout,,6933,2.33,173.0,9,false,,,activities/13426885208.fit.gz,,,6933.0,2837.0,2335.1,4.293,0.823,0.0,0.0,178.1,178.3,1.7,0.0,,,123.0,58.0,173.0,103.0,,,595.0,,,9.0,,,,,,,,,,,,,0.0,,1.0,,,,,,,,,,,,,,,,,,,,,,,,,,,0.0,0.337,0.0,,,,,,,,,,,4758.0,,,,,,,,,,""
12593339645,"Oct 6, 2024, 8:17:11 PM",Afternoon E-Bike Ride,E-Bike Ride,cruising with [strava://athletes/88348816/15]William Hammond to waveland tennis courts,1156,6.41,121.0,2,false,"",,activities/13426282923.fit.gz,,,1156.0,1021.0,6410.8,9.918,6.279,92.0,76.0,174.4,198.4,37.2,0.3,,,,,121.0,104.0,,,127.0,,,2.0,,,,,,,,,,,,,0.0,,1.0,,,,,,,,,,,,,,,,,,,,,,,,,,,0.0,5.546,0.0,,,,,,,,,,,,,,,,,,,,,""
12593006726,"Oct 6, 2024, 7:09:32 PM",Afternoon E-Bike Ride,E-Bike Ride,,627,3.28,120.0,1,false,,,activities/13425922872.fit.gz,,,627.0,557.0,3287.8,10.017,5.903,52.0,45.0,170.2,187.6,48.9,0.2,,,,,120.0,100.0,,,66.0,,,1.0,,,,,,,,,,,,,0.0,,1.0,,,,,,,,,,,,,,,,,,,,,,,,,,,0.0,5.244,0.0,,,,,,,,,,,,,,,,,,,,,""
12585435878,"Oct 6, 2024, 12:00:03 AM",Evening Ride,Ride,,1311,4.66,117.0,3,false,,,activities/13417825332.fit.gz,,,1311.0,1200.0,4664.8,6.836,3.887,29.0,22.0,182.8,193.2,9.6,0.1,,,,,117.0,105.0,,,143.0,,,3.0,,,,,,,,,,,,,0.0,,1.0,,,,,,,,,,,,,,,,,,,,,,,,,,,0.0,3.558,0.0,,,,,,,,,,,,,,,,,,,,,""
12584515156,"Oct 5, 2024, 9:16:34 PM",Afternoon E-Bike Ride,E-Bike Ride,,814,4.97,115.0,2,false,,,activities/13417002854.fit.gz,,,814.0,786.0,4974.2,9.59,6.329,53.0,46.0,172.4,190.0,9.3,0.2,,,,,115.0,103.0,,,90.0,,,2.0,,,,,,,,,,,,,0.0,,1.0,,,,,,,,,,,,,,,,,,,,,,,,,,,0.0,6.111,0.0,,,,,,,,,,,,,,,,,,,,,""
12582794294,"Oct 5, 2024, 3:28:29 PM",Morning Run,Run,The fatigue from my last minute half from last sunday started to kick in. Taking it easy today since i didn't get home until 2:30am this morning and leg day on thursday was too much,7603,22.56,162.0,170,false,"",On Cloudsurfer,activities/13415822828.fit.gz,,,7603.0,7462.0,22565.0,9.24,3.024,248.0,234.0,174.8,203.4,48.3,0.1,,,83.0,79.0,162.0,149.0,,363.0,1695.0,,,170.0,2711613.0,,,,,4.0,,,369.0,7604.0,0.0,82.0,0.0,,1.0,23294.9,,,,,,,,,,,,,,,,19487204.0,,,,,,,,,,0.0,2.968,0.0,,,,19718.0,,,,,3.122,,,,,,,,,,,,media/6e3681ce-ea86-42c8-a970-580b9bac5ded.jpg
12569472426,"Oct 4, 2024, 2:24:46 AM",Night Weight Training,Weight Training,,2427,0,176.0,19,false,,,activities/13401501550.fit.gz,,,2427.0,2427.0,0.0,0.0,0.0,0.0,0.0,0.0,0.0,0.0,0.0,,,,,176.0,125.0,,,352.0,,,19.0,,,,,,,,,,,,,0.0,,1.0,,,,,,,,,,,,,,,,,,,,,,,,,,,0.0,0.0,0.0,,,,,,,,,,,8.0,,,,,,,,,,""
12561249508,"Oct 2, 2024, 11:40:14 PM",Evening Run,Run,"",4728,14.87,171.0,102,false,"",On Cloudsurfer,activities/13392703232.fit.gz,,,4728.0,4593.0,14869.5,6.636,3.237,58.0,51.0,179.2,195.4,21.7,0.0,,,113.0,81.0,171.0,151.0,,384.0,1096.0,,,102.0,1720123.0,,,,,,,,386.0,4730.0,0.0,,0.0,,1.0,15022.8,,,,,,,,,,,,,,,,19487204.0,,,,,,,,,,0.0,3.145,353.2,,,,12116.0,,,,,3.271,,,,,,,,,,,,media/a82fb1cd-ef8c-470a-9cdc-46f7cac042f9.jpg
12553597385,"Oct 2, 2024, 4:27:08 AM",Retrieving my watch Night Ride,Ride,The dolphins should put [strava://athletes/48131721/15]Stephen Horvath at qb cuz concussion can't seem to stop this dude ,1241,6.20,152.0,7,false,"",,activities/13384534374.fit.gz,,,1241.0,1241.0,6203.6,8.378,4.999,33.0,20.0,169.6,185.8,8.5,0.2,,,,,152.0,126.0,,,211.0,,,7.0,,,,,,3.0,,,,,,10.0,0.0,,1.0,,,,,,,,,,,,,,,,,,,,,,,,,,,0.0,4.999,0.0,,,,,,,,,,,,,,,,,,,,,""
12526077790,"Sep 28, 2024, 5:40:40 PM",Lunch Ride,Ride,,949,3.63,146.0,4,false,,,activities/13355132297.fit.gz,,,949.0,839.0,3632.4,6.574,4.329,25.0,17.0,171.0,183.2,23.7,0.2,,,,,146.0,127.0,,,173.0,,,4.0,,,,,,,,,,,,,0.0,,1.0,,,,,,,,,,,,,,,,,,,,,,,,,,,0.0,3.828,0.0,,,,,,,,,,,,,,,,,,,,,""
12523931549,"Sep 28, 2024, 11:37:22 AM",Morning Run,Run,"",8042,22.54,187.0,91,false,"",On Cloudsurfer,activities/13352842400.fit.gz,,,8042.0,7463.0,22542.3,4.736,3.021,79.0,74.0,175.8,195.0,18.8,0.0,,,86.0,82.0,187.0,142.0,,348.0,1761.0,,,91.0,2595054.0,,,,,4.0,,,341.0,8043.0,,82.0,0.0,,1.0,22845.5,,,,,,,,,,,,,,,,19487204.0,,,,,,,,,,0.0,2.803,5771.0,,,,20576.0,,,,,3.061,,,,,,,,,,,,""
12520196166,"Sep 28, 2024, 3:49:37 AM",Night Ride,Ride,Ultimate bad beat ,1191,5.00,132.0,4,false,,,activities/13348853103.fit.gz,,,1191.0,1100.0,5005.5,6.952,4.55,25.0,25.0,182.4,190.8,48.2,0.1,,,,,132.0,120.0,,,184.0,,,4.0,,,,,,,,,,,0.0,,0.0,,1.0,,,,,,,,,,,,,,,,,,,,,,,,,,,0.0,4.203,0.0,,,,,,,,,,,,,,,,,,,,,""
12519822707,"Sep 28, 2024, 1:29:14 AM",Evening Ride,Ride,"",1220,5.24,135.0,4,false,,,activities/13348452757.fit.gz,,,1220.0,1063.0,5241.0,7.143,4.93,10.0,29.0,188.8,210.2,7.2,-0.4,,,,,135.0,121.0,,,192.0,,,4.0,,,,,,,,,,,0.0,,0.0,,1.0,,,,,,,,,,,,,,,,,,,,,,,,,,,0.0,4.296,0.0,,,,,,,,,,,,,,,,,,,,,media/4f42726d-fd3d-4aa5-bded-519e61d1f5c7.jpg|media/24c345d9-a570-4992-9fb8-3577c6840b83.jpg
12513457211,"Sep 27, 2024, 5:19:30 AM",Night Ride,Ride,"",986,5.73,156.0,11,false,,,activities/13341636826.fit.gz,,,986.0,971.0,5735.0,9.966,5.906,31.0,24.0,180.0,189.2,9.8,0.1,,,,,156.0,134.0,,,191.0,,,11.0,,,,,,,,,,,0.0,,0.0,,1.0,,,,,,,,,,,,,,,,,,,,,,,,,,,0.0,5.816,0.0,,,,,,,,,,,,,,,,,,,,,media/78ab2c96-b264-4d48-96ea-1b71f70d98a7.mp4|media/fd453de5-d04a-43b3-bb94-58fb97963830.jpg|media/8c0afb5e-242a-4d61-9b4b-4262e88f3e36.mp4|media/23d17836-6f1a-4ca5-880e-2b4e1272bb34.mp4
12512848346,"Sep 27, 2024, 1:25:48 AM",Evening Ride,Ride,fred again b2b four tet ,1406,6.32,141.0,5,false,,,activities/13340980620.fit.gz,,,1406.0,1308.0,6320.0,7.168,4.832,23.0,25.0,177.2,185.8,10.7,0.0,,,,,141.0,121.0,,,208.0,,,5.0,,,,,,,,,,,0.0,,0.0,,1.0,,,,,,,,,,,,,,,,,,,,,,,,,,,0.0,4.495,576.3,,,,,,,,,,,,,,,,,,,,,""
12509176591,"Sep 26, 2024, 2:44:07 PM",Morning Ride,Ride,bus took too long and i dont have my 100 lb laptop in my bag so YOLO ,2076,8.88,153.0,13,false,,,activities/13337106130.fit.gz,,,2076.0,1856.0,8888.0,7.066,4.789,46.0,35.0,178.0,193.4,36.4,0.1,,,,,153.0,130.0,,,358.0,,,13.0,,,,,,,,,,,0.0,,0.0,,1.0,,,,,,,,,,,,,,,,,,,,,,,,,,,0.0,4.281,538.6,,,,,,,,,,,,,,,,,,,,,""
12505518237,"Sep 25, 2024, 11:54:36 PM",Evening Run,Run,Got swept up by ffrt so joined a group that was going at 6:30 mile pace for like 800m because i was borderline about to cramp. It's not surprising considering i was going too hard on monday but none of that matters BECAUSE IM GOING TO FRED AGAIN AND UNCLE FOUR TET TOMORROW  ,3696,12.85,174.0,117,false,"",On Cloudsurfer,activities/13333161491.fit.gz,,,3696.0,3687.0,12855.3,6.3,3.487,17.0,32.0,178.8,197.6,15.1,-0.1,,,87.0,81.0,174.0,159.0,,399.0,929.0,,,117.0,1467704.0,,,,,5.0,,,404.0,3699.0,,66.0,0.0,,1.0,12886.3,,,,,,,,,,,,,,,,19487204.0,,,,,,,,,,0.0,3.478,21.2,,,,9922.0,,,,,3.495,,,,,,,,,,,,""
12497403164,"Sep 25, 2024, 2:18:21 AM",Night Weight Training,Weight Training,,2309,0,170.0,16,false,,,activities/13324524937.fit.gz,,,2309.0,2309.0,0.0,0.0,0.0,0.0,0.0,0.0,0.0,0.0,0.0,,,,,170.0,118.0,,,330.0,,,16.0,,,,,,,,,,,,,0.0,,1.0,,,,,,,,,,,,,,,,,,,,,,,,,,,0.0,0.0,0.0,,,,,,,,,,,12.0,,,,,,,,,,""
12488441539,"Sep 24, 2024, 1:29:39 AM",Evening Ride,Ride,,1445,6.06,136.0,4,false,,,activities/13315000160.fit.gz,,,1445.0,1275.0,6069.0,8.187,4.76,22.0,25.0,181.4,193.2,5.6,-0.1,,,,,136.0,117.0,,,200.0,,,4.0,,,,,,,,,,,,,0.0,,1.0,,,,,,,,,,,,,,,,,,,,,,,,,,,0.0,4.2,0.0,,,,,,,,,,,,,,,,,,,,,""
12488119511,"Sep 23, 2024, 11:39:41 PM",Evening Run,Run,"",3503,11.48,173.0,84,false,"",On Cloudsurfer,activities/13314660969.fit.gz,,,3503.0,3434.0,11483.6,4.434,3.344,39.0,35.0,178.8,192.0,8.3,0.0,,,86.0,82.0,173.0,152.0,,385.0,845.0,,,84.0,1319467.0,,,,,5.0,,,385.0,3504.0,,62.0,0.0,,1.0,11589.4,,,,,,,,,,,,,,,,19487204.0,,,,,,,,,,0.0,3.278,0.0,,,,9326.0,,,,,3.375,,,,,,,,,,,,""
12470161743,"Sep 21, 2024, 7:20:46 PM",Afternoon Swim,Swim,,3051,700,180.0,49,false,,,activities/13295475007.fit.gz,,,3051.0,1342.0,700.0,5.0,0.522,0.0,0.0,0.0,0.0,0.0,0.0,,,,20.0,180.0,132.0,,,244.0,,,49.0,,,,,,,,,,,,,0.0,,1.0,,,,,,,,,,,,,,,,,,,,,,,,,,,0.0,0.229,0.0,,,,,,25.0,,,,,,,,,,,,,,,""
12469181739,"Sep 21, 2024, 4:47:25 PM",Lunch E-Bike Ride,E-Bike Ride,,1936,13.36,176.0,39,false,,,activities/13294416526.fit.gz,,,1936.0,1792.0,13366.3,10.582,7.459,87.0,83.0,175.6,189.0,36.9,0.0,,,,,176.0,149.0,,,445.0,,,39.0,,,,,,,,,,,,,0.0,,1.0,,,,,,,,,,,,,,,,,,,,,,,,,,,0.0,6.904,0.0,,,,,,,,,,,,,,,,,,,,,""
12467836942,"Sep 21, 2024, 12:05:34 PM",Morning Run,Run,Lost my earbuds case 😭,10483,32.21,182.0,359,false,"",On Cloudsurfer,activities/13292977429.fit.gz,,,10483.0,10172.0,32212.3,7.226,3.167,81.0,86.0,178.6,194.6,48.8,0.0,,,116.0,82.0,182.0,161.0,,360.0,2519.0,,,359.0,3661361.0,,,,,,,,359.0,10484.0,0.0,,0.0,,1.0,32422.8,,,,,,,,,,,,,,,,19487204.0,,,,,,,,,,0.0,3.073,2664.8,,,,27792.0,,,,,3.187,,,,,,,,,,,,media/2cf3c233-9630-402a-84bd-e863ade091eb.jpg|media/53a40fcb-1860-4d78-8cd9-a2152138282e.jpg|media/d027514b-ed63-4045-b836-24486b437bc1.jpg|media/6b1f2b28-f5ec-4649-ae2b-d9f005a951b7.jpg
12454960488,"Sep 19, 2024, 11:44:06 PM",Evening Run,Run,"",1927,6.35,173.0,57,false,"",On Cloudsurfer,activities/13279179857.fit.gz,,,1927.0,1847.0,6350.1,7.434,3.438,15.0,7.0,174.0,183.4,14.2,0.1,,,86.0,83.0,173.0,157.0,,395.0,474.0,,,57.0,728152.0,,,,,4.0,,,389.0,1928.0,,20.0,0.0,,1.0,6422.5,,,,,,,,,,,,,,,,19487204.0,,,,,,,,,,0.0,3.295,0.0,,,,5094.0,,,,,3.477,,,,,,,,,,,,""
12446626678,"Sep 18, 2024, 11:40:45 PM",Evening Run,Run,"Some chick slowly crept upon me after like 1.5 mile or so. Im thinking ""maybe ill just let her pass me since im dogshit tired today anyways"". Well she took a little longer than i expected to pass me. Even after she passed me, it didn't seem like she could blew pass me. Now im thinking ""what if i match her pace instead?"" So i did and she turned out to be doing a 7:10 pace, which was very different from what im doing like 8:30. She stopped after like 1.5 miles since i start keeping up with her but i was too shameful to drop back to 8:30 so im like lets see what i really got",3736,12.95,177.0,146,false,"",On Cloudsurfer,activities/13270277385.fit.gz,,,3736.0,3685.0,12957.2,5.418,3.516,23.0,28.0,181.4,193.4,7.9,0.0,,,86.0,82.0,177.0,164.0,,402.0,967.0,,,146.0,1481902.0,,,,,5.0,,,403.0,3737.0,,66.0,0.0,,1.0,13004.5,,,,,,,,,,,,,,,,19487204.0,,,,,,,,,,0.0,3.468,0.0,,,,10038.0,,,,,3.529,,,,,,,,,,,,""
12432502852,"Sep 16, 2024, 11:34:38 PM",Evening Run,Run,watch died ,1733,5.49,167.0,42,false,"",On Cloudsurfer,activities/13255270927.fit.gz,,,1733.0,1694.0,5498.5,4.458,3.246,19.0,15.0,180.4,189.8,8.3,0.1,,,88.0,82.0,167.0,152.0,,367.0,420.0,,,42.0,621319.0,,,,,3.0,,,368.0,1734.0,,14.0,0.0,,1.0,5546.6,,,,,,,,,,,,,,,,19487204.0,,,,,,,,,,0.0,3.173,0.0,,,,4630.0,,,,,3.274,,,,,,,,,,,,""
12429321850,"Sep 16, 2024, 11:32:17 PM",Evening flu Run,Run,"",3768,11.47,,,false,"",On Cloudsurfer,activities/12429321850.fit,,,3768.0,3722.0,11473.1,4.124,3.083,10.6,10.3,180.7,186.0,3.8,0.0,,,,,,,,,,,,,,,,,,4.0,,,,,,41.0,0.0,,1.0,11493.0,,,,,,,,,,,,,,,,19487204.0,,,,,,,,,,0.0,3.045,0.0,,,,,,,,,3.088,,,,,,,,,,,,""
12416575295,"Sep 15, 2024, 11:47:24 AM",Morning Flu Run ft nico collins needs to come back,Run,"ive definitely severely underestimated how fast i can dehydrate when sick, even though im already getting better. Thought i drank too much water before i start for a short and silly cutback week but it turned out i probably need more. Major props for the random 20-miler water stations cuz otherwise i would seriously have given into the fatigue from illness",6351,19.32,177.0,191,false,"",On Cloudsurfer,activities/13238229755.fit.gz,,,6351.0,6181.0,19324.9,6.518,3.126,57.0,54.0,173.2,191.2,37.4,0.0,,,118.0,82.0,177.0,157.0,,355.0,1503.0,,,191.0,2195022.0,,,,,7.0,,,356.0,6352.0,,197.0,0.0,,1.0,19453.4,,,,,,,,,,,,,,,,19487204.0,,,,,,,,,,0.0,3.043,0.0,,,,16958.0,,,,,3.147,,,,,,,,,,,,""
12411766496,"Sep 14, 2024, 11:47:15 PM",Evening Ride,Ride,,906,5.13,135.0,3,false,,,activities/13233084498.fit.gz,,,906.0,906.0,5129.6,8.466,5.662,8.0,7.0,177.0,182.2,6.0,0.0,,,,,135.0,126.0,,,160.0,,,3.0,,,,,,,,,,,,,0.0,,1.0,,,,,,,,,,,,,,,,,,,,,,,,,,,0.0,5.662,0.0,,,,,,,,,,,,,,,,,,,,,""
12411525743,"Sep 14, 2024, 10:54:41 PM",Afternoon Ride,Ride,,1090,4.79,162.0,12,false,,,activities/13232827283.fit.gz,,,1090.0,997.0,4798.6,9.099,4.813,43.0,41.0,177.4,189.6,18.2,0.0,,,,,162.0,138.0,,,220.0,,,12.0,,,,,,,,,,,,,0.0,,1.0,,,,,,,,,,,,,,,,,,,,,,,,,,,0.0,4.402,115.4,,,,,,,,,,,,,,,,,,,,,""
12411418874,"Sep 14, 2024, 9:29:06 PM",Afternoon pickleball,Workout,"",4514,0.89,170.0,5,false,,,activities/13232711710.fit.gz,,,4514.0,1349.0,895.2,2.75,0.664,0.0,0.0,183.3,183.5,1.8,0.0,,,110.0,60.0,170.0,115.0,,,529.0,,,5.0,,,,,,,,,,,0.0,,0.0,,1.0,,,,,,,,,,,,,,,,,,,,,,,,,,,0.0,0.198,0.0,,,,,,,,,,,2192.0,,,,,,,,,,""
12411062170,"Sep 14, 2024, 8:44:09 PM",Afternoon Ride,Ride,"",1954,10.12,161.0,18,false,,,activities/13232323099.fit.gz,,,1954.0,1775.0,10120.8,9.066,5.702,89.0,87.0,128.0,188.0,18.3,0.0,,,,,161.0,136.0,,,362.0,,,18.0,,,,,,,,,,,0.0,,0.0,,1.0,,,,,,,,,,,,,,,,,,,,,,,,,,,0.0,5.18,222.8,,,,,,,,,,,,,,,,,,,,,media/dd6c0679-4191-4307-9840-5a7b73d54b6d.mp4
12409578624,"Sep 14, 2024, 3:08:05 PM",Morning Tennis,Workout,,6048,2.70,179.0,23,false,,,activities/13230713288.fit.gz,,,6048.0,3569.0,2708.3,2.177,0.759,0.0,0.0,233.8,234.4,1.3,0.0,,,124.0,61.0,179.0,127.0,,,785.0,,,23.0,,,,,,,,,,,,,0.0,,1.0,,,,,,,,,,,,,,,,,,,,,,,,,,,0.0,0.448,0.0,,,,,,,,,,,5326.0,,,,,,,,,,""
12396290577,"Sep 13, 2024, 12:47:04 AM",Evening Run,Run,"",833,2.73,189.0,50,false,"",On Cloudsurfer,activities/13216394266.fit.gz,,,833.0,833.0,2731.0,5.674,3.278,9.0,4.0,180.4,187.0,11.5,0.2,,,87.0,85.0,189.0,176.0,,386.0,223.0,,,50.0,321160.0,,,,,,,,383.0,834.0,,,0.0,,1.0,2756.9,,,,,,,,,,,,,,,,19487204.0,,,,,,,,,,0.0,3.278,0.0,,,,2336.0,,,,,3.31,,,,,,,,,,,,""
12395969848,"Sep 12, 2024, 11:25:59 PM",Evening Run,Run,"",1729,5.85,177.0,69,false,"",On Cloudsurfer,activities/13216055870.fit.gz,,,1729.0,1726.0,5849.4,8.646,3.389,7.0,13.0,173.2,181.0,8.1,-0.1,,,87.0,83.0,177.0,164.0,,382.0,443.0,,,69.0,659334.0,,,,,,,,382.0,1730.0,,,0.0,,1.0,5861.3,,,,,,,,,,,,,,,,19487204.0,,,,,,,,,,0.0,3.383,0.0,,,,4802.0,,,,,3.396,,,,,,,,,,,,""
12388385976,"Sep 12, 2024, 12:39:01 AM",Evening Ride,Ride,,1252,5.37,130.0,4,false,,,activities/13207915515.fit.gz,,,1252.0,1176.0,5378.2,8.13,4.573,15.0,21.0,181.0,194.0,8.9,-0.1,,,,,130.0,118.0,,,184.0,,,4.0,,,,,,,,,,,,,0.0,,1.0,,,,,,,,,,,,,,,,,,,,,,,,,,,0.0,4.296,47.3,,,,,,,,,,,,,,,,,,,,,""
12388152116,"Sep 11, 2024, 11:48:58 PM",Evening Run,Run,"",2607,7.98,174.0,82,false,"",Brooks Ghost 14,activities/13207667476.fit.gz,,,2607.0,2457.0,7984.4,8.472,3.25,34.0,33.0,175.8,189.8,30.5,0.0,,,106.0,83.0,174.0,161.0,,347.0,625.0,,,82.0,865533.0,,,,,,,,349.0,2608.0,,,0.0,,1.0,8093.4,,,,,,,,,,,,,,,,15683006.0,,,,,,,,,,0.0,3.063,0.0,,,,6912.0,,,,,3.294,,,,,,,,,,,,""
12388142510,"Sep 11, 2024, 11:23:10 PM",Evening Ride,Ride,,1362,6.72,148.0,8,false,,,activities/13207657503.fit.gz,,,1362.0,1262.0,6726.0,16.255,5.33,27.0,24.0,173.6,183.6,49.1,0.1,,,,,148.0,127.0,,,230.0,,,8.0,,,,,,,,,,,,,0.0,,1.0,,,,,,,,,,,,,,,,,,,,,,,,,,,0.0,4.938,0.0,,,,,,,,,,,,,,,,,,,,,""
12379635213,"Sep 10, 2024, 11:23:51 PM",Evening Run,Run,"",3556,8.68,165.0,55,false,"",Brooks Ghost 14,activities/13198578954.fit.gz,,,3556.0,2848.0,8680.4,15.138,3.048,14.0,19.0,176.6,188.0,32.2,0.0,,,84.0,80.0,165.0,146.0,,321.0,691.0,,,55.0,925765.0,,,,,,,,308.0,3557.0,,,0.0,,1.0,8744.8,,,,,,,,,,,,,,,,15683006.0,,,,,,,,,,0.0,2.441,0.0,,,,7776.0,,,,,3.071,,,,,,,,,,,,""
12371230082,"Sep 10, 2024, 2:15:35 AM",Night Weight Training,Weight Training,,2541,0,155.0,10,false,,,activities/13189729883.fit.gz,,,2541.0,2541.0,0.0,0.0,0.0,0.0,0.0,0.0,0.0,0.0,0.0,,,,,155.0,115.0,,,330.0,,,10.0,,,,,,,,,,,,,0.0,,1.0,,,,,,,,,,,,,,,,,,,,,,,,,,,0.0,0.0,0.0,,,,,,,,,,,28.0,,,,,,,,,,""
12354111559,"Sep 8, 2024, 1:27:37 AM",Evening Ride,Ride,,1043,5.85,150.0,7,false,,,activities/13171366087.fit.gz,,,1043.0,1043.0,5849.9,8.676,5.609,16.0,10.0,178.8,184.6,12.4,0.1,,,,,150.0,123.0,,,177.0,,,7.0,,,,,,,,,,,,,0.0,,1.0,,,,,,,,,,,,,,,,,,,,,,,,,,,0.0,5.609,647.5,,,,,,,,,,,,,,,,,,,,,""
12350103589,"Sep 7, 2024, 11:37:16 AM",Morning Run,Run,"",10826,29.40,169.0,178,false,"",Brooks Ghost 14,activities/13167050128.fit.gz,,,10826.0,9785.0,29405.3,5.086,3.005,110.0,106.0,180.2,194.4,44.4,0.0,,,88.0,83.0,169.0,146.0,,351.0,2264.0,,,178.0,3430261.0,,,,,5.0,,,344.0,10827.0,,176.0,0.0,,1.0,29745.4,,,,,,,,,,,,,,,,15683006.0,,,,,,,,,,0.0,2.716,5585.1,,,,27238.0,,,,,3.04,,,,,,,,,,,,""
12337249447,"Sep 5, 2024, 11:42:03 PM",Evening Run,Run,"",2348,7.92,183.0,109,false,"",Brooks Ghost 14,activities/13153173119.fit.gz,,,2348.0,2323.0,7921.6,11.916,3.41,16.0,12.0,176.4,187.4,10.9,0.0,,,87.0,83.0,183.0,168.0,,378.0,611.0,,,109.0,878636.0,,,,,5.0,,,377.0,2349.0,,41.0,0.0,,1.0,7970.5,,,,,,,,,,,,,,,,15683006.0,,,,,,,,,,0.0,3.374,0.0,,,,6456.0,,,,,3.431,,,,,,,,,,,,""
12328976651,"Sep 4, 2024, 11:45:34 PM",Evening Run,Run,Props to the ffrt people who acknowledged me while looking borderline dead ,3151,10.51,178.0,126,false,"",Brooks Ghost 14,activities/13144181841.fit.gz,,,3151.0,3151.0,10516.7,5.44,3.338,16.0,17.0,179.8,189.2,8.9,0.0,,,84.0,80.0,178.0,165.0,,386.0,809.0,,,126.0,1215457.0,,,,,5.0,,,386.0,3152.0,0.0,56.0,0.0,,1.0,10570.3,,,,,,,,,,,,,,,,15683006.0,,,,,,,,,,0.0,3.338,167.7,,,,8458.0,,,,,3.355,,,,,,,,,,,,media/ae82f4df-96b9-437a-bbde-815b33ab4760.mp4
12320025291,"Sep 3, 2024, 11:26:39 PM",Evening Run,Run,Htf do people reach above 170 in candence. Does that mean I'm tall? ,3128,8.06,166.0,31,false,"",Brooks Ghost 14,activities/13134169599.fit.gz,,,3128.0,2788.0,8067.0,5.842,2.893,17.0,22.0,178.0,194.2,19.5,-0.1,,,118.0,79.0,166.0,140.0,,336.0,605.0,,,31.0,906471.0,,,,,2.0,,,328.0,2989.0,0.0,13.0,0.0,,1.0,8124.5,,,,,,,,,,,,,,,,15683006.0,,,,,,,,,,0.0,2.579,0.0,,,,7108.0,,,,,2.914,,,,,,,,,,,,""
12301761715,"Sep 1, 2024, 6:56:34 PM",Afternoon Walk,Walk,,5490,3.72,117.0,6,false,,,activities/13113698079.fit.gz,,,5490.0,2810.0,3724.7,3.022,1.326,51.0,45.0,202.0,221.8,21.0,0.0,,,78.0,52.0,117.0,94.0,,,317.0,,,6.0,,,,,,,,,,,,,0.0,,1.0,,,,,,,,,,,,,,,,,,,,,,,,,,,0.0,0.678,0.0,,,,4496.0,,,,,,,,,,,,,,,,,""
12293489281,"Aug 31, 2024, 10:57:07 PM",Afternoon Pickleball,Workout,"",3298,0.92,150.0,3,false,"",,activities/13104877544.fit.gz,,,3298.0,1319.0,927.1,1.932,0.703,0.0,0.0,183.3,183.5,9.3,0.0,,,123.0,57.0,150.0,98.0,,,275.0,,,3.0,,,,,,,,,,,,,0.0,,1.0,,,,,,,,,,,,,,,,,,,,,,,,,,,0.0,0.281,0.0,,,,,,,,,,,1838.0,,,,,,,,,,""
12293048288,"Aug 31, 2024, 9:29:30 PM",Afternoon Ride,Ride,,2026,9.65,146.0,15,false,,,activities/13104412027.fit.gz,,,2026.0,1950.0,9657.7,7.146,4.953,45.0,44.0,177.4,189.6,14.4,0.0,,,,,146.0,132.0,,,366.0,,,15.0,,,,,,,,,,,,,0.0,,1.0,,,,,,,,,,,,,,,,,,,,,,,,,,,0.0,4.767,0.0,,,,,,,,,,,,,,,,,,,,,""
12290913730,"Aug 31, 2024, 11:41:50 AM",BBM vol.25 to close out the last 6,Run,(15:27) and (Our ces bike guardian was very taken aback by 20:09),12102,32.94,186.0,374,false,"",Brooks Ghost 14,activities/13102172050.fit.gz,,,12102.0,12094.0,32942.4,7.362,2.724,103.0,100.0,175.0,190.8,46.5,0.0,,,123.0,81.0,186.0,159.0,,335.0,2707.0,,,374.0,3737493.0,,,,,5.0,,,328.0,12104.0,0.0,218.0,0.0,,1.0,33206.0,,,,,,,,,,,,,,,,15683006.0,,,,,,,,,,0.0,2.722,6536.7,,,,30192.0,,,,,2.746,,,,,,,,,,,,media/9fb41739-3f19-439e-9ac0-bef0e53296cc.jpg
12277737013,"Aug 30, 2024, 1:08:12 AM",Evening Run,Run,"",1592,5.29,183.0,77,false,"",Brooks Ghost 14,activities/13088389451.fit.gz,,,1592.0,1592.0,5293.8,5.156,3.325,14.0,9.0,177.0,183.6,11.2,0.1,,,86.0,79.0,183.0,169.0,,377.0,411.0,,,77.0,600508.0,,,,,6.0,,,377.0,1593.0,,42.0,0.0,,1.0,5333.3,,,,,,,,,,,,,,,,15683006.0,,,,,,,,,,0.0,3.325,0.0,,,,4190.0,,,,,3.35,,,,,,,,,,,,""
12277430371,"Aug 30, 2024, 12:04:00 AM",Evening Run,Run,"",1040,3.38,178.0,28,false,"",Brooks Ghost 14,activities/13088070990.fit.gz,,,1040.0,1021.0,3386.1,7.466,3.317,7.0,14.0,173.6,186.6,9.3,-0.2,,,86.0,80.0,178.0,156.0,,401.0,248.0,,,28.0,386348.0,,,,,6.0,,,401.0,1042.0,,26.0,0.0,,1.0,3398.4,,,,,,,,,,,,,,,,15683006.0,,,,,,,,,,0.0,3.256,0.0,,,,2538.0,,,,,3.329,,,,,,,,,,,,""
12260656641,"Aug 28, 2024, 1:58:56 AM",Evening Ride,Ride,,1422,6.06,136.0,4,false,,,activities/13069896114.fit.gz,,,1422.0,1287.0,6066.9,7.35,4.714,20.0,21.0,190.2,200.8,20.8,0.0,,,,,136.0,117.0,,,198.0,,,4.0,,,,,,,,,,,,,0.0,,1.0,,,,,,,,,,,,,,,,,,,,,,,,,,,0.0,4.266,19.7,,,,,,,,,,,,,,,,,,,,,""
12251691685,"Aug 27, 2024, 2:16:40 AM",Night Weight Training,Weight Training,,2670,0,161.0,11,false,,,activities/13060596826.fit.gz,,,2670.0,2670.0,0.0,0.0,0.0,0.0,0.0,0.0,0.0,0.0,0.0,,,,,161.0,114.0,,,341.0,,,11.0,,,,,,,,,,,,,0.0,,1.0,,,,,,,,,,,,,,,,,,,,,,,,,,,0.0,0.0,0.0,,,,,,,,,,,8.0,,,,,,,,,,""
12242484067,"Aug 25, 2024, 8:44:36 PM",Afternoon Tennis,Workout,"",4614,2.01,167.0,10,false,,,activities/13051016121.fit.gz,,,4614.0,2576.0,2009.5,2.534,0.78,0.0,0.0,179.9,180.1,2.9,0.0,,,124.0,59.0,167.0,119.0,,,550.0,,,10.0,,,,,,,,,,,0.0,,0.0,,1.0,,,,,,,,,,,,,,,,,,,,,,,,,,,0.0,0.436,0.0,,,,,,,,,,,3978.0,,,,,,,,,,media/ba656aab-6dda-405a-b61e-eef014fd08c9.mp4|media/88abb3fb-9a29-4e1e-9d24-3e77740f3279.mp4
12232020626,"Aug 24, 2024, 4:59:05 PM",Lunch Ride,Ride,,808,4.63,150.0,13,false,,,activities/13040091500.fit.gz,,,808.0,808.0,4639.0,8.306,5.741,17.0,19.0,180.6,188.6,8.6,0.0,,,,,150.0,144.0,,,183.0,,,13.0,,,,,,,,,,,,,0.0,,1.0,,,,,,,,,,,,,,,,,,,,,,,,,,,0.0,5.741,569.8,,,,,,,,,,,,,,,,,,,,,""
12230174376,"Aug 24, 2024, 11:40:01 AM",Morning Run,Run,Wish the run today was longer so i don't have to wait for another week to find out whether im committing to a marathon this year ,7105,19.29,169.0,169,false,"",Brooks Ghost 14,activities/13038176998.fit.gz,,,7105.0,7098.0,19289.0,5.828,2.718,53.0,53.0,176.0,189.4,9.5,0.0,,,87.0,81.0,169.0,153.0,,343.0,1546.0,,,169.0,2194124.0,,,,,5.0,,,333.0,7107.0,,128.0,0.0,,1.0,19430.3,,,,,,,,,,,,,,,,15683006.0,,,,,,,,,,0.0,2.715,6492.4,,,,17364.0,,,,,2.737,,,,,,,,,,,,""
12218906338,"Aug 23, 2024, 4:17:43 AM",Night Ride,Ride,,1124,5.40,148.0,9,false,,,activities/13026427061.fit.gz,,,1124.0,1093.0,5406.0,16.803,4.946,11.0,8.0,177.6,183.4,7.2,0.1,,,,,148.0,134.0,,,218.0,,,9.0,,,,,,,,,,,,,0.0,,1.0,,,,,,,,,,,,,,,,,,,,,,,,,,,0.0,4.81,81.1,,,,,,,,,,,,,,,,,,,,,""
12218044779,"Aug 22, 2024, 11:04:53 PM",Evening Run,Run,Who does dusable know here 🤔,4058,12.88,181.0,167,false,"",Brooks Ghost 14,activities/13025526639.fit.gz,,,4058.0,4030.0,12886.2,5.454,3.198,43.0,39.0,178.4,191.8,10.7,0.0,,,84.0,79.0,181.0,165.0,,369.0,1022.0,,,167.0,1488879.0,,,,,4.0,,,370.0,4059.0,0.0,44.0,0.0,,1.0,13005.9,,,,,,,,,,,,,,,,15683006.0,,,,,,,,,,0.0,3.176,0.0,,,,10680.0,,,,,3.227,,,,,,,,,,,,media/6d43dc90-abe9-4feb-aace-782bcaacfa4d.jpg
12209599212,"Aug 21, 2024, 11:37:37 PM",Evening Run,Run,Back to the zoo lot for the first time in two years for like 30 seconds ,2220,5.00,158.0,14,false,"",Brooks Ghost 14,activities/13016761782.fit.gz,,,2220.0,1833.0,5007.8,4.686,2.732,22.0,12.0,182.6,192.0,18.0,0.2,,,106.0,78.0,158.0,133.0,,306.0,416.0,,,14.0,563628.0,,,,,2.0,,,290.0,2221.0,0.0,8.0,0.0,,1.0,5089.2,,,,,,,,,,,,,,,,15683006.0,,,,,,,,,,0.0,2.256,17.1,,,,4872.0,,,,,2.776,,,,,,,,,,,,""
12191856534,"Aug 20, 2024, 12:34:09 AM",Evening badminton 🏸,Workout,"",1044,0.14,149.0,3,false,,,activities/12997734309.fit.gz,,,1044.0,1044.0,144.7,2.2,0.139,0.0,0.0,0.0,0.0,0.0,0.0,,,123.0,58.0,149.0,114.0,,,139.0,,,3.0,,,,,,,,,,,0.0,,0.0,,1.0,,,,,,,,,,,,,,,,,,,,,,,,,,,0.0,0.139,0.0,,,,,,,,,,,980.0,,,,,,,,,,""
12186677698,"Aug 19, 2024, 11:35:45 AM",Morning Run,Run,,3196,7.80,167.0,16,false,,,activities/12992098033.fit.gz,,,3196.0,2916.0,7800.2,4.004,2.675,24.0,22.0,176.4,189.0,22.8,0.0,,,82.0,79.0,167.0,134.0,,320.0,591.0,,,16.0,915561.0,,,,,,,,308.0,3199.0,,,0.0,,1.0,7894.1,,,,,,,,,,,,,,,,,,,,,,,,,,0.0,2.441,4.2,,,,7586.0,,,,,2.707,,,,,,,,,,,,""
12175095007,"Aug 18, 2024, 12:23:31 AM",Evening Tennis,Workout,easily handled thao and kelvin ft [strava://athletes/18720631/15]Harrison Powell ,2582,1.84,154.0,9,false,"",,activities/12979097191.fit.gz,,,2582.0,2059.0,1842.8,2.73,0.895,0.0,0.0,193.1,194.4,4.0,0.0,,,123.0,57.0,154.0,122.0,,,374.0,,,9.0,,,,,,2.0,,,,,0.0,9.0,0.0,,1.0,,,,,,,,,,,,,,,,,,,,,,,,,,,0.0,0.714,0.0,,,,,,,,,,,3070.0,,,,,,,,,,media/84e004f7-0bf8-426a-8e21-4d2537fa67a0.jpg
12173842180,"Aug 17, 2024, 7:39:59 PM",Afternoon Ride,Ride,,1754,7.01,155.0,10,false,,,activities/12977667477.fit.gz,,,1754.0,1493.0,7015.7,20.788,4.699,232.0,227.0,88.0,203.2,49.7,0.0,,,,,155.0,127.0,,,285.0,,,10.0,,,,,,,,,,,,,0.0,,1.0,,,,,,,,,,,,,,,,,,,,,,,,,,,0.0,4.0,0.0,,,,,,,,,,,,,,,,,,,,,""
12172545544,"Aug 17, 2024, 3:51:07 PM",Morning Swim,Swim,,3296,"2,075",186.0,95,false,,,activities/12976230060.fit.gz,,,3296.0,3223.0,2075.0,1.472,0.644,0.0,0.0,0.0,0.0,0.0,0.0,,,,16.0,186.0,146.0,,,658.0,,,95.0,,,,,,,,,,,,,0.0,,1.0,,,,,,,,,,,,,,,,,,,,,,,,,,,0.0,0.63,0.0,,,,,,25.0,,,,,,,,,,,,,,,""
12158523230,"Aug 15, 2024, 11:36:07 PM",Evening Run,Run,,2784,8.84,182.0,119,false,,,activities/12960346649.fit.gz,,,2784.0,2748.0,8845.3,8.808,3.219,24.0,22.0,183.2,189.2,25.4,0.0,,,83.0,79.0,182.0,166.0,,381.0,700.0,,,119.0,1048178.0,,,,,,,,381.0,2785.0,,,0.0,,1.0,8920.5,,,,,,,,,,,,,,,,,,,,,,,,,,0.0,3.177,0.0,,,,7224.0,,,,,3.246,,,,,,,,,,,,""
12150153264,"Aug 15, 2024, 1:05:30 AM",Evening Ride,Ride,,1556,6.88,139.0,6,false,,,activities/12950059835.fit.gz,,,1556.0,1490.0,6882.1,6.955,4.619,13.0,20.0,181.4,195.8,39.2,-0.1,,,,,139.0,119.0,,,235.0,,,6.0,,,,,,,,,,,,,0.0,,1.0,,,,,,,,,,,,,,,,,,,,,,,,,,,0.0,4.423,0.0,,,,,,,,,,,,,,,,,,,,,""
12149935561,"Aug 14, 2024, 11:48:15 PM",Evening Run,Run,"",3276,10.33,180.0,148,false,"",Brooks Ghost 14,activities/12949823874.fit.gz,,,3276.0,3240.0,10335.2,9.418,3.19,37.0,36.0,179.8,191.6,34.0,0.0,,,109.0,78.0,180.0,168.0,,356.0,823.0,,,148.0,1156910.0,,,,,5.0,,,358.0,3277.0,,58.0,0.0,,1.0,10462.3,,,,,,,,,,,,,,,,15683006.0,,,,,,,,,,0.0,3.155,0.0,,,,8464.0,,,,,3.229,,,,,,,,,,,,""
12149617744,"Aug 14, 2024, 11:21:16 PM",Evening Ride,Ride,,1321,6.71,158.0,13,false,,,activities/12949487077.fit.gz,,,1321.0,1306.0,6715.5,8.595,5.142,17.0,19.0,179.8,188.4,10.2,0.0,,,,,158.0,135.0,,,255.0,,,13.0,,,,,,,,,,,,,0.0,,1.0,,,,,,,,,,,,,,,,,,,,,,,,,,,0.0,5.084,0.0,,,,,,,,,,,,,,,,,,,,,""
12141528139,"Aug 13, 2024, 11:24:29 PM",Evening Run,Run,,3594,8.14,158.0,45,false,,,activities/12941018219.fit.gz,,,3594.0,2915.0,8146.0,6.804,2.795,12.0,24.0,178.4,199.6,16.6,-0.1,,,114.0,79.0,158.0,144.0,,323.0,630.0,,,45.0,920316.0,,,,,,,,314.0,3134.0,,,0.0,,1.0,8179.5,,,,,,,,,,,,,,,,,,,,,,,,,,0.0,2.267,0.0,,,,7442.0,,,,,2.806,,,,,,,,,,,,""
12124106611,"Aug 11, 2024, 10:53:14 PM",Afternoon Ride,Ride,,1703,8.69,154.0,13,false,,,activities/12922770661.fit.gz,,,1703.0,1619.0,8691.0,8.97,5.368,63.0,61.0,165.8,187.2,45.9,0.0,,,,,154.0,133.0,,,301.0,,,13.0,,,,,,,,,,,,,0.0,,1.0,,,,,,,,,,,,,,,,,,,,,,,,,,,0.0,5.103,492.9,,,,,,,,,,,,,,,,,,,,,""
12123364965,"Aug 11, 2024, 8:01:05 PM",Afternoon Ride,Ride,,1540,7.35,173.0,32,false,,,activities/12921990069.fit.gz,,,1540.0,1314.0,7350.8,9.116,5.594,96.0,61.0,156.6,194.4,26.9,0.5,,,,,173.0,152.0,,,353.0,,,32.0,,,,,,,,,,,,,0.0,,1.0,,,,,,,,,,,,,,,,,,,,,,,,,,,0.0,4.773,0.0,,,,,,,,,,,,,,,,,,,,,""
12122020777,"Aug 11, 2024, 4:54:44 PM",Lunch Ride,Ride,,843,2.90,123.0,2,false,,,activities/12920576664.fit.gz,,,843.0,740.0,2899.4,6.238,3.918,26.0,18.0,177.0,189.2,9.3,0.2,,,,,123.0,109.0,,,105.0,,,2.0,,,,,,,,,,,,,0.0,,1.0,,,,,,,,,,,,,,,,,,,,,,,,,,,0.0,3.439,0.0,,,,,,,,,,,,,,,,,,,,,""
12114464608,"Aug 10, 2024, 7:10:21 PM",Afternoon Row,Rowing,,3877,421,161.0,1,false,,,activities/12912618347.fit.gz,,,3877.0,263.0,421.5,4.157,1.602,0.0,0.0,205.8,206.8,1.5,0.0,,,44.0,28.0,161.0,113.0,,,47.0,,,1.0,,,,,,,,,,,,,0.0,,1.0,,,,,,,,,,,,,,,,,,,,,,,,,,,0.0,0.109,0.0,,,,,,,,,,,,,,,,,,,,,""
12099366741,"Aug 8, 2024, 11:20:54 PM",Evening Run,Run,a lil annoyed at how much i sweated even though the temperature was nice ,3438,11.27,180.0,149,false,"",Brooks Ghost 14,activities/12896738381.fit.gz,,,3438.0,3396.0,11274.9,5.07,3.32,26.0,27.0,185.6,197.6,11.3,0.0,,,116.0,78.0,180.0,166.0,,380.0,866.0,,,149.0,1291868.0,,,,,6.0,,,382.0,3439.0,,89.0,0.0,,1.0,11329.0,,,,,,,,,,,,,,,,15683006.0,,,,,,,,,,0.0,3.279,0.0,,,,8864.0,,,,,3.336,,,,,,,,,,,,""
12082132647,"Aug 6, 2024, 11:27:47 PM",Evening Run,Run,Not running with [strava://athletes/27218112/15]Connor Hagimori again ,2627,7.13,184.0,93,false,,,activities/12878727278.fit.gz,,,2627.0,2161.0,7129.0,4.938,3.299,50.0,59.0,177.0,196.4,30.5,-0.2,,,85.0,79.0,184.0,167.0,,387.0,557.0,,,93.0,811249.0,,,,,,,,385.0,2333.0,0.0,,0.0,,1.0,7355.8,,,,,,,,,,,,,,,,,,,,,,,,,,0.0,2.714,0.0,,,,5568.0,,,,,3.404,,,,,,,,,,,,""
12073538640,"Aug 6, 2024, 2:20:05 AM",Night Weight Training,Weight Training,,2289,0,177.0,16,false,,,activities/12869743290.fit.gz,,,2289.0,2289.0,0.0,0.0,0.0,0.0,0.0,0.0,0.0,0.0,0.0,,,,,177.0,127.0,,,345.0,,,16.0,,,,,,,,,,,,,0.0,,1.0,,,,,,,,,,,,,,,,,,,,,,,,,,,0.0,0.0,0.0,,,,,,,,,,,8.0,,,,,,,,,,""
12062820132,"Aug 4, 2024, 4:48:08 PM",Lunch Swim,Swim,Watching Olympics really makes you try harder ,3157,"2,025",198.0,91,false,,,activities/12858505766.fit.gz,,,3157.0,3106.0,2025.0,1.088,0.652,0.0,0.0,0.0,0.0,0.0,0.0,,,,16.0,198.0,147.0,,,612.0,,,91.0,,,,,,,,,,,0.0,,0.0,,1.0,,,,,,,,,,,,,,,,,,,,,,,,,,,0.0,0.641,0.0,,,,,,25.0,,,,,,,,,,,,,,,""
12056067182,"Aug 3, 2024, 11:27:40 PM",Evening Ride,Ride,riding it very slow is probably more impressive than riding very fast ,1924,8.05,149.0,11,false,"",,activities/12851445457.fit.gz,,,1924.0,1891.0,8053.3,11.144,4.259,42.0,46.0,176.0,197.6,38.1,0.0,,,,,149.0,126.0,,,313.0,,,11.0,,,,,,,,,,,,,0.0,,1.0,,,,,,,,,,,,,,,,,,,,,,,,,,,0.0,4.186,0.0,,,,,,,,,,,,,,,,,,,,,""
12055222748,"Aug 3, 2024, 8:03:42 PM",Afternoon Tennis,Workout,Asses handled by William 2-6 ,3754,1.98,172.0,17,false,,,activities/12850558397.fit.gz,,,3754.0,2417.0,1986.1,2.492,0.822,0.0,0.0,180.5,180.6,2.2,0.0,,,114.0,56.0,172.0,130.0,,,581.0,,,17.0,,,,,,,,,,,0.0,,0.0,,1.0,,,,,,,,,,,,,,,,,,,,,,,,,,,0.0,0.529,0.0,,,,,,,,,,,3680.0,,,,,,,,,,""
12039859759,"Aug 1, 2024, 11:05:58 PM",Loser gets the other a drink and i have no money,Workout,"Resume from 3-6 0-3 last time
Fended off match point against [strava://athletes/88348816/15]William Hammond at 2-5 30-40 and 3 more after that or something. Completed the comback at 3-6 7-5 12-9. Glad the rain never happened but I think someone from weather.com is getting fired ",3558,2.10,177.0,27,false,"",,activities/12834528811.fit.gz,,,3558.0,2623.0,2105.3,2.633,0.803,0.0,0.0,180.3,180.5,1.4,0.0,,,123.0,58.0,177.0,136.0,,,598.0,,,27.0,,,,,,,,,,,0.0,,0.0,,1.0,,,,,,,,,,,,,,,,,,,,,,,,,,,0.0,0.592,0.0,,,,,,,,,,,3494.0,,,,,,,,,,media/7ca91451-0af5-4282-b184-f1ed59d4b2c8.jpg
12031671174,"Jul 31, 2024, 11:39:16 PM",cooldown,Run,"",1365,3.86,168.0,39,false,"",Brooks Ghost 14,activities/12826001481.fit.gz,,,1365.0,1365.0,3866.6,3.176,2.833,7.0,9.0,186.0,192.4,5.7,0.0,,,83.0,80.0,168.0,156.0,,326.0,319.0,,,39.0,444401.0,,,,,,,,323.0,1366.0,,,0.0,,1.0,3878.2,,,,,,,,,,,,,,,,15683006.0,,,,,,,,,,0.0,2.833,6.2,,,,3626.0,,,,,2.841,,,,,,,,,,,,""
12023599822,"Jul 31, 2024, 1:13:03 AM",Evening Walk,Walk,,1078,1.15,108.0,2,false,,,activities/12817616587.fit.gz,,,1078.0,1003.0,1157.5,2.557,1.154,3.0,4.0,187.6,192.4,13.8,-0.1,,,58.0,52.0,108.0,95.0,,,84.0,,,2.0,,,,,,,,,,,,,0.0,,1.0,,,,,,,,,,,,,,,,,,,,,,,,,,,0.0,1.074,0.0,,,,1272.0,,,,,,,,,,,,,,,,,""
12023283588,"Jul 30, 2024, 11:21:08 PM",Evening Run,Run,"",3744,8.13,187.0,92,false,"",Brooks Ghost 14,activities/12817289473.fit.gz,,,3744.0,3461.0,8135.2,6.372,2.351,16.0,28.0,178.8,200.6,16.2,-0.2,,,82.0,78.0,187.0,159.0,,309.0,717.0,,,92.0,911127.0,,,,,,,,301.0,3464.0,,,0.0,,1.0,8170.1,,,,,,,,,,,,,,,,15683006.0,,,,,,,,,,0.0,2.173,0.0,,,,7706.0,,,,,2.361,,,,,,,,,,,,""
12015064306,"Jul 30, 2024, 2:35:37 AM",Night Weight Training,Weight Training,,1472,0,181.0,33,false,,,activities/12808766756.fit.gz,,,1472.0,1472.0,0.0,0.0,0.0,0.0,0.0,0.0,0.0,0.0,0.0,,,,,181.0,148.0,,,320.0,,,33.0,,,,,,,,,,,,,0.0,,1.0,,,,,,,,,,,,,,,,,,,,,,,,,,,0.0,0.0,0.0,,,,,,,,,,,8.0,,,,,,,,,,""
12006996423,"Jul 29, 2024, 2:56:21 AM",Night Ride,Ride,,681,4.08,151.0,8,false,,,activities/12800398555.fit.gz,,,681.0,681.0,4084.5,8.778,5.998,11.0,11.0,175.4,181.0,16.9,0.0,,,,,151.0,140.0,,,140.0,,,8.0,,,,,,,,,,,,,0.0,,1.0,,,,,,,,,,,,,,,,,,,,,,,,,,,0.0,5.998,761.6,,,,,,,,,,,,,,,,,,,,,""
11990718758,"Jul 27, 2024, 5:36:10 AM",Should've just listened to the navigation with my earbuds instead of memorizing it incorrectly,Ride,,2583,11.49,,,false,,,activities/11990718758.gpx,,,2583.0,2296.0,11498.2,9.46,5.008,77.3,77.3,3.0,44.8,8.4,0.0,,,,,,,,,,,,,,,,,,,,,,,0.0,,0.0,,1.0,,,,,,,,,,,,,,,,,,,,,,,,,,,0.0,4.451,0.0,,,,,,,,,,,,,,,,,,,,,media/ae41af2f-b2fd-42a9-8ee8-ebafb606e2e1.jpg|media/05c7a783-a026-4273-a42a-5550aed4522d.mp4|media/db97209e-2364-4dc2-9824-b5b2a2cfdcc5.jpg|media/9f7744dd-d6f5-4666-b676-2943fecad8e5.jpg
11982799063,"Jul 26, 2024, 3:46:55 AM",Love riding over bridges now,Ride,,1421,6.47,,,false,,,activities/11982799063.gpx,,,1421.0,1405.0,6478.4,15.682,4.611,43.6,43.6,8.6,44.5,6.8,-0.1,,,,,,,,,,,,,,,,,,,,,,,0.0,,0.0,,1.0,,,,,,,,,,,,,,,,,,,,,,,,,,,0.0,4.559,0.0,,,,,,,,,,,,,,,,,,,,,media/7f7ee8b9-d108-4ba0-b3de-b64d8c8adff5.jpg|media/3b021c6d-518e-4400-925a-401e1b620bde.jpg
11974217415,"Jul 25, 2024, 1:47:59 AM",Back to the crib,Ride,,1674,5.41,,,false,,,activities/11974217415.gpx,,,1674.0,1413.0,5418.8,11.651,3.835,35.3,35.3,6.7,44.5,7.2,-0.2,,,,,,,,,,,,,,,,,,,,,,,0.0,,0.0,,1.0,,,,,,,,,,,,,,,,,,,,,,,,,,,0.0,3.237,0.0,,,,,,,,,,,,,,,,,,,,,media/faf688e4-95bb-4820-ae0d-a02301ac68c1.jpg|media/20256f44-8cf2-4a00-ac19-a7fd7302985f.jpg|media/06699c91-9ee3-45d8-8876-fab0bc6e5a41.jpg
11974014491,"Jul 25, 2024, 1:04:11 AM",Post BBQ,Walk,"",1559,1.92,,,false,,,activities/11974014491.gpx,,,1559.0,1348.0,1919.4,5.55,1.424,7.9,0.0,2.4,10.3,5.4,0.4,,,,,,,,,,,,,,,,,,,,,,,0.0,,0.0,,1.0,,,,,,,,,,,,,,,,,,,,,,,,,,,0.0,1.231,0.0,,,,,,,,,,,,,,,,,,,,,media/204aab65-34b0-4490-a699-d0e5e4ae4b9a.jpg|media/a1e1eb8a-03eb-4fae-8ff5-d432e1be1d38.jpg
11949095047,"Jul 20, 2024, 1:25:47 PM",Afternoon Walk,Walk,,1934,1.78,101.0,3,false,,,activities/12740251772.fit.gz,,,1934.0,1484.0,1780.4,2.085,1.2,16.0,3.0,7.0,21.4,49.4,0.8,,,73.0,49.0,101.0,90.0,,,142.0,,,3.0,,,,,,,,,,,,,0.0,,1.0,,,,,,,,,,,,,,,,,,,,,,,,,,,0.0,0.921,0.0,,,,2368.0,,,,,,,,,,,,,,,,,""
11915101387,"Jul 17, 2024, 9:35:35 PM",Night E-Bike Ride,E-Bike Ride,,2598,5.46,105.0,3,false,,,activities/12704884646.fit.gz,,,2598.0,2123.0,5461.5,9.04,2.573,39.0,18.0,30.0,59.4,47.5,0.4,,,,,105.0,79.0,,,114.0,,,3.0,,,,,,,,,,,,,0.0,,1.0,,,,,,,,,,,,,,,,,,,,,,,,,,,0.0,2.102,0.0,,,,,,,,,,,,,,,,,,,,,""
11915101360,"Jul 17, 2024, 8:56:33 PM",Night Walk,Walk,,2315,1.06,110.0,1,false,,,activities/12704884528.fit.gz,,,2315.0,901.0,1067.7,2.206,1.185,7.0,2.0,28.0,35.6,8.2,-0.3,,,57.0,51.0,110.0,83.0,,,94.0,,,1.0,,,,,,,,,,,,,0.0,,1.0,,,,,,,,,,,,,,,,,,,,,,,,,,,0.0,0.461,233.5,,,,1450.0,,,,,,,,,,,,,,,,,""
11915097168,"Jul 17, 2024, 4:33:03 PM",Evening E-Bike Ride,E-Bike Ride,,1072,3.76,98.0,1,false,,,activities/12704880195.fit.gz,,,1072.0,920.0,3761.9,7.208,4.089,5.0,4.0,22.4,27.6,6.5,0.0,,,,,98.0,80.0,,,56.0,,,1.0,,,,,,,,,,,,,0.0,,1.0,,,,,,,,,,,,,,,,,,,,,,,,,,,0.0,3.509,0.0,,,,,,,,,,,,,,,,,,,,,""
11902882483,"Jul 16, 2024, 9:00:32 AM",Lunch Walk,Walk,,10517,3.59,102.0,5,false,,,activities/12692271940.fit.gz,,,10517.0,3653.0,3595.0,2.937,0.984,35.0,102.0,191.4,323.4,43.7,-3.4,,,78.0,50.0,102.0,74.0,,,283.0,,,5.0,,,,,,,,,,,,,0.0,,1.0,,,,,,,,,,,,,,,,,,,,,,,,,,,0.0,0.342,347.6,,,,4006.0,,,,,,,,,,,,,,,,,""
11897415012,"Jul 15, 2024, 8:32:11 PM",Night Walk,Walk,,3319,3.24,119.0,4,false,,,activities/12686610599.fit.gz,,,3319.0,2607.0,3240.4,4.81,1.243,48.0,42.0,196.2,231.0,48.6,0.2,,,77.0,49.0,119.0,82.0,,,245.0,,,4.0,,,,,,,,,,,,,0.0,,1.0,,,,,,,,,,,,,,,,,,,,,,,,,,,0.0,0.976,156.8,,,,4068.0,,,,,,,,,,,,,,,,,""
11894440649,"Jul 15, 2024, 2:40:33 PM",Afternoon Walk,Walk,,153,0.20,129.0,0,false,,,activities/12683550251.fit.gz,,,153.0,153.0,199.4,3.694,1.303,21.0,0.0,258.2,279.4,27.6,10.0,,,56.0,52.0,129.0,118.0,,,22.0,,,0.0,,,,,,,,,,,,,0.0,,1.0,,,,,,,,,,,,,,,,,,,,,,,,,,,0.0,1.303,199.4,,,,258.0,,,,,,,,,,,,,,,,,""
11889486341,"Jul 14, 2024, 7:59:05 PM",Night E-Bike Ride,E-Bike Ride,,909,3.11,116.0,1,false,,,activities/12678383791.fit.gz,,,909.0,691.0,3117.9,9.48,4.512,67.0,30.0,200.0,241.8,15.1,1.2,,,,,116.0,96.0,,,75.0,,,1.0,,,,,,,,,,,,,0.0,,1.0,,,,,,,,,,,,,,,,,,,,,,,,,,,0.0,3.43,7.3,,,,,,,,,,,,,,,,,,,,,""
11873838444,"Jul 12, 2024, 3:08:04 PM",Afternoon Walk,Walk,,4198,2.52,103.0,2,false,,,activities/12662135069.fit.gz,,,4198.0,1810.0,2526.3,11.351,1.396,19.0,19.0,102.6,119.0,46.9,0.3,,,73.0,49.0,103.0,80.0,,,202.0,,,2.0,,,,,,,,,,,,,0.0,,1.0,,,,,,,,,,,,,,,,,,,,,,,,,,,0.0,0.602,206.1,,,,2664.0,,,,,,,,,,,,,,,,,""
11862273618,"Jul 11, 2024, 11:47:37 AM",Afternoon Walk,Walk,,5927,3.29,123.0,5,false,,,activities/12650168267.fit.gz,,,5927.0,2603.0,3291.0,6.27,1.264,59.0,43.0,110.0,136.8,43.6,0.7,,,106.0,51.0,123.0,93.0,,,243.0,,,5.0,,,,,,,,,,,,,0.0,,1.0,,,,,,,,,,,,,,,,,,,,,,,,,,,0.0,0.555,38.3,,,,4294.0,,,,,,,,,,,,,,,,,""
11850944430,"Jul 10, 2024, 2:18:12 AM",Night Weight Training,Weight Training,,2176,0,175.0,17,false,,,activities/12638441989.fit.gz,,,2176.0,2176.0,0.0,0.0,0.0,0.0,0.0,0.0,0.0,0.0,0.0,,,,,175.0,123.0,,,293.0,,,17.0,,,,,,,,,,,,,0.0,,1.0,,,,,,,,,,,,,,,,,,,,,,,,,,,0.0,0.0,0.0,,,,,,,,,,,12.0,,,,,,,,,,""
11842599293,"Jul 9, 2024, 2:23:56 AM",Night Weight Training,Weight Training,,2117,0,178.0,24,false,,,activities/12629855828.fit.gz,,,2117.0,2117.0,0.0,0.0,0.0,0.0,0.0,0.0,0.0,0.0,0.0,,,,,178.0,134.0,,,341.0,,,24.0,,,,,,,,,,,,,0.0,,1.0,,,,,,,,,,,,,,,,,,,,,,,,,,,0.0,0.0,0.0,,,,,,,,,,,,,,,,,,,,,""
11833876673,"Jul 7, 2024, 10:05:48 PM",Afternoon Tennis,Workout,"3-6 0-2
To be continued ",3779,0.85,173.0,16,false,"",,activities/12620841237.fit.gz,,,3779.0,3779.0,851.1,2.581,0.225,0.0,0.0,0.0,0.0,0.0,0.0,,,123.0,58.0,173.0,118.0,,,467.0,,,16.0,,,,,,,,,,,0.0,,0.0,,1.0,,,,,,,,,,,,,,,,,,,,,,,,,,,0.0,0.225,0.0,,,,,,,,,,,,,,,,,,,,,""
11826153911,"Jul 6, 2024, 11:14:20 PM",Evening Swim,Swim,"went to the pool late so i was speeding up, hoping to see if i can finish my swim before it closes ",2783,"1,800",190.0,71,false,"",,activities/12612850795.fit.gz,,,2783.0,2773.0,1800.0,1.042,0.649,0.0,0.0,0.0,0.0,0.0,0.0,,,,18.0,190.0,143.0,,,525.0,,,71.0,,,,,,7.0,,,,,,88.0,0.0,,1.0,,,,,,,,,,,,,,,,,,,,,,,,,,,0.0,0.647,0.0,,,,,,,,,,,,,,,,,,,,,""
11803329624,"Jul 4, 2024, 2:19:02 AM",Night Weight Training,Weight Training,,2297,0,178.0,22,false,,,activities/12589230469.fit.gz,,,2297.0,2297.0,0.0,0.0,0.0,0.0,0.0,0.0,0.0,0.0,0.0,,,,,178.0,132.0,,,357.0,,,22.0,,,,,,,,,,,,,0.0,,1.0,,,,,,,,,,,,,,,,,,,,,,,,,,,0.0,0.0,0.0,,,,,,,,,,,,,,,,,,,,,""
11794662691,"Jul 2, 2024, 11:30:10 PM",Evening Run,Run,"",2999,8.11,173.0,61,false,"",Brooks Ghost 14,activities/12580298162.fit.gz,,,2999.0,2647.0,8117.6,5.982,3.067,26.0,25.0,177.6,186.2,18.8,0.0,,,84.0,79.0,173.0,150.0,,352.0,645.0,,,61.0,934491.0,,,,,4.0,,,340.0,3000.0,,29.0,0.0,,1.0,8262.4,,,,,,,,,,,,,,,,15683006.0,,,,,,,,,,0.0,2.707,0.0,,,,7058.0,,,,,3.121,,,,,,,,,,,,""
11786860461,"Jul 2, 2024, 2:26:25 AM",Night Weight Training,Weight Training,,1620,0,175.0,18,false,,,activities/12572268598.fit.gz,,,1620.0,1620.0,0.0,0.0,0.0,0.0,0.0,0.0,0.0,0.0,0.0,,,,,175.0,132.0,,,251.0,,,18.0,,,,,,,,,,,,,0.0,,1.0,,,,,,,,,,,,,,,,,,,,,,,,,,,0.0,0.0,0.0,,,,,,,,,,,,,,,,,,,,,""
11776495010,"Jun 30, 2024, 2:30:30 PM",Morning Tennis,Workout,"6-3 3-6 7-0
[strava://athletes/18720631/15]Harrison Powell managed to read my serve better in the second set so i had to bring all the heat in the tie break",5579,2.89,151.0,10,false,"",,activities/12561579189.fit.gz,,,5579.0,3581.0,2897.9,2.507,0.809,0.0,0.0,178.1,178.2,3.4,0.0,,,123.0,58.0,151.0,104.0,,,507.0,,,10.0,,,,,,6.0,,,,,,94.0,0.0,,1.0,,,,,,,,,,,,,,,,,,,,,,,,,,,0.0,0.519,0.0,,,,,,,,,,,,,,,,,,,,,""
11759238773,"Jun 28, 2024, 11:38:53 AM",Morning Trail Run,Run,"of all the run clubs ive been, this might have been the hardest meetup spots to get to. And doing leg workout the night before definitely didn't help either  ",3032,8.36,163.0,71,false,"",Brooks Ghost 14,activities/12543726154.fit.gz,,,3032.0,2942.0,8364.8,3.396,2.843,20.0,13.0,177.0,188.8,12.7,0.1,,,82.0,79.0,163.0,151.0,,343.0,672.0,,,71.0,998477.0,,,,,,,,339.0,3030.0,,,0.0,,1.0,8434.7,,,,,,,,,,,,,,,,15683006.0,,,,,,,,,,0.0,2.759,0.0,,,,7704.0,,,,,2.867,,,,,,,,,,,,""
11715483643,"Jun 22, 2024, 9:51:53 PM",Afternoon Ride,Ride,,2280,5.65,148.0,11,false,,,activities/12498777580.fit.gz,,,2280.0,1336.0,5649.3,21.634,4.229,142.0,44.0,197.8,302.0,49.7,1.6,,,,,148.0,132.0,,,287.0,,,11.0,,,,,,,,,,,,,0.0,,1.0,,,,,,,,,,,,,,,,,,,,,,,,,,,0.0,2.478,48.7,,,,,,,,,,,,,,,,,,,,,""
11712674499,"Jun 22, 2024, 1:50:13 PM",Morning Run,Run,was going join chicago run collective but was too tired/hungover to wake up in time. Turned out i caught up with them anyways but didn't finish with them because i have no idea how they are going to run before we split. Also the water is still cold af so idk why people are already jumping left and right over the last few weeks ,3050,9.68,174.0,108,false,"",Brooks Ghost 14,activities/12495881182.fit.gz,,,3050.0,3019.0,9682.8,5.052,3.207,45.0,42.0,179.4,191.8,19.2,0.0,,,83.0,79.0,174.0,162.0,,373.0,744.0,,,108.0,1126512.0,,,,,6.0,,,375.0,3050.0,,79.0,0.0,,1.0,9855.1,,,,,,,,,,,,,,,,15683006.0,,,,,,,,,,0.0,3.175,0.0,,,,7926.0,,,,,3.264,,,,,,,,,,,,""
11708836641,"Jun 22, 2024, 4:21:05 AM",Night Ride,Ride,"",572,1.98,123.0,1,false,,,activities/12491923489.fit.gz,,,572.0,553.0,1984.8,5.462,3.589,4.0,3.0,185.6,189.4,5.9,0.0,,,,,123.0,115.0,,,79.0,,,1.0,,,,,,,,,,,0.0,,0.0,,1.0,,,,,,,,,,,,,,,,,,,,,,,,,,,0.0,3.47,0.0,,,,,,,,,,,,,,,,,,,,,media/c0b86a75-0962-403d-8e99-1761dffa31b8.jpg
11701847594,"Jun 21, 2024, 2:18:42 AM",Night Weight Training,Weight Training,,2520,0,176.0,20,false,,,activities/12484714616.fit.gz,,,2520.0,2520.0,0.0,0.0,0.0,0.0,0.0,0.0,0.0,0.0,0.0,,,,,176.0,118.0,,,310.0,,,20.0,,,,,,,,,,,,,0.0,,1.0,,,,,,,,,,,,,,,,,,,,,,,,,,,0.0,0.0,0.0,,,,,,,,,,,,,,,,,,,,,""
11693513339,"Jun 19, 2024, 10:39:26 PM",Afternoon Run,Run,"",3167,9.80,186.0,166,false,"",Brooks Ghost 14,activities/12476137516.fit.gz,,,3167.0,3164.0,9804.5,4.886,3.099,17.0,19.0,178.8,187.6,8.0,0.0,,,117.0,77.0,186.0,173.0,,358.0,797.0,,,166.0,1133895.0,,,,,8.0,,,360.0,3168.0,,136.0,0.0,,1.0,9856.4,,,,,,,,,,,,,,,,15683006.0,,,,,,,,,,0.0,3.096,0.0,,,,8166.0,,,,,3.115,,,,,,,,,,,,""
11685903768,"Jun 19, 2024, 1:33:41 AM",Evening Ride,Ride,,1337,5.86,159.0,19,false,,,activities/12468307428.fit.gz,,,1337.0,1230.0,5859.1,7.708,4.764,26.0,39.0,184.0,199.8,8.7,-0.2,,,,,159.0,142.0,,,279.0,,,19.0,,,,,,,,,,,,,0.0,,1.0,,,,,,,,,,,,,,,,,,,,,,,,,,,0.0,4.382,0.0,,,,,,,,,,,,,,,,,,,,,""
11685081270,"Jun 18, 2024, 10:44:47 PM",Afternoon Ride,Ride,,1161,5.66,164.0,12,false,,,activities/12467464330.fit.gz,,,1161.0,1065.0,5666.6,9.107,5.321,49.0,51.0,185.4,198.2,26.6,0.0,,,,,164.0,128.0,,,202.0,,,12.0,,,,,,,,,,,,,0.0,,1.0,,,,,,,,,,,,,,,,,,,,,,,,,,,0.0,4.881,0.0,,,,,,,,,,,,,,,,,,,,,""
11677237719,"Jun 17, 2024, 11:09:33 PM",Evening Run,Run,"intentionally ran today knowing today is the hottest day of the week. Well, let's say i requested and today the weather ...um... delivered? firehosed? tsunamied? idk if these are even words 
Also now that I officially has one hole on each shoe, i need shoe rec. Currently Im looking at saucony endorphin speed 3 and Fresh Foam X More v4",3712,11.31,195.0,221,false,"",Brooks Ghost 14,activities/12459402658.fit.gz,,,3712.0,3585.0,11317.3,8.906,3.157,28.0,32.0,125.6,190.8,41.3,0.0,,,115.0,76.0,195.0,179.0,,364.0,992.0,,,221.0,1308932.0,,,,,10.0,,,373.0,3713.0,0.0,219.0,0.0,,1.0,11434.2,,,,,,,,,,,,,,,,15683006.0,,,,,,,,,,0.0,3.049,0.0,,,,9160.0,,,,,3.189,,,,,,,,,,,,media/e1de2548-e47e-4274-953f-42bb22cf78df.jpg|media/2296d974-df9f-4b52-9fff-5c06f94f72ad.mp4
11668382353,"Jun 16, 2024, 5:27:45 PM",Lunch Swim,Swim,,3431,"2,000",189.0,70,false,,,activities/12450279793.fit.gz,,,3431.0,3378.0,2000.0,2.084,0.592,0.0,0.0,0.0,0.0,0.0,0.0,,,,14.0,189.0,139.0,,,580.0,,,70.0,,,,,,,,,,,,,0.0,,1.0,,,,,,,,,,,,,,,,,,,,,,,,,,,0.0,0.583,0.0,,,,,,,,,,,,,,,,,,,,,""
11667834363,"Jun 15, 2024, 9:55:15 PM",Afternoon Row,Rowing,,150,0,114.0,0,false,,,activities/12449708109.fit.gz,,,150.0,150.0,0.0,0.0,0.0,0.0,0.0,0.0,0.0,0.0,0.0,,,26.0,14.0,114.0,88.0,,,12.0,,,0.0,,,,,,,,,,,,,0.0,,1.0,,,,,,,,,,,,,,,,,,,,,,,,,,,0.0,0.0,0.0,,,,,,,,,,,,,,,,,,,,,""
11661096588,"Jun 15, 2024, 9:26:09 PM",Afternoon Walk,Walk,,102,0.75,81.0,0,false,,,activities/12442734152.fit.gz,,,102.0,102.0,754.0,14.726,7.393,36.0,24.0,212.2,239.4,49.8,1.4,,,114.0,70.0,81.0,73.0,,,11.0,,,0.0,,,,,,,,,,,,,0.0,,1.0,,,,,,,,,,,,,,,,,,,,,,,,,,,0.0,7.393,0.0,,,,88.0,,,,,,,,,,,,,,,,,""
11653781308,"Jun 14, 2024, 11:10:16 PM",Evening Tennis,Workout,Came down to the wire to win 7-6(7-3),1762,1.45,173.0,9,false,,,activities/12435179981.fit.gz,,,1762.0,1571.0,1451.2,3.304,0.924,0.0,0.0,180.3,180.5,2.5,0.0,,,123.0,64.0,173.0,128.0,,,292.0,,,9.0,,,,,,,,,,,0.0,,0.0,,1.0,,,,,,,,,,,,,,,,,,,,,,,,,,,0.0,0.824,0.0,,,,,,,,,,,,,,,,,,,,,""
11647811042,"Jun 14, 2024, 2:32:57 AM",Night Tennis,Workout,,3672,2.67,172.0,11,false,,,activities/12429024308.fit.gz,,,3672.0,2927.0,2672.6,4.346,0.913,0.0,0.0,178.6,179.1,2.6,0.0,,,120.0,60.0,172.0,118.0,,,452.0,,,11.0,,,,,,,,,,,,,0.0,,1.0,,,,,,,,,,,,,,,,,,,,,,,,,,,0.0,0.728,0.0,,,,,,,,,,,,,,,,,,,,,""
11639466741,"Jun 13, 2024, 12:08:43 AM",Evening Ride,Ride,,639,3.10,140.0,4,false,,,activities/12420459830.fit.gz,,,639.0,620.0,3106.7,7.222,5.011,19.0,20.0,176.2,185.0,14.4,-0.1,,,,,140.0,131.0,,,121.0,,,4.0,,,,,,,,,,,,,0.0,,1.0,,,,,,,,,,,,,,,,,,,,,,,,,,,0.0,4.862,0.0,,,,,,,,,,,,,,,,,,,,,""
11631433143,"Jun 11, 2024, 11:23:55 PM",Evening Run,Run,sprained my left ankle just one block away from the meetup point and still put up with this pace. Those yoga really paid off.  ,3420,8.09,166.0,52,false,"",Brooks Ghost 14,activities/12412215048.fit.gz,,,3420.0,2759.0,8089.2,13.449,2.932,21.0,21.0,181.0,201.6,13.8,-0.1,,,120.0,80.0,166.0,148.0,,340.0,615.0,,,52.0,919166.0,,,,,5.0,,,331.0,2968.0,,49.0,0.0,,1.0,8156.3,,,,,,,,,,,,,,,,15683006.0,,,,,,,,,,0.0,2.365,0.0,,,,7206.0,,,,,2.956,,,,,,,,,,,,""
11623747027,"Jun 11, 2024, 2:40:50 AM",Night Weight Training,Weight Training,,2394,0,184.0,21,false,,,activities/12404321125.fit.gz,,,2394.0,2394.0,0.0,0.0,0.0,0.0,0.0,0.0,0.0,0.0,0.0,,,,,184.0,132.0,,,387.0,,,21.0,,,,,,,,,,,,,0.0,,1.0,,,,,,,,,,,,,,,,,,,,,,,,,,,0.0,0.0,0.0,,,,,,,,,,,,,,,,,,,,,""
11612271499,"Jun 9, 2024, 1:20:19 PM",Morning Ride,Ride,,1484,6.98,161.0,24,false,,,activities/12392510903.fit.gz,,,1484.0,1326.0,6988.6,9.077,5.27,31.0,26.0,177.8,186.8,22.6,0.1,,,,,161.0,146.0,,,315.0,,,24.0,,,,,,,,,,,,,0.0,,1.0,,,,,,,,,,,,,,,,,,,,,,,,,,,0.0,4.709,0.0,,,,,,,,,,,,,,,,,,,,,""
11607854288,"Jun 9, 2024, 1:07:57 AM",Evening Ride,Ride,,2239,3.67,150.0,4,false,,,activities/12387939328.fit.gz,,,2239.0,821.0,3670.6,8.718,4.471,37.0,30.0,174.6,194.0,42.9,0.4,,,,,150.0,126.0,,,145.0,,,4.0,,,,,,,,,,,,,0.0,,1.0,,,,,,,,,,,,,,,,,,,,,,,,,,,0.0,1.639,10.6,,,,,,,,,,,,,,,,,,,,,""
11605782568,"Jun 8, 2024, 4:52:46 PM",Lunch Swim,Swim,,3503,"2,000",173.0,71,false,,,activities/12385792647.fit.gz,,,3503.0,3413.0,2000.0,1.924,0.586,0.0,0.0,0.0,0.0,0.0,0.0,,,,16.0,173.0,139.0,,,594.0,,,71.0,,,,,,,,,,,,,0.0,,1.0,,,,,,,,,,,,,,,,,,,,,,,,,,,0.0,0.571,0.0,,,,,,,,,,,,,,,,,,,,,""
11592174614,"Jun 6, 2024, 11:32:03 PM",Evening Run,Run,,2283,7.34,170.0,69,false,,,activities/12371779034.fit.gz,,,2283.0,2259.0,7342.4,4.828,3.25,30.0,29.0,179.2,188.4,14.8,0.0,,,83.0,79.0,170.0,158.0,,385.0,558.0,,,69.0,870585.0,,,,,,,,386.0,2284.0,,,0.0,,1.0,7479.7,,,,,,,,,,,,,,,,,,,,,,,,,,0.0,3.216,0.0,,,,5948.0,,,,,3.311,,,,,,,,,,,,""
11575860283,"Jun 4, 2024, 11:25:16 PM",Evening Run,Run,,3225,8.05,175.0,76,false,,,activities/12355055846.fit.gz,,,3225.0,2784.0,8056.9,7.958,2.894,17.0,28.0,179.2,194.6,19.3,-0.1,,,83.0,78.0,175.0,154.0,,331.0,690.0,,,76.0,934333.0,,,,,,,,322.0,3226.0,,,0.0,,1.0,8146.8,,,,,,,,,,,,,,,,,,,,,,,,,,0.0,2.498,0.0,,,,7444.0,,,525.0,242.0,2.926,,,,,,,,,,,,""
11567610951,"Jun 3, 2024, 11:46:38 PM",Evening Run,Run,"according to garmin, i only ran on 4hr49min sleep today, after leaving alesso afters this morning at 3am in radius and being forced to wake up by 9 because the sun was too bright for my blinds and my future. ",3596,11.70,184.0,186,false,"",Brooks Ghost 14,activities/12346583052.fit.gz,,,3596.0,3558.0,11700.7,5.198,3.289,23.0,26.0,182.4,193.8,9.6,0.0,,,82.0,78.0,184.0,171.0,,378.0,924.0,,,186.0,1343725.0,,,,,5.0,,,382.0,3597.0,,64.0,0.0,,1.0,11756.1,,,,,,,,,,,,,,,,15683006.0,,,,,,,,,,0.0,3.254,0.0,,,,9182.0,,,823.0,287.0,3.304,,,,,,,,,,,,""
11550400759,"Jun 1, 2024, 6:19:01 PM",Afternoon Swim,Swim,,4397,"2,025",199.0,72,false,,,activities/12328841816.fit.gz,,,4397.0,3581.0,2025.0,1.09,0.565,0.0,0.0,0.0,0.0,0.0,0.0,,,,15.0,199.0,138.0,,,613.0,,,72.0,,,,,,,,,,,,,0.0,,1.0,,,,,,,,,,,,,,,,,,,,,,,,,,,0.0,0.461,0.0,,,,,,,,,,,,,,,,,,,,,""
11544150229,"Jun 1, 2024, 2:50:04 AM",Night Ride,Ride,[strava://athletes/61219895/10]Lukas Eade  wants me to hurry up and I delivered w,534,2.38,155.0,4,false,,,activities/12322395609.fit.gz,,,534.0,475.0,2382.2,7.544,5.015,13.0,10.0,176.0,184.2,16.5,0.1,,,,,155.0,133.0,,,101.0,,,4.0,,,,,,,,,,,0.0,,0.0,,1.0,,,,,,,,,,,,,,,,,,,,,,,,,,,0.0,4.461,0.0,,,,,,,,,,,,,,,,,,,,,""
11537390911,"May 31, 2024, 3:10:31 AM",Night Weight Training,Weight Training,,1758,0,176.0,18,false,,,activities/12315431003.fit.gz,,,1758.0,1758.0,0.0,0.0,0.0,0.0,0.0,0.0,0.0,0.0,0.0,,,,,176.0,130.0,,,264.0,,,18.0,,,,,,,,,,,,,0.0,,1.0,,,,,,,,,,,,,,,,,,,,,,,,,,,0.0,0.0,0.0,,,,,,,,,,,,,,,,,,,,,""
11521068655,"May 28, 2024, 11:28:49 PM",Evening Run,Run,learning to love running in the rain ,3146,7.34,171.0,43,false,"",Brooks Ghost 14,activities/12298633917.fit.gz,,,3146.0,2572.0,7344.8,5.924,2.856,38.0,26.0,170.8,215.8,13.5,-0.4,,,110.0,79.0,171.0,146.0,,341.0,567.0,,,43.0,868855.0,,,,,,,,333.0,2789.0,,,0.0,,1.0,7481.7,,,,,,,,,,,,,,,,15683006.0,,,,,,,,,,0.0,2.335,0.0,,,,6678.0,,,484.0,250.0,2.909,,,,,,,,,,,,""
11512886484,"May 27, 2024, 9:35:42 PM",Afternoon Tennis,Workout,The rain was a paid actor to get us into the court sooner ,4104,2.23,159.0,10,false,,,activities/12290192647.fit.gz,,,4104.0,2625.0,2234.9,3.223,0.851,0.0,0.0,180.3,180.5,2.0,0.0,,,123.0,60.0,159.0,118.0,,,498.0,,,10.0,,,,,,,,,,,0.0,,0.0,,1.0,,,,,,,,,,,,,,,,,,,,,,,,,,,0.0,0.545,0.0,,,,,,,,,,,,,,,,,,,,,""
11506426786,"May 27, 2024, 3:18:48 AM",Night Ride,Ride,,1625,6.70,154.0,9,false,,,activities/12283540242.fit.gz,,,1625.0,1465.0,6700.7,9.523,4.574,25.0,17.0,182.0,195.0,13.7,0.1,,,,,154.0,128.0,,,267.0,,,9.0,,,,,,,,,,,,,0.0,,1.0,,,,,,,,,,,,,,,,,,,,,,,,,,,0.0,4.123,75.2,,,,,,,,,,,,,,,,,,,,,""
11505638083,"May 26, 2024, 10:20:21 PM",Afternoon Ride,Ride,,688,3.75,153.0,6,false,,,activities/12282715664.fit.gz,,,688.0,688.0,3749.8,7.462,5.45,24.0,23.0,179.4,187.4,9.4,0.0,,,,,153.0,135.0,,,137.0,,,6.0,,,,,,,,,,,,,0.0,,1.0,,,,,,,,,,,,,,,,,,,,,,,,,,,0.0,5.45,0.0,,,,,,,,,,,,,,,,,,,,,""
11505132525,"May 26, 2024, 7:54:27 PM",Afternoon Ride,Ride,,1356,6.53,153.0,14,false,,,activities/12282192879.fit.gz,,,1356.0,1284.0,6537.2,11.802,5.091,47.0,54.0,181.8,204.6,24.1,-0.2,,,,,153.0,137.0,,,259.0,,,14.0,,,,,,,,,,,,,0.0,,1.0,,,,,,,,,,,,,,,,,,,,,,,,,,,0.0,4.821,0.0,,,,,,,,,,,,,,,,,,,,,""
11497703074,"May 25, 2024, 11:07:02 PM",Evening Tennis- call it a comeback,Workout,"My serves kicked in during the second set after watching sinner serving practice at Roland garros video. [strava://athletes/18720631/15]Harrison Powell just couldn't handle the heat 
3-6 6-0 11-3",4639,2.68,166.0,15,false,,,activities/12274521887.fit.gz,,,4639.0,3402.0,2685.4,2.865,0.789,0.0,0.0,179.9,180.1,1.7,0.0,,,123.0,62.0,166.0,119.0,,,554.0,,,15.0,,,,,,,,,,,0.0,,0.0,,1.0,,,,,,,,,,,,,,,,,,,,,,,,,,,0.0,0.579,0.0,,,,,,,,,,,,,,,,,,,,,media/ae58b73c-f955-472a-bbfb-9029c37f2461.jpg
11496162449,"May 25, 2024, 5:13:46 PM",Lunch Swim,Swim,"really pushed myself today trying to keep up with this girl swim in the lane next to mine. She might be a former collegiate swimmer for penn state since she wore a penn state cap. I only say that because no matter how hard i tried I was nowhere close to catching her up. On top of that, she was doing with ease, at least from my perspective.",4164,"2,025",179.0,89,false,"",,activities/12272926498.fit.gz,,,4164.0,3367.0,2025.0,1.316,0.601,0.0,0.0,0.0,0.0,0.0,0.0,,,,15.0,179.0,139.0,,,595.0,,,89.0,,,,,,9.0,,,,,,168.0,0.0,,1.0,,,,,,,,,,,,,,,,,,,,,,,,,,,0.0,0.486,0.0,,,,,,,,,,,,,,,,,,,,,""
11482935436,"May 23, 2024, 11:38:31 PM",Evening Tennis,Workout,"Ok maybe it's not the sun, maybe I just suddenly suck at serving....or it could be the northern lights? 
Frankly can't remember the last time I got 0-6 3-6",2992,2.30,177.0,29,false,,,activities/12259262958.fit.gz,,,2992.0,2499.0,2303.7,2.939,0.922,0.0,0.0,178.3,178.5,2.2,0.0,,,123.0,63.0,177.0,139.0,,,543.0,,,29.0,,,,,,,,,,,0.0,,0.0,,1.0,,,,,,,,,,,,,,,,,,,,,,,,,,,0.0,0.77,0.0,,,,,,,,,,,,,,,,,,,,,""
11475222184,"May 22, 2024, 11:15:39 PM",Evening Tennis,Workout,,3464,2.03,174.0,12,false,,,activities/12251322158.fit.gz,,,3464.0,2276.0,2039.0,4.42,0.896,0.0,0.0,178.5,178.9,3.4,0.0,,,119.0,66.0,174.0,124.0,,,462.0,,,12.0,,,,,,,,,,,,,0.0,,1.0,,,,,,,,,,,,,,,,,,,,,,,,,,,0.0,0.589,0.0,,,,,,,,,,,,,,,,,,,,,""
11467422217,"May 21, 2024, 11:23:13 PM",Evening Ride,Ride,,911,3.15,134.0,2,false,,,activities/12243317673.fit.gz,,,911.0,782.0,3155.6,6.931,4.035,29.0,26.0,176.4,190.0,41.5,0.2,,,,,134.0,116.0,,,129.0,,,2.0,,,,,,,,,,,,,0.0,,1.0,,,,,,,,,,,,,,,,,,,,,,,,,,,0.0,3.464,0.0,,,,,,,,,,,,,,,,,,,,,""
11460227691,"May 21, 2024, 2:36:05 AM",Night Weight Training,Weight Training,,2403,0,178.0,25,false,,,activities/12235929962.fit.gz,,,2403.0,2403.0,0.0,0.0,0.0,0.0,0.0,0.0,0.0,0.0,0.0,,,,,178.0,132.0,,,363.0,,,25.0,,,,,,,,,,,,,0.0,,1.0,,,,,,,,,,,,,,,,,,,,,,,,,,,0.0,0.0,0.0,,,,,,,,,,,,,,,,,,,,,""
11449664456,"May 19, 2024, 3:40:03 PM",Morning Tennis,Workout,Can't serve for s***. Sun was brighter than my future ,5637,2.75,181.0,17,false,,,activities/12225035912.fit.gz,,,5637.0,3591.0,2758.3,2.996,0.768,0.0,0.0,180.1,180.3,3.0,0.0,,,119.0,60.0,181.0,117.0,,,617.0,,,17.0,,,,,,,,,,,0.0,,0.0,,1.0,,,,,,,,,,,,,,,,,,,,,,,,,,,0.0,0.489,0.0,,,,,,,,,,,,,,,,,,,,,""
11442021111,"May 18, 2024, 7:33:50 PM",Afternoon Ride,Ride,[strava://athletes/18720631/15]Harrison Powell first summer day grill ,1079,5.24,148.0,8,false,,,activities/12217126599.fit.gz,,,1079.0,1060.0,5248.2,10.269,4.951,95.0,89.0,171.2,197.8,42.3,0.1,,,,,148.0,133.0,,,202.0,,,8.0,,,,,,,,,,,0.0,,0.0,,1.0,,,,,,,,,,,,,,,,,,,,,,,,,,,0.0,4.864,0.0,,,,,,,,,,,,,,,,,,,,,media/5f355f33-ff33-4676-96a8-76c6b9a5941b.mp4|media/d8bbe03b-a479-4193-86fa-e4a28da0ef8a.mp4
11441558461,"May 18, 2024, 5:20:30 PM",Lunch Swim,Swim,,3393,"2,000",187.0,76,false,,,activities/12216647350.fit.gz,,,3393.0,3293.0,2000.0,1.786,0.607,0.0,0.0,0.0,0.0,0.0,0.0,,,,13.0,187.0,141.0,,,574.0,,,76.0,,,,,,,,,,,,,0.0,,1.0,,,,,,,,,,,,,,,,,,,,,,,,,,,0.0,0.589,0.0,,,,,,,,,,,,,,,,,,,,,""
11428825879,"May 17, 2024, 3:14:55 AM",Night Weight Training,Weight Training,,2150,0,175.0,17,false,,,activities/12203514610.fit.gz,,,2150.0,2150.0,0.0,0.0,0.0,0.0,0.0,0.0,0.0,0.0,0.0,,,,,175.0,126.0,,,327.0,,,17.0,,,,,,,,,,,,,0.0,,1.0,,,,,,,,,,,,,,,,,,,,,,,,,,,0.0,0.0,0.0,,,,,,,,,,,,,,,,,,,,,""
11420940561,"May 16, 2024, 12:02:59 AM",Evening Tennis,Workout,,3626,1.44,140.0,4,false,,,activities/12195405011.fit.gz,,,3626.0,1697.0,1444.5,3.187,0.851,0.0,0.0,183.6,183.9,1.8,0.0,,,120.0,62.0,140.0,100.0,,,297.0,,,4.0,,,,,,,,,,,,,0.0,,1.0,,,,,,,,,,,,,,,,,,,,,,,,,,,0.0,0.398,0.0,,,,,,,,,,,,,,,,,,,,,""
11413020020,"May 14, 2024, 11:46:39 PM",Evening Ride,Ride,,3523,2.85,143.0,4,false,,,activities/12187276240.fit.gz,,,3523.0,810.0,2856.2,6.651,3.526,10.0,5.0,179.0,190.6,32.3,0.2,,,,,143.0,122.0,,,348.0,,,4.0,,,,,,,,,,,,,0.0,,1.0,,,,,,,,,,,,,,,,,,,,,,,,,,,0.0,0.811,0.0,,,,,,,,,,,,,,,,,,,,,""
11412480452,"May 14, 2024, 10:27:17 PM",Afternoon Run,Run,"",2440,8.12,176.0,98,false,"",Brooks Ghost 14,activities/12186723929.fit.gz,,,2440.0,2437.0,8122.4,6.502,3.333,42.0,26.0,177.4,195.4,19.4,0.2,,,116.0,78.0,176.0,164.0,,398.0,608.0,,,98.0,969310.0,,,,,,,,400.0,2444.0,,,0.0,,1.0,8307.8,,,,,,,,,,,,,,,,15683006.0,,,,,,,,,,0.0,3.329,0.0,,,,6342.0,,,614.0,301.0,3.409,,,,,,,,,,,,""
11395416483,"May 12, 2024, 4:08:17 PM",Lunch Tennis,Workout,,3962,2.52,175.0,17,false,,,activities/12169181198.fit.gz,,,3962.0,3218.0,2526.6,2.928,0.785,0.0,0.0,178.2,180.4,2.4,-0.1,,,123.0,60.0,175.0,128.0,,,580.0,,,17.0,,,,,,,,,,,,,0.0,,1.0,,,,,,,,,,,,,,,,,,,,,,,,,,,0.0,0.638,0.0,,,,,,,,,,,,,,,,,,,,,""
11389977217,"May 12, 2024, 5:14:23 AM",Night Ride,Ride,,911,4.33,145.0,5,false,,,activities/12163570748.fit.gz,,,911.0,881.0,4332.4,6.912,4.918,7.0,11.0,185.0,192.2,9.3,-0.1,,,,,145.0,132.0,,,168.0,,,5.0,,,,,,,,,,,,,0.0,,1.0,,,,,,,,,,,,,,,,,,,,,,,,,,,0.0,4.756,0.0,,,,,,,,,,,,,,,,,,,,,""
11389909223,"May 12, 2024, 4:39:52 AM",Night Ride,Ride,,915,3.96,154.0,10,false,,,activities/12163498879.fit.gz,,,915.0,856.0,3964.2,8.53,4.631,27.0,23.0,177.2,186.2,38.8,0.1,,,,,154.0,139.0,,,187.0,,,10.0,,,,,,,,,,,,,0.0,,1.0,,,,,,,,,,,,,,,,,,,,,,,,,,,0.0,4.332,0.0,,,,,,,,,,,,,,,,,,,,,""
11373558046,"May 9, 2024, 11:58:51 PM",Evening Ride,Ride,,795,1.66,136.0,1,false,,,activities/12146622524.fit.gz,,,795.0,336.0,1661.3,9.075,4.944,8.0,3.0,192.6,201.8,23.5,0.3,,,,,136.0,114.0,,,92.0,,,1.0,,,,,,,,,,,,,0.0,,1.0,,,,,,,,,,,,,,,,,,,,,,,,,,,0.0,2.09,0.0,,,,,,,,,,,,,,,,,,,,,""
11365393029,"May 9, 2024, 12:07:02 AM",Evening Tennis,Workout,,3012,1.56,168.0,7,false,,,activities/12138227754.fit.gz,,,3012.0,2185.0,1560.3,2.02,0.714,0.0,0.0,180.3,180.4,1.0,0.0,,,120.0,60.0,168.0,112.0,,,334.0,,,7.0,,,,,,,,,,,,,0.0,,1.0,,,,,,,,,,,,,,,,,,,,,,,,,,,0.0,0.518,0.0,,,,,,,,,,,,,,,,,,,,,""
11357343494,"May 7, 2024, 11:42:58 PM",Evening Ride,Ride,,1307,2.48,136.0,2,false,,,activities/12129960717.fit.gz,,,1307.0,629.0,2486.3,6.161,3.953,7.0,4.0,179.6,185.0,21.3,0.1,,,,,136.0,123.0,,,158.0,,,2.0,,,,,,,,,,,,,0.0,,1.0,,,,,,,,,,,,,,,,,,,,,,,,,,,0.0,1.902,0.0,,,,,,,,,,,,,,,,,,,,,""
11356977051,"May 7, 2024, 10:38:58 PM",Afternoon Run,Run,"",2607,8.22,186.0,124,false,,Brooks Ghost 14,activities/12129587788.fit.gz,,,2607.0,2434.0,8220.1,5.722,3.377,19.0,16.0,177.2,182.6,19.6,0.0,,,85.0,78.0,186.0,172.0,,401.0,634.0,,,124.0,943932.0,,,,,,,,394.0,2610.0,0.0,,0.0,,1.0,8284.7,,,,,,,,,,,,,,,,15683006.0,,,,,,,,,,0.0,3.153,0.0,,,,6132.0,,,635.0,296.0,3.404,,,,,,,,,,,,media/84f26103-0cb2-4162-a8fe-d576dc7213c8.jpg
11312015765,"May 1, 2024, 11:48:02 PM",Evening Tennis,Workout,"",2469,2.18,148.0,4,false,,,activities/12083372454.fit.gz,,,2469.0,1797.0,2186.8,3.004,1.217,0.0,3.7,181.3,185.3,2.4,-0.1,,,99.0,56.0,148.0,99.0,,,221.0,,,4.0,,,,,,,,,,,0.0,,0.0,,1.0,,,,,,,,,,,,,,,,,,,,,,,,,,,0.0,0.886,0.0,,,,,,,,,,,,,,,,,,,,,media/1e4e968c-f0d0-4733-8868-330d42024231.jpg
11312015814,"Apr 27, 2024, 2:37:13 PM",Morning Run,Run,,2239,6.97,173.0,74,false,,,activities/12083372458.fit.gz,,,2239.0,2164.0,6978.6,8.54,3.225,50.0,60.0,17.4,57.6,15.9,0.0,,,85.0,81.0,173.0,161.0,,374.0,548.0,,,74.0,810289.0,,,,,,,,368.0,2240.0,,,0.0,,1.0,7057.3,,,,,,,,,,,,,,,,,,,,,,,,,,0.0,3.117,0.0,,,,5844.0,,,476.0,277.0,3.261,,,,,,,,,,,,""
11277575574,"Apr 27, 2024, 2:18:59 PM",Morning Run,Run,,3324,10.13,,,false,,,activities/11277575574.fit,,,3324.0,3187.0,10135.7,6.0,3.18,61.2,706.0,12.4,53.2,20.4,0.0,,,,,,,,,,,,,,,,,,,,,,,,,0.0,,1.0,10222.5,,,,,,,,,,,,,,,,,,,,,,,,,,0.0,3.049,0.0,,,,,,,,,3.208,,,,,,,,,,,,""
11312015775,"Apr 26, 2024, 2:47:46 AM",Night Weight Training,Weight Training,,2493,0,175.0,23,false,,,activities/12083372449.fit.gz,,,2493.0,2493.0,0.0,0.0,0.0,0.0,0.0,0.0,0.0,0.0,0.0,,,,,175.0,132.0,,,402.0,,,23.0,,,,,,,,,,,,,0.0,,1.0,,,,,,,,,,,,,,,,,,,,,,,,,,,0.0,0.0,0.0,,,,,,,,,,,,,,,,,,,,,""
11312015815,"Apr 23, 2024, 10:15:38 PM",Afternoon Run,Run,,2716,8.78,176.0,106,false,,,activities/12083372462.fit.gz,,,2716.0,2657.0,8783.5,4.858,3.306,34.0,30.0,177.8,188.4,15.9,0.0,,,83.0,78.0,176.0,164.0,,384.0,666.0,,,106.0,1021340.0,,,,,,,,387.0,2717.0,,,0.0,,1.0,8919.7,,,,,,,,,,,,,,,,,,,,,,,,,,0.0,3.234,0.0,,,,6926.0,,,639.0,291.0,3.357,,,,,,,,,,,,""
11312015752,"Apr 23, 2024, 12:38:02 AM",Evening Tennis,Workout,,1889,0.50,114.0,1,false,,,activities/12083372456.fit.gz,,,1889.0,680.0,502.8,3.712,0.739,0.0,0.0,178.3,180.3,24.1,-0.1,,,118.0,55.0,114.0,82.0,,,103.0,,,1.0,,,,,,,,,,,,,0.0,,1.0,,,,,,,,,,,,,,,,,,,,,,,,,,,0.0,0.266,0.0,,,,,,,,,,,,,,,,,,,,,""
11227651593,"Apr 20, 2024, 11:27:18 PM",Evening Swim,Swim,,3523,"2,000",181.0,64,false,,,activities/11996306707.fit.gz,,,3523.0,3504.0,2000.0,1.786,0.571,0.0,0.0,0.0,0.0,0.0,0.0,,,,14.0,181.0,136.0,,,571.0,,,64.0,,,,,,,,,,,,,0.0,,1.0,,,,,,,,,,,,,,,,,,,,,,,,,,,0.0,0.568,0.0,,,,,,,,,,,,,,,,,,,,,""
11220825105,"Apr 20, 2024, 3:45:36 AM",Night Ride,Ride,,229,0.86,135.0,1,false,,,activities/11989268006.fit.gz,,,229.0,229.0,864.9,6.213,3.777,8.0,7.0,179.0,185.2,30.4,0.0,,,,,135.0,127.0,,,42.0,,,1.0,,,,,,,,,,,,,0.0,,1.0,,,,,,,,,,,,,,,,,,,,,,,,,,,0.0,3.777,0.0,,,,,,,,,,,,,,,,,,,,,""
11219951012,"Apr 19, 2024, 11:23:50 PM",Evening Ride,Ride,,1640,5.12,155.0,8,false,,,activities/11988356338.fit.gz,,,1640.0,1327.0,5125.5,11.563,3.862,36.0,37.0,179.6,189.4,37.1,-0.1,,,,,155.0,123.0,,,227.0,,,8.0,,,,,,,,,,,,,0.0,,1.0,,,,,,,,,,,,,,,,,,,,,,,,,,,0.0,3.125,4.8,,,,,,,,,,,,,,,,,,,,,""
11213336694,"Apr 18, 2024, 10:22:39 PM",Afternoon Run,Run,Glad I missed the rain today when running. Tuesday I ran exactly when the rain was happening and it stopped after i finished,2431,8.05,185.0,86,false,,Brooks Ghost 14,activities/11981555472.fit.gz,,,2431.0,2423.0,8057.4,6.328,3.325,21.0,17.0,188.0,198.8,20.4,0.0,,,108.0,80.0,185.0,161.0,,383.0,600.0,,,86.0,928898.0,,,,,,,,384.0,2432.0,0.0,,0.0,,1.0,8125.6,,,,,,,,,,,,,,,,15683006.0,,,,,,,,,,0.0,3.314,0.0,,,,6460.0,,,563.0,289.0,3.354,,,,,,,,,,,,""
11198556691,"Apr 16, 2024, 9:41:11 PM",Afternoon Run,Run,"",3475,11.56,179.0,108,false,,Brooks Ghost 14,activities/11966409981.fit.gz,,,3475.0,3469.0,11565.6,5.684,3.334,33.0,34.0,170.0,182.2,21.6,0.0,,,114.0,79.0,179.0,159.0,,402.0,841.0,,,108.0,1372649.0,,,,,8.0,,,404.0,3477.0,0.0,149.0,0.0,,1.0,11669.5,,,,,,,,,,,,,,,,15683006.0,,,,,,,,,,0.0,3.328,0.0,,,,8922.0,,,891.0,304.0,3.364,,,,,,,,,,,,""
11182173249,"Apr 14, 2024, 3:17:28 PM",Morning Tennis,Workout,,3689,2.63,171.0,10,false,,,activities/11949592425.fit.gz,,,3689.0,2643.0,2634.7,3.063,0.997,2.7,0.0,178.5,181.4,8.7,0.0,,,92.0,55.0,171.0,116.0,,,439.0,,,10.0,,,,,,,,,,,,,0.0,,1.0,,,,,,,,,,,,,,,,,,,,,,,,,,,0.0,0.714,0.0,,,,,,,,,,,,,,,,,,,,,""
11174728339,"Apr 13, 2024, 6:42:00 PM",Afternoon Ride,Ride,,1233,4.90,138.0,4,false,,,activities/11941857501.fit.gz,,,1233.0,1117.0,4903.9,7.32,4.39,26.0,24.0,178.0,187.4,14.2,0.0,,,,,138.0,123.0,,,72.0,,,4.0,,,,,,,,,,,,,0.0,,1.0,,,,,,,,,,,,,,,,,,,,,,,,,,,0.0,3.977,0.0,,,,,,,,,,,,,,,,,,,,,""
11174728346,"Apr 13, 2024, 6:19:45 PM",Afternoon Run,Run,First 3.2 for 32 in Chicago ft first 606 trail run. Might be the move if I end up moving to wicker Park ,1668,5.19,189.0,46,false,"",Brooks Ghost 14,activities/11941857487.fit.gz,,,1668.0,1068.0,5191.4,7.32,4.861,14.0,16.0,174.6,184.0,35.1,0.1,,,89.0,80.0,189.0,158.0,,304.0,280.0,,,46.0,412107.0,,,,,,,,369.0,1389.0,0.0,,0.0,,1.0,5249.2,,,,,,,,,,,,,,,,15683006.0,,,,,,,,,,0.0,3.112,0.0,,,,2746.0,,,296.0,277.0,4.915,,,,,,,,,,,,""
11174728296,"Apr 13, 2024, 5:55:44 PM",Lunch Ride,Ride,,826,4.17,171.0,19,false,,,activities/11941857425.fit.gz,,,826.0,763.0,4173.9,11.542,5.47,14.0,10.0,170.2,176.6,18.8,0.1,,,,,171.0,152.0,,,189.0,,,19.0,,,,,,,,,,,,,0.0,,1.0,,,,,,,,,,,,,,,,,,,,,,,,,,,0.0,5.053,0.0,,,,,,,,,,,,,,,,,,,,,""
11146029887,"Apr 9, 2024, 11:28:48 PM",Evening Run,Run,,2952,6.87,155.0,24,false,,,activities/11912384648.fit.gz,,,2952.0,2546.0,6869.3,9.706,2.698,11.0,28.0,181.8,202.2,20.3,-0.2,,,115.0,79.0,155.0,137.0,,311.0,516.0,,,24.0,763454.0,,,,,,,,301.0,2750.0,,,0.0,,1.0,6900.6,,,,,,,,,,,,,,,,,,,,,,,,,,0.0,2.327,0.0,,,,6468.0,,,390.0,226.0,2.71,,,,,,,,,,,,""
11130635893,"Apr 7, 2024, 8:36:47 PM",Afternoon Walk,Walk,,877,1.62,123.0,1,false,,,activities/11896555309.fit.gz,,,877.0,780.0,1628.8,9.754,2.088,7.0,57.0,159.8,213.0,9.3,-3.2,,,119.0,59.0,123.0,92.0,,,75.0,,,1.0,,,,,,,,,,,,,0.0,,1.0,,,,,,,,,,,,,,,,,,,,,,,,,,,0.0,1.857,670.5,,,,1224.0,,,,,,,,,,,,,,,,,""
11094602420,"Apr 2, 2024, 11:25:34 PM",Evening Run,Run,,2969,8.16,177.0,101,false,,,activities/11859366406.fit.gz,,,2969.0,2690.0,8167.9,6.52,3.036,24.0,52.0,181.0,215.6,27.0,-0.4,,,115.0,81.0,,164.0,,343.0,632.0,,,101.0,899441.0,,,,,,,,337.0,2884.0,,,0.0,,1.0,8233.0,,,,,,,,,,,,,,,,,,,,,,,,,,0.0,2.751,0.0,,,,6994.0,,,,,,,,,,,,,,,,,""
11071697765,"Mar 30, 2024, 5:40:46 PM",Lunch Swim,Swim,,5269,"2,050",176.0,61,false,,,activities/11834834318.fit.gz,,,5269.0,3438.0,2050.0,1.564,0.596,0.0,0.0,0.0,0.0,0.0,0.0,,,,15.0,,135.0,,,568.0,,,61.0,,,,,,,,,,,,,0.0,,1.0,,,,,,,,,,,,,,,,,,,,,,,,,,,0.0,0.389,0.0,,,,,,,,,,,,,,,,,,,,,""
11045918673,"Mar 26, 2024, 11:26:31 PM",Evening Run,Run,,2777,7.05,166.0,47,false,,,activities/11807554964.fit.gz,,,2777.0,2423.0,7050.6,5.756,2.91,51.0,51.0,176.6,187.6,40.7,0.0,,,121.0,81.0,,147.0,,327.0,556.0,,,47.0,792511.0,,,,,,,,321.0,2778.0,,,0.0,,1.0,7299.4,,,,,,,,,,,,,,,,,,,,,,,,,,0.0,2.539,0.0,,,,6528.0,,,,,,,,,,,,,,,,,""
11028660014,"Mar 24, 2024, 1:39:06 PM",Morning Run,Run,"",2120,8.14,190.0,99,false,"",Brooks Ghost 14,activities/11789377418.fit.gz,,,2120.0,2109.0,8143.5,6.886,3.861,38.0,24.0,180.2,200.8,9.3,0.2,,,93.0,83.0,,168.0,,428.0,554.0,,,99.0,905298.0,,,,,9.0,,,429.0,2121.0,,105.0,0.0,,1.0,8234.3,,,,,,,,,,,,,,,,15683006.0,,,,,,,,,,0.0,3.841,0.0,,,,5848.0,,,,,,,,,,,,,,,,,""
11023340765,"Mar 23, 2024, 5:52:07 PM",Lunch Swim,Swim,,3417,"2,000",173.0,63,false,,,activities/11783869869.fit.gz,,,3417.0,3336.0,2000.0,1.25,0.6,0.0,0.0,0.0,0.0,0.0,0.0,,,,16.0,,136.0,,,553.0,,,63.0,,,,,,,,,,,,,0.0,,1.0,,,,,,,,,,,,,,,,,,,,,,,,,,,0.0,0.585,0.0,,,,,,,,,,,,,,,,,,,,,""
10982744314,"Mar 17, 2024, 9:27:07 PM",Afternoon Swim,Swim,,3496,"2,000",169.0,42,false,,,activities/11741905481.fit.gz,,,3496.0,3481.0,2000.0,2.084,0.575,0.0,0.0,0.0,0.0,0.0,0.0,,,,15.0,,128.0,,,500.0,,,42.0,,,,,,,,,,,,,0.0,,1.0,,,,,,,,,,,,,,,,,,,,,,,,,,,0.0,0.572,0.0,,,,,,,,,,,,,,,,,,,,,""
10983441254,"Mar 12, 2024, 11:37:56 PM",Evening Run,Run,,2376,6.92,,,false,,,activities/10983441254.fit,,,2376.0,2368.0,6928.4,4.572,2.926,26.0,29.0,176.0,183.4,28.7,0.0,,,,,,,,,,,,,,,,,,,,,,,,,0.0,,1.0,7429.5,,,,,,,,,,,,,,,,,,,,,,,,,,0.0,2.916,0.0,,,,,,,,,,,,,,,,,,,,,""
10947403810,"Mar 12, 2024, 11:27:50 PM",Evening Run,Run,"",3024,8.01,176.0,83,false,"",Brooks Ghost 14,activities/11705001927.fit.gz,,,3024.0,2678.0,8010.6,10.076,2.991,20.0,18.0,177.2,184.0,21.5,0.0,,,87.0,78.0,,158.0,,340.0,619.0,,,83.0,901611.0,,,,,,,,332.0,2966.0,,,0.0,,1.0,8089.3,,,,,,,,,,,,,,,,15683006.0,,,,,,,,,,0.0,2.649,0.0,,,,6938.0,,,,,,,,,,,,,,,,,""
10932380383,"Mar 10, 2024, 5:36:45 PM",Lunch Swim,Swim,"some guy two lanes down from me seems to be trying to race me from time to time so I MADE SURE I didn't lose, which result from the pr for 6 different distances. 
Afterwards I went hooping at my gym upstairs because I felt that my shooting has been lacking lately. After shooting around for like 20 minutes and about to head home, some guy asked me to be the fifth person on their league basketball team. That game ended up to be the first round of playoff and we have NO SUBS. 
I managed to hit a contested stepback 3 in the first half and 6 more points in the 2nd half. We got mercy-ruled but at least game was close for 75% of the time. I personally think we should've used zone instead of man considering we didn't have subs and not everyone on the team has the stamina to chase people around. ",3637,"2,025",159.0,46,false,"",,activities/11689465934.fit.gz,,,3637.0,3566.0,2025.0,1.316,0.568,0.0,0.0,0.0,0.0,0.0,0.0,,,,22.0,,129.0,,,531.0,,,46.0,,,,,,,,,,,,,0.0,,1.0,,,,,,,,,,,,,,,,,,,,,,,,,,,0.0,0.557,0.0,,,,,,,,,,,,,,,,,,,,,""
10926299517,"Mar 9, 2024, 9:59:53 PM",Afternoon Tennis,Workout,,4434,1.79,172.0,6,false,,,activities/11683049424.fit.gz,,,4434.0,2079.0,1798.4,2.464,0.865,0.0,0.0,178.6,180.2,1.0,-0.1,,,123.0,61.0,,107.0,,,380.0,,,6.0,,,,,,,,,,,,,0.0,,1.0,,,,,,,,,,,,,,,,,,,,,,,,,,,0.0,0.406,0.0,,,,,,,,,,,,,,,,,,,,,""
10899815222,"Mar 6, 2024, 12:28:47 AM",Evening Run,Run,"",3076,8.05,170.0,62,false,,Brooks Ghost 14,activities/11655358941.fit.gz,,,3076.0,2849.0,8051.5,4.364,2.826,30.0,30.0,177.2,184.6,22.2,0.0,,,86.0,79.0,,149.0,,340.0,628.0,,,62.0,934060.0,,,,,,,,334.0,3019.0,,,0.0,,1.0,8192.9,,,,,,,,,,,,,,,,15683006.0,,,,,,,,,,0.0,2.618,0.0,,,,7302.0,,,,,,,,,,,,,,,,,""
10885276370,"Mar 3, 2024, 11:30:55 PM",Afternoon Tennis,Workout,Came down to the wire against [strava://athletes/18720631/15]Harrison Powell with the dub ,2405,1.44,168.0,8,false,,,activities/11635221888.fit.gz,,,2405.0,1852.0,1443.7,2.274,0.78,0.0,0.0,178.9,179.0,1.3,0.0,,,123.0,56.0,,122.0,,,337.0,,,8.0,,,,,,,,,,,0.0,,0.0,,1.0,,,,,,,,,,,,,,,,,,,,,,,,,,,0.0,0.6,0.0,,,,,,,,,,,,,,,,,,,,,""
10884661190,"Mar 2, 2024, 7:14:40 PM",Afternoon Swim,Swim,,4239,"2,000",194.0,65,false,,,activities/11634426731.fit.gz,,,4239.0,3572.0,2000.0,1.786,0.56,0.0,0.0,0.0,0.0,0.0,0.0,,,,22.0,,136.0,,,585.0,,,65.0,,,,,,,,,,,,,0.0,,1.0,,,,,,,,,,,,,,,,,,,,,,,,,,,0.0,0.472,0.0,,,,,,,,,,,,,,,,,,,,,""
10829093278,"Feb 24, 2024, 5:46:12 PM",Lunch Swim,Swim,,3949,"2,050",162.0,47,false,,,activities/11576358887.fit.gz,,,3949.0,3929.0,2050.0,1.564,0.522,0.0,0.0,0.0,0.0,0.0,0.0,,,,21.0,,128.0,,,568.0,,,47.0,,,,,,,,,,,,,0.0,,1.0,,,,,,,,,,,,,,,,,,,,,,,,,,,0.0,0.519,0.0,,,,,,,,,,,,,,,,,,,,,""
10804578305,"Feb 21, 2024, 12:30:06 AM",Evening Run,Run,"",2197,4.79,159.0,19,false,,Brooks Ghost 14,activities/11551131372.fit.gz,,,2197.0,1907.0,4797.6,3.734,2.516,14.0,11.0,181.0,187.4,16.5,0.0,,,84.0,78.0,,138.0,,285.0,398.0,,,19.0,542761.0,,,,,,,,280.0,2198.0,,,0.0,,1.0,4848.6,,,,,,,,,,,,,,,,15683006.0,,,,,,,,,,0.0,2.184,0.0,,,,4936.0,,,,,,,,,,,,,,,,,""
10797409510,"Feb 19, 2024, 11:54:27 PM",Afternoon Run,Run,"Why did I go bonkers starting mile 5? Well this asian dude ran past me as I walked a little and I thought this pace looks easy enough to keep up. The longer I ran with his pace, Im thinking ""hmm maybe I can pass him soon"". Turns out I can't because he is running about the pace I felt uncomfortable exceeding. Even if I do, I would kill myself solely from shame just to get past by him shortly after",3648,11.54,177.0,64,false,"",Brooks Ghost 14,activities/11543768666.fit.gz,,,3648.0,3645.0,11547.2,4.584,3.168,20.0,16.0,175.4,183.6,21.1,0.0,,,83.0,77.0,,143.0,,376.0,800.0,,,64.0,1341128.0,,,,,7.0,,,377.0,3650.0,,116.0,0.0,,1.0,11608.9,,,,,,,,,,,,,,,,15683006.0,,,,,,,,,,0.0,3.165,0.0,,,,9222.0,,,,,,,,,,,,,,,,,""
10789866847,"Feb 18, 2024, 7:05:17 PM",Afternoon Swim,Swim,,3634,"2,025",199.0,43,false,,,activities/11535988402.fit.gz,,,3634.0,3624.0,2025.0,1.668,0.559,0.0,0.0,0.0,0.0,0.0,0.0,,,,20.0,,129.0,,,533.0,,,43.0,,,,,,,,,,,,,0.0,,1.0,,,,,,,,,,,,,,,,,,,,,,,,,,,0.0,0.557,0.0,,,,,,,,,,,,,,,,,,,,,""
10783650473,"Feb 17, 2024, 11:51:31 PM",Afternoon Swim,Swim,,4243,"2,025",172.0,42,false,,,activities/11529495379.fit.gz,,,4243.0,4075.0,2025.0,6.0,0.497,0.0,0.0,0.0,0.0,0.0,0.0,,,,21.0,,126.0,,,569.0,,,42.0,,,,,,,,,,,,,0.0,,1.0,,,,,,,,,,,,,,,,,,,,,,,,,,,0.0,0.477,0.0,,,,,,,,,,,,,,,,,,,,,""
10757557350,"Feb 14, 2024, 12:27:56 AM",Evening Run,Run,"",2801,5.86,160.0,33,false,,Brooks Ghost 14,activities/11502613282.fit.gz,,,2801.0,2219.0,5865.4,7.846,2.643,11.0,22.0,180.8,199.8,17.3,-0.2,,,82.0,79.0,,144.0,,305.0,454.0,,,33.0,660233.0,,,,,,,,295.0,2435.0,,,0.0,,1.0,5870.7,,,,,,,,,,,,,,,,15683006.0,,,,,,,,,,0.0,2.094,0.0,,,,5770.0,,,,,,,,,,,,,,,,,""
10684691439,"Feb 3, 2024, 5:03:09 AM",Night Run,Run,"",2582,8.19,184.0,110,false,,Brooks Ghost 14,activities/11427362598.fit.gz,,,2582.0,2582.0,8191.6,3.712,3.173,0.0,0.0,0.0,0.0,0.0,0.0,,,82.0,78.0,,164.0,,358.0,631.0,,,110.0,925467.0,,,,,,,,368.0,2582.0,,,0.0,,1.0,8196.6,,,,,,,,,,,,,,,,15683006.0,,,,,,,,,,0.0,3.173,0.0,,,,6634.0,,,,,,,,,,,,,,,,,""
10657926695,"Jan 28, 2024, 5:39:17 PM",Slopes - A day skiing at Brighton Resort,Alpine Ski,,23960,38.75,,,false,,,activities/11399896960.fit.gz,,,23960.0,12607.0,38756.1,14.573,3.074,3483.8,3658.0,2668.4,3106.6,49.8,-0.2,,,,,,,,,,,,,,13,,,,,,,,,,,0.0,,1.0,,,,,,,,,,,,,,,,,,,,,,,,,,,0.0,1.618,3066.8,,,,,,,,,,,,,,,,,,,,,""
10660842121,"Jan 27, 2024, 5:54:08 PM",Morning Alpine Ski,Alpine Ski,Almost break my right knee again after 9 years but kelvin's kneepad came in clutch also why is the snowbird center so hard to find ,20936,26.39,163.0,31,false,"",,activities/11402908906.fit.gz,,,20936.0,9642.0,26391.9,14.03,2.737,2373.7,3232.0,2403.7,3352.8,50.0,-3.3,,,,,,105.0,,,1554.0,,,31.0,,9,,,,,,,,,,,0.0,,1.0,,,,,,,,,,,,,,,,,,,,,,,,,,,0.0,1.261,8925.9,,,,,,,,,,,,,,,,,,,,,""
10636069151,"Jan 26, 2024, 4:56:28 PM",Morning Alpine Ski,Alpine Ski,,23279,17.78,169.0,23,false,,,activities/11377090888.fit.gz,,,23279.0,7256.0,17784.7,10.122,2.451,1127.8,1818.0,2667.9,3193.8,50.0,-1.1,,,,,,104.0,,,1256.0,,,23.0,,8,,,,,,,,,,,0.0,,1.0,,1706284800.0,3.0,-8.7,-14.0,-10.8,0.85,1031.3,3.0,5.2,315.0,0.0,1706280064.0,1706315776.0,0.625,,,0.0,1.0,0.8,12987.0,0.0,,,,,0.0,0.764,2792.7,,,,,,,,,,,,,,,,,,,,,""
10552224556,"Jan 13, 2024, 5:54:45 PM",Lunch Run,Run,"Toes, gone. Shoes, wet. Balls, chilled. Lunch, waiting. ",3790,11.60,188.0,197,false,"",Brooks Ghost 14,activities/11290598613.fit.gz,,,3790.0,3783.0,11600.3,4.682,3.066,43.0,40.0,167.6,178.6,20.1,0.0,,,87.0,78.0,,172.0,,373.0,932.0,,,197.0,1364270.0,,,,,8.0,,,377.0,3801.0,0.0,162.0,0.0,,1.0,11810.6,1705165184.0,8.0,-3.7,-11.3,-7.1,0.77,1004.2,8.3,13.5,288.0,0.0,1705151872.0,1705185664.0,0.125,,15683006.0,0.86,6.0,0.95,19661.0,1.0,,,,,0.0,3.061,0.0,,,,9486.0,,,,,,,,,,,,,,,,,""
10441611533,"Dec 26, 2023, 6:52:48 PM",Morning Walk,Walk,"",9585,9.38,138.0,20,false,,Brooks Ghost 14,activities/11174981920.fit.gz,,,9585.0,7768.0,9383.0,2.149,1.208,243.0,287.0,-0.2,104.0,47.9,-0.5,,,115.0,52.0,,102.0,,,788.0,,,20.0,,,,,,,,,,,0.0,,0.0,,1.0,,,,,,,,,,,,,,,,,15683006.0,,,,,,,,,,0.0,0.979,4384.1,,,,13124.0,,,,,,,,,,,,,,,,,""
10436687201,"Dec 26, 2023, 12:22:25 AM",Afternoon Walk,Walk,,4136,4.20,102.0,5,false,,Saucony Endorphin Speed 2,activities/11169865981.fit.gz,,,4136.0,3001.0,4201.2,6.122,1.4,3.0,11.0,-3.2,9.0,5.2,-0.2,,,78.0,54.0,,87.0,,,292.0,,,5.0,,,,,,,,,,,,,0.0,,1.0,,,,,,,,,,,,,,,,,11286138.0,,,,,,,,,,0.0,1.016,56.5,,,,5258.0,,,,,,,,,,,,,,,,,""
10371721086,"Dec 13, 2023, 12:17:49 AM",Evening Run,Run,"",2917,8.94,179.0,90,false,"",Brooks Ghost 14,activities/11102485916.fit.gz,,,2917.0,2912.0,8941.5,8.736,3.071,18.0,16.0,175.0,182.0,40.8,0.0,,,83.0,78.0,,158.0,,363.0,665.0,,,90.0,1037385.0,,,,,6.0,,,370.0,2919.0,,76.0,0.0,,1.0,8997.7,,,,,,,,,,,,,,,,15683006.0,,,,,,,,,,0.0,3.065,0.0,,,,7506.0,,,,,,,,,,,,,,,,,""
10360436894,"Dec 10, 2023, 7:14:21 PM",Afternoon Row,Rowing,,527,0,156.0,7,false,,,activities/11090741794.fit.gz,,,527.0,527.0,0.0,0.0,0.0,0.0,0.0,0.0,0.0,0.0,0.0,,,50.0,46.0,,141.0,,,108.0,,,7.0,,,,,,,,,,,,,0.0,,1.0,,,,,,,,,,,,,,,,,,,,,,,,,,,0.0,0.0,0.0,,,,,,,,,,,,,,,,,,,,,""
10360436476,"Dec 10, 2023, 7:02:37 PM",Afternoon Weight Training,Weight Training,,275,0,144.0,1,false,,,activities/11090741435.fit.gz,,,275.0,275.0,0.0,0.0,0.0,0.0,0.0,0.0,0.0,0.0,0.0,,,,,,122.0,,,42.0,,,1.0,,,,,,,,,,,,,0.0,,1.0,,,,,,,,,,,,,,,,,,,,,,,,,,,0.0,0.0,0.0,,,,,,,,,,,,,,,,,,,,,""
10335565476,"Dec 6, 2023, 12:31:38 AM",Evening Run,Run,"",2714,8.35,184.0,69,false,,Brooks Ghost 14,activities/11064789873.fit.gz,,,2714.0,2534.0,8356.0,5.972,3.298,19.0,24.0,178.6,190.4,23.6,-0.1,,,123.0,78.0,,155.0,,369.0,610.0,,,69.0,939317.0,,,,,,,,368.0,2715.0,0.0,,0.0,,1.0,8426.8,,,,,,,,,,,,,,,,15683006.0,,,,,,,,,,0.0,3.079,0.0,,,,6604.0,,,,,,,,,,,,,,,,,""
10309522413,"Nov 10, 2023, 11:36:33 AM",Afternoon Run,Run,,2335,6.16,,,false,,Saucony Endorphin Speed 2,activities/10309522413.fit,,,2335.0,2184.0,6167.2,5.043,2.824,63.0,59.3,82.3,115.6,18.7,0.1,,,,,,,,,,,,,,,,,,,,,,,,,0.0,,1.0,6286.9,,,,,,,,,,,,,,,,11286138.0,,,,,,,,,,0.0,2.641,2855.0,,,,,,,,,,,,,,,,,,,,,""
7834149361,"Sep 19, 2022, 4:38:52 PM",Afternoon Walk,Walk,,1991,1.78,131.0,3,false,,Saucony Endorphin Speed 2,activities/8370412544.tcx.gz,,,1991.0,1364.0,1782.1,1.688,1.306,2.0,3.9,10.4,12.7,5.6,-0.1,,,,,,98.0,,,190.0,,,3.0,,,,,,,,,,,,,0.0,,1.0,,,,,,,,,,,,,,,,,11286138.0,,,,,,,,,,0.0,0.895,50.1,,,,,,,,,,,,,,,,,,,,,""
7819089954,"Sep 16, 2022, 8:23:39 PM",Afternoon Run,Run,,1858,5.18,166.0,35,false,,Saucony Endorphin Speed 2,activities/8353338658.tcx.gz,,,1858.0,1678.0,5181.4,3.522,3.088,19.9,19.8,10.1,24.9,35.7,0.0,,,,,,150.0,,,386.0,,,35.0,,,,,,,,,,,,,0.0,,1.0,5207.3,,,,,,,,,,,,,,,,11286138.0,,,,,,,,,,0.0,2.789,1329.7,,,,,,,,,,,,,,,,,,,,,""
7818838048,"Sep 16, 2022, 5:16:10 PM",Afternoon Walk,Walk,,7515,4.02,138.0,6,false,,Saucony Endorphin Speed 2,activities/8353049260.tcx.gz,,,7515.0,3146.0,4026.6,2.334,1.28,25.4,41.1,22.6,45.3,43.5,-0.4,,,,,,88.0,,,520.0,,,6.0,,,,,,,,,,,,,0.0,,1.0,,,,,,,,,,,,,,,,,11286138.0,,,,,,,,,,0.0,0.536,93.5,,,,,,,,,,,,,,,,,,,,,""
7809945740,"Sep 15, 2022, 12:07:37 AM",Evening Run,Run,,1695,4.96,175.0,49,false,,Saucony Endorphin Speed 2,activities/8343073298.tcx.gz,,,1695.0,1391.0,4962.8,4.616,3.568,0.0,0.0,179.0,179.4,1.9,0.0,,,,,,161.0,,,370.0,,,49.0,,,,,,,,,,,,,0.0,,1.0,4963.7,,,,,,,,,,,,,,,,11286138.0,,,,,,,,,,0.0,2.928,0.0,,,,,,,,,,,,,,,,,,,,,""
7804497804,"Sep 13, 2022, 11:28:13 PM",Evening Run,Run,,2183,4.07,162.0,20,false,,Saucony Endorphin Speed 2,activities/8336963873.tcx.gz,,,2183.0,1415.0,4077.5,3.734,2.882,6.1,7.6,177.4,182.7,20.1,0.0,,,,,,141.0,,,286.0,,,20.0,,,,,,,,,,,,,0.0,,1.0,4096.9,,,,,,,,,,,,,,,,11286138.0,,,,,,,,,,0.0,1.868,0.0,,,,,,,,,,,,,,,,,,,,,""
7785500716,"Sep 10, 2022, 11:13:44 AM",Morning Run,Run,,13174,32.21,186.0,379,false,,Saucony Endorphin Speed 2,activities/8315529605.tcx.gz,,,13174.0,11280.0,32211.9,3.62,2.856,32.1,35.7,176.3,184.9,20.6,0.0,,,,,,159.0,,,2865.0,,,379.0,,,,,,,,,,,,,0.0,,1.0,32280.6,,,,,,,,,,,,,,,,11286138.0,,,,,,,,,,0.0,2.445,12569.5,,,,,,,,,,,,,,,,,,,,,""
7772577502,"Sep 7, 2022, 11:37:33 PM",Evening Run,Run,,4153,11.26,189.0,138,false,,Saucony Endorphin Speed 2,activities/8300933403.tcx.gz,,,4153.0,3268.0,11265.8,4.218,3.447,12.4,14.2,177.7,183.1,21.3,0.0,,,,,,166.0,,,795.0,,,138.0,,,,,,,,,,,,,0.0,,1.0,11293.0,,,,,,,,,,,,,,,,11286138.0,,,,,,,,,,0.0,2.713,1466.8,,,,,,,,,,,,,,,,,,,,,""
7749198607,"Sep 3, 2022, 12:18:21 PM",Lunch Walk,Walk,,11452,9.08,128.0,24,false,,Saucony Endorphin Speed 2,activities/8274498205.tcx.gz,,,11452.0,9454.0,9082.7,1.676,0.961,329.8,331.5,148.1,419.5,41.7,0.0,,,,,,101.0,,,1126.0,,,24.0,,,,,,,,,,,,,0.0,,1.0,,,,,,,,,,,,,,,,,11286138.0,,,,,,,,,,0.0,0.793,7340.9,,,,,,,,,,,,,,,,,,,,,""
7734233243,"Sep 1, 2022, 12:12:06 AM",Evening Run,Run,,2648,8.11,188.0,74,false,,Saucony Endorphin Speed 2,activities/8257537479.tcx.gz,,,2648.0,2350.0,8115.3,4.598,3.453,11.2,7.0,177.7,183.1,11.8,0.1,,,,,,159.0,,,568.0,,,74.0,,,,,,,,,,,,,0.0,,1.0,8133.6,,,,,,,,,,,,,,,,11286138.0,,,,,,,,,,0.0,3.065,0.0,,,,,,,,,,,,,,,,,,,,,""
7728497596,"Aug 30, 2022, 11:20:52 PM",Evening Run,Run,,3680,8.46,166.0,60,false,,Saucony Endorphin Speed 2,activities/8251142070.tcx.gz,,,3680.0,2794.0,8466.5,3.84,3.03,15.0,13.9,177.4,183.4,19.0,0.0,,,,,,149.0,,,618.0,,,60.0,,,,,,,,,,,,,0.0,,1.0,8504.7,,,,,,,,,,,,,,,,11286138.0,,,,,,,,,,0.0,2.301,0.0,,,,,,,,,,,,,,,,,,,,,""
7709291413,"Aug 27, 2022, 11:17:24 AM",Morning Run,Run,,13450,33.53,182.0,344,false,,Saucony Endorphin Speed 2,activities/8229461941.tcx.gz,,,13450.0,11569.0,33537.6,5.96,2.899,30.4,32.3,176.3,184.8,50.0,0.0,,,,,,156.0,,,2804.0,,,344.0,,,,,,,,,,,,,0.0,,1.0,33602.7,,,,,,,,,,,,,,,,11286138.0,,,,,,,,,,0.0,2.493,13318.6,,,,,,,,,,,,,,,,,,,,,""
7695507046,"Aug 25, 2022, 12:10:00 AM",Evening Run,Run,,3430,10.31,186.0,148,false,,Saucony Endorphin Speed 2,activities/8213765898.tcx.gz,,,3430.0,3189.0,10317.0,4.276,3.235,24.3,24.3,176.3,183.9,31.3,0.0,,,,,,168.0,,,823.0,,,148.0,,,,,,,,,,,,,0.0,,1.0,10362.4,,,,,,,,,,,,,,,,11286138.0,,,,,,,,,,0.0,3.008,3845.8,,,,,,,,,,,,,,,,,,,,,""
7689553596,"Aug 23, 2022, 11:41:00 PM",Evening Run,Run,,2290,6.99,174.0,70,false,,Saucony Endorphin Speed 2,activities/8207115344.tcx.gz,,,2290.0,2256.0,6996.9,3.588,3.101,14.6,12.8,177.4,183.5,18.2,0.0,,,,,,159.0,,,518.0,,,70.0,,,,,,,,,,,,,0.0,,1.0,7036.8,,,,,,,,,,,,,,,,11286138.0,,,,,,,,,,0.0,3.055,0.0,,,,,,,,,,,,,,,,,,,,,""
7689374719,"Aug 23, 2022, 11:26:19 PM",Evening Run,Run,,391,1.11,167.0,6,false,,Saucony Endorphin Speed 2,activities/8206920270.tcx.gz,,,391.0,325.0,1117.3,6.112,3.438,0.0,0.4,180.4,182.6,3.1,0.0,,,,,,147.0,,,64.0,,,6.0,,,,,,,,,,,,,0.0,,1.0,1119.3,,,,,,,,,,,,,,,,11286138.0,,,,,,,,,,0.0,2.858,0.0,,,,,,,,,,,,,,,,,,,,,""
7669997606,"Aug 20, 2022, 11:38:32 AM",Morning Run,Run,,10594,26.60,172.0,146,false,,Saucony Endorphin Speed 2,activities/8185040908.tcx.gz,,,10594.0,9860.0,26607.2,4.774,2.698,26.2,27.1,176.3,184.0,21.1,0.0,,,,,,143.0,,,2134.0,,,146.0,,,,,,,,,,,,,0.0,,1.0,26673.1,,,,,,,,,,,,,,,,11286138.0,,,,,,,,,,0.0,2.512,7610.6,,,,,,,,,,,,,,,,,,,,,""
7656409939,"Aug 17, 2022, 11:21:10 PM",Evening Run,Run,,4740,8.90,180.0,82,false,,Saucony Endorphin Speed 2,activities/8169782791.tcx.gz,,,4740.0,2603.0,8906.0,5.038,3.421,3.1,7.1,176.3,183.1,10.3,0.0,,,,,,155.0,,,660.0,,,82.0,,,,,,,,,,,,,0.0,,1.0,8908.4,,,,,,,,,,,,,,,,11286138.0,,,,,,,,,,0.0,1.879,961.5,,,,,,,,,,,,,,,,,,,,,""
7650760005,"Aug 16, 2022, 11:24:06 PM",Evening Run,Run,,3461,8.38,,,false,,Saucony Endorphin Speed 2,activities/8163510194.gpx.gz,,,3461.0,2693.0,8385.7,5.163,3.114,15.1,13.8,177.4,183.6,24.5,0.0,,,,,,,,,,,,,,,,,,,,,,,,,0.0,,1.0,8428.8,,,,,,,,,,,,,,,,11286138.0,,,,,,,,,,0.0,2.423,0.0,,,,,,,,,,,,,,,,,,,,,""
7631055392,"Aug 13, 2022, 11:40:46 AM",Morning Run,Run,,6374,16.04,,,false,,Saucony Endorphin Speed 2,activities/8141498417.gpx.gz,,,6374.0,5891.0,16041.3,3.967,2.723,12.4,12.8,176.3,181.7,4.3,0.0,,,,,,,,,,,,,,,,,,,,,,,,,0.0,,1.0,16063.1,,,,,,,,,,,,,,,,11286138.0,,,,,,,,,,0.0,2.517,6881.0,,,,,,,,,,,,,,,,,,,,,""
7617969301,"Aug 10, 2022, 11:52:56 PM",Evening Run,Run,,7218,14.80,,,false,,,activities/8126947739.gpx.gz,,,7218.0,4724.0,14802.1,5.521,3.133,3.0,1.5,176.3,179.4,6.1,0.0,,,,,,,,,,,,,,,,,,,,,,,,,0.0,,1.0,14814.8,,,,,,,,,,,,,,,,,,,,,,,,,,0.0,2.051,42.1,,,,,,,,,,,,,,,,,,,,,""
